{"type": "Feature", "properties": {"ID_0": 105, "ISO": "IND", "NAME_0": "India", "ID_1": 3, "NAME_1": "Arunachal Pradesh", "NL_NAME_1": null, "VARNAME_1": "Agence de la Frontire du Nord-Est(French-obsolete)|North East Frontier Agency", "TYPE_1": "State", "ENGTYPE_1": "State"}, "geometry": {"type": "Polygon", "coordinates": [[[96.1577758789063, 29.383100509643555], [96.16380310058594, 29.37668037414562], [96.17524719238281, 29.364530563354606], [96.18032073974615, 29.355501174927042], [96.18578338623064, 29.344480514526424], [96.185111999512, 29.33909988403326], [96.18308258056658, 29.309251785278377], [96.18840026855463, 29.30463027954113], [96.19719696044939, 29.29810333251953], [96.20323944091825, 29.293619155883846], [96.20754241943365, 29.281770706176758], [96.21005249023443, 29.274860382080192], [96.22619628906267, 29.25980949401867], [96.2341690063476, 29.24345970153803], [96.24356842041033, 29.235122680664006], [96.2508392333985, 29.233238220214844], [96.26571655273443, 29.23655128479021], [96.26613616943365, 29.236520767211914], [96.28279876709013, 29.235330581665153], [96.29299926757818, 29.235788345337085], [96.29347229003935, 29.236349105835075], [96.31260681152361, 29.25909996032709], [96.32015991210966, 29.26165008544922], [96.34533691406278, 29.26735115051281], [96.35074615478533, 29.271890640259016], [96.35838317871111, 29.28154182434082], [96.36315155029314, 29.285631179809798], [96.36902618408197, 29.286300659179688], [96.37497711181658, 29.28372955322277], [96.37548828125028, 29.283197402954215], [96.37576293945312, 29.282917022705078], [96.38208770751959, 29.276380538940657], [96.38754272460938, 29.263820648193303], [96.39280700683605, 29.256500244140625], [96.39176940917986, 29.24617195129406], [96.38867187499994, 29.236652374267805], [96.387710571289, 29.233711242675838], [96.3802108764649, 29.22657966613764], [96.3713684082033, 29.218030929565487], [96.36935424804699, 29.21379852294922], [96.36633300781278, 29.207460403442496], [96.36302947998053, 29.198400497436637], [96.35849761962919, 29.181629180908203], [96.34635925292986, 29.171030044555778], [96.33255767822294, 29.16953086853033], [96.31004333496122, 29.168500900268498], [96.30764007568376, 29.168390274048136], [96.30641174316418, 29.167940139770735], [96.29058074951183, 29.162147521972713], [96.27246093750011, 29.160680770873967], [96.26670074462896, 29.161090850830135], [96.26020050048834, 29.160160064697493], [96.25551605224638, 29.154170989990234], [96.24890136718767, 29.150171279907283], [96.2387771606447, 29.148487091064453], [96.23808288574224, 29.148370742797965], [96.22776031494146, 29.146379470825423], [96.21749877929693, 29.138099670410156], [96.21508789062528, 29.133251190185604], [96.20868682861334, 29.12071037292486], [96.20503234863298, 29.11444091796875], [96.20033264160162, 29.10593032836914], [96.18562316894537, 29.09461975097662], [96.17980957031244, 29.092100143432674], [96.16950225830107, 29.08763122558605], [96.16316986083996, 29.08673858642578], [96.15554046630871, 29.0856609344483], [96.1242065429688, 29.080669403076286], [96.11450195312506, 29.077602386474666], [96.13671112060541, 29.064470291137695], [96.15039062500011, 29.053140640258846], [96.16084289550787, 29.036510467529297], [96.16520690917974, 29.020109176635685], [96.16883087158209, 29.01288032531761], [96.17561340332026, 29.0034694671632], [96.18022918701189, 28.999410629272518], [96.18485260009771, 28.98811912536638], [96.18454742431669, 28.977779388427734], [96.18044281005876, 28.968540191650504], [96.16220092773443, 28.959680557251033], [96.15516662597685, 28.955602645874137], [96.15406036376947, 28.94651031494152], [96.15033721923834, 28.943130493164062], [96.14524841308622, 28.937488555908203], [96.1553421020509, 28.928329467773665], [96.16297912597668, 28.92206001281744], [96.16557312011719, 28.914039611816463], [96.1665267944336, 28.905929565429688], [96.17472839355469, 28.904260635375977], [96.1859970092774, 28.912010192871037], [96.20465087890642, 28.919160842895508], [96.21546936035185, 28.923299789428768], [96.22814941406256, 28.92933082580589], [96.24829864501953, 28.942840576171932], [96.25565338134771, 28.95925140380865], [96.26065063476591, 28.9651393890382], [96.26819610595709, 28.97129058837902], [96.28186798095703, 28.983690261841048], [96.28659057617216, 28.99201965332037], [96.293701171875, 28.998729705810547], [96.301078796387, 29.002241134643555], [96.30912780761713, 29.005590438842887], [96.3141174316408, 29.00847816467308], [96.32153320312494, 29.012769699096907], [96.33728790283209, 29.02452087402355], [96.34139251709001, 29.02790069580101], [96.34670257568354, 29.032268524169865], [96.35740661621094, 29.034240722656364], [96.3687362670899, 29.034950256347884], [96.38896179199224, 29.034141540527344], [96.40441131591803, 29.035360336303825], [96.42086791992216, 29.037000656128157], [96.435791015625, 29.037588119506893], [96.43855285644537, 29.038520812988452], [96.44979858398443, 29.042310714721737], [96.4500122070313, 29.04239273071289], [96.4588928222658, 29.045829772949446], [96.46492767334013, 29.05226707458519], [96.46658325195318, 29.054027557373047], [96.46943664550787, 29.055677413940487], [96.47715759277372, 29.060140609741325], [96.4798583984375, 29.061203002929688], [96.4916305541995, 29.06583976745617], [96.50031280517578, 29.070901870727653], [96.50815582275396, 29.073778152465934], [96.51862335205078, 29.078451156616325], [96.525199890137, 29.07928085327154], [96.51169586181635, 29.052610397338924], [96.50540924072266, 29.04189109802246], [96.49883270263678, 29.031330108642578], [96.4928131103515, 29.02033042907715], [96.488578796387, 29.010480880737532], [96.48425292968767, 29.005342483520508], [96.47740173339861, 28.99403953552246], [96.48116302490263, 28.982309341430664], [96.48138427734375, 28.98161315917997], [96.48153686523466, 28.981138229370174], [96.48432922363287, 28.97284126281744], [96.48752593994158, 28.96533966064476], [96.49324798584001, 28.962320327759016], [96.49366760253912, 28.962396621704386], [96.50076293945324, 28.96368980407715], [96.51335906982433, 28.97031974792492], [96.51882934570318, 28.970989227295036], [96.52121734619169, 28.965209960937784], [96.52263641357428, 28.955480575561523], [96.52366638183622, 28.948009490966797], [96.53029632568365, 28.936969757080078], [96.53547668457043, 28.93000030517578], [96.5379257202149, 28.923198699951172], [96.53872680664074, 28.920982360839787], [96.53687286376947, 28.909660339355526], [96.53607940673857, 28.897171020507812], [96.5374526977539, 28.88412094116228], [96.54225921630876, 28.879209518432788], [96.54686737060553, 28.874500274658317], [96.55265045166027, 28.864089965820426], [96.55319976806646, 28.863100051879883], [96.55381774902372, 28.862424850464038], [96.55976867675781, 28.855930328369197], [96.56285858154314, 28.84799003601097], [96.56697845459013, 28.841920852661303], [96.57585906982428, 28.830490112304915], [96.58425903320318, 28.82151985168457], [96.59514617919928, 28.81520080566412], [96.60383605957031, 28.80442047119169], [96.60838317871122, 28.798070907592887], [96.61123657226591, 28.790040969848803], [96.61599731445341, 28.77857971191412], [96.61551666259766, 28.764820098877067], [96.61361694335943, 28.75979804992687], [96.6094360351563, 28.753381729125977], [96.59815979003906, 28.738019943237248], [96.58593750000017, 28.721588134765682], [96.57232666015653, 28.714710235595703], [96.56001281738281, 28.71186256408697], [96.53222656250006, 28.711498260498047], [96.52720642089844, 28.7102184295656], [96.52236938476557, 28.708980560302678], [96.50802612304716, 28.701120376586914], [96.49841308593756, 28.69256973266596], [96.49057006835955, 28.688497543335018], [96.48432159423834, 28.68829917907715], [96.47274017334013, 28.688209533691463], [96.47054290771501, 28.684551239013786], [96.47425079345714, 28.680313110351562], [96.47499084472662, 28.67947006225586], [96.47840118408209, 28.672878265380973], [96.48393249511724, 28.665260314941406], [96.48681640625006, 28.65876960754389], [96.49114990234392, 28.650722503662337], [96.49159240722662, 28.64994812011713], [96.49516296386719, 28.64376068115257], [96.49405670166021, 28.638191223144588], [96.48423004150385, 28.631540298462085], [96.47289276123053, 28.622472763061523], [96.45825958251982, 28.613870620727596], [96.4444427490235, 28.605989456176758], [96.43936920166044, 28.600811004638956], [96.43502807617188, 28.596990585327205], [96.42807006835943, 28.587141036987248], [96.42250061035162, 28.585029602050838], [96.41507720947271, 28.5884304046632], [96.40735626220697, 28.594432830810604], [96.40091705322283, 28.59431076049816], [96.39994049072266, 28.590440750122184], [96.40615081787115, 28.577890396118107], [96.4067001342774, 28.571500778198185], [96.40660858154297, 28.56404113769537], [96.40077209472662, 28.562370300293082], [96.39421844482422, 28.56269836425804], [96.38636779785185, 28.563659667968807], [96.37079620361345, 28.56415176391613], [96.36797332763678, 28.563531875610465], [96.35460662841803, 28.56059074401867], [96.34324645996122, 28.55105972290039], [96.33481597900396, 28.538530349731502], [96.32567596435558, 28.534009933471737], [96.3243026733399, 28.53034019470215], [96.3311386108399, 28.526599884033317], [96.33220672607416, 28.526073455810547], [96.34210205078153, 28.52120018005388], [96.35299682617182, 28.514900207519474], [96.36091613769537, 28.509729385376033], [96.36660766601562, 28.504728317261026], [96.37171173095703, 28.49677085876465], [96.37296295166021, 28.487039566040096], [96.36965942382812, 28.482906341552848], [96.36695861816423, 28.479530334472884], [96.3413696289062, 28.470020294189453], [96.33506011962919, 28.462779998779297], [96.3238601684572, 28.45504951477062], [96.30963897705084, 28.445699691772518], [96.29712677001953, 28.439140319824332], [96.28476715087908, 28.43077087402372], [96.27448272705078, 28.424011230468807], [96.26596069335943, 28.41704940795904], [96.26377105712908, 28.413379669189453], [96.26740264892595, 28.41020965576172], [96.27291107177734, 28.40944862365734], [96.27699279785162, 28.408880233764705], [96.28782653808611, 28.40870857238764], [96.29926300048845, 28.406650543213004], [96.30464172363287, 28.404720306396598], [96.30809783935553, 28.4003524780274], [96.31030273437517, 28.397569656372298], [96.31532287597662, 28.388420104980582], [96.31987762451172, 28.386159896850756], [96.33051300048828, 28.38777923584007], [96.36184692382818, 28.39375114440918], [96.37094116210938, 28.394300460815543], [96.37484741210943, 28.38726997375511], [96.38001251220709, 28.364091873168945], [96.39215087890642, 28.362649917602766], [96.39940643310564, 28.344499588012695], [96.41271209716797, 28.346731185913313], [96.4228591918947, 28.35097122192377], [96.42698669433622, 28.36343002319336], [96.428726196289, 28.372510910034293], [96.429931640625, 28.38105010986328], [96.43051910400396, 28.38609123230009], [96.43199920654314, 28.39173126220703], [96.4391479492188, 28.401029586791992], [96.44698333740246, 28.407171249389705], [96.45382690429693, 28.415649414062557], [96.45826721191435, 28.419221878051758], [96.46972656249994, 28.422809600830135], [96.47998809814482, 28.424610137939453], [96.49672698974615, 28.423559188842773], [96.5062866210938, 28.420061111450423], [96.51026153564459, 28.41830825805664], [96.52014160156267, 28.423339843750114], [96.53385925292986, 28.434640884399528], [96.55113220214872, 28.442222595214957], [96.55953216552763, 28.45302963256836], [96.57958984374994, 28.463092803955192], [96.59866333007807, 28.466230392456055], [96.62142181396501, 28.464401245117188], [96.63918304443365, 28.464130401611328], [96.66008758544916, 28.466350555420036], [96.66456604003912, 28.46577072143583], [96.67539978027361, 28.456760406494197], [96.68144989013666, 28.451202392578068], [96.68734741210966, 28.44828033447277], [96.70619964599638, 28.437469482421818], [96.71687316894543, 28.432949066162223], [96.73398590087896, 28.430789947509993], [96.73996734619169, 28.42723274230957], [96.7510528564456, 28.421712875366268], [96.7574920654298, 28.415430068969727], [96.76316070556646, 28.40421867370617], [96.76732635498064, 28.3896999359132], [96.7706832885745, 28.380760192871207], [96.77437591552751, 28.374071121215877], [96.78257751464861, 28.37038993835472], [96.79708862304705, 28.370500564575252], [96.81156921386736, 28.368101119995345], [96.8264770507813, 28.36720275878912], [96.85221862792969, 28.368360519409293], [96.86248779296892, 28.37830924987793], [96.86956787109392, 28.38084030151373], [96.88001251220703, 28.382789611816406], [96.8939514160158, 28.386140823364315], [96.89866638183622, 28.385900497436808], [96.90419006347685, 28.379909515380973], [96.91028594970732, 28.37140083312994], [96.91996002197271, 28.363349914550838], [96.91977691650396, 28.359220504760685], [96.92089843750006, 28.352188110351847], [96.92590332031256, 28.345029830932674], [96.94229125976568, 28.342060089111328], [96.95276641845709, 28.33995056152355], [96.96193695068365, 28.332029342651424], [96.97406005859392, 28.323690414428825], [96.97973632812528, 28.322280883789062], [96.9869918823245, 28.322191238403377], [96.99649810791044, 28.316230773925838], [97.00428771972662, 28.318380355835245], [97.02268981933594, 28.326259613037166], [97.02715301513678, 28.330060958862305], [97.03636932373075, 28.33867263793968], [97.04135131835966, 28.34921073913597], [97.04532623291044, 28.35411071777338], [97.05181884765653, 28.358068466186467], [97.06111145019537, 28.358320236206055], [97.06613159179716, 28.359510421753157], [97.0792999267581, 28.365089416504134], [97.09256744384771, 28.36969184875494], [97.09491729736357, 28.368772506713867], [97.09825134277361, 28.367471694946403], [97.1041870117188, 28.362981796264762], [97.11279296875006, 28.358909606933594], [97.12095642089861, 28.357988357543945], [97.1259384155274, 28.356220245361555], [97.1298065185548, 28.35140991210949], [97.1389923095706, 28.34436988830572], [97.1519927978515, 28.3340301513673], [97.15880584716808, 28.326940536499137], [97.16536712646501, 28.31301116943382], [97.16937255859392, 28.3022518157959], [97.17391967773432, 28.299060821533317], [97.17800140380865, 28.297300338745174], [97.1830368041995, 28.29632186889671], [97.19259643554716, 28.294401168823242], [97.2027359008789, 28.29560089111328], [97.21402740478533, 28.29905128479004], [97.22424316406278, 28.299890518188533], [97.22801971435553, 28.294452667236442], [97.2341918945312, 28.280790328979606], [97.24124145507841, 28.27513122558622], [97.25443267822266, 28.276468276977596], [97.26812744140653, 28.278261184692383], [97.28206634521479, 28.276260375976676], [97.29257202148438, 28.270639419555664], [97.30632781982439, 28.263967514038143], [97.30766296386736, 28.25810050964367], [97.31304168701178, 28.251831054687614], [97.32202911376959, 28.25188064575218], [97.327377319336, 28.250820159912223], [97.33377075195312, 28.247779846191634], [97.34171295166027, 28.242170333862305], [97.34950256347662, 28.23581314086931], [97.35135650634783, 28.234300613403548], [97.35688781738298, 28.233200073242188], [97.36499023437511, 28.23159027099615], [97.37465667724615, 28.225601196289062], [97.37700653076183, 28.22341918945324], [97.38124847412104, 28.219469070434684], [97.3896789550783, 28.212360382080078], [97.40056610107439, 28.200500488281307], [97.40042114257818, 28.193510055541992], [97.39222717285162, 28.19120025634777], [97.38719177246111, 28.194509506225643], [97.3822326660158, 28.196550369262752], [97.37201690673834, 28.20039939880371], [97.36357116699236, 28.196468353271428], [97.36177825927763, 28.19315910339361], [97.35923004150396, 28.188449859619254], [97.35183715820341, 28.181539535522518], [97.3412704467774, 28.172250747680835], [97.33080291748053, 28.162971496582145], [97.32705688476591, 28.154310226440543], [97.32469940185553, 28.148229598999137], [97.32670593261713, 28.1416397094726], [97.33170318603533, 28.135721206665153], [97.33495330810564, 28.13126945495634], [97.33507537841825, 28.13110542297386], [97.34002685546903, 28.124549865722713], [97.33901214599615, 28.119541168212947], [97.3272171020509, 28.109460830688477], [97.31748199462896, 28.100996017456055], [97.31694030761747, 28.10051918029785], [97.31021118164068, 28.093250274658317], [97.30811309814459, 28.085727691650447], [97.30774688720709, 28.077100753784464], [97.31179046630888, 28.069950103759822], [97.31886291503935, 28.067060470581225], [97.33167266845703, 28.065362930297965], [97.34532928466803, 28.066591262817383], [97.34980010986328, 28.06698989868164], [97.35675811767584, 28.067609786987305], [97.36604309082048, 28.06809806823742], [97.373519897461, 28.070238113403377], [97.37399291992216, 28.062591552734602], [97.36797332763678, 28.05242919921875], [97.37706756591797, 28.03909111022955], [97.38218688964872, 28.04018974304205], [97.38976287841803, 28.037389755249137], [97.39856719970732, 28.03411102294939], [97.40561676025402, 28.030048370361385], [97.41156005859403, 28.027271270752237], [97.41516113281278, 28.024080276489315], [97.41394805908209, 28.019239425659407], [97.4116287231447, 28.015140533447266], [97.40222167968778, 28.013019561767578], [97.40142822265653, 28.012941360473576], [97.39121246337908, 28.011930465698242], [97.38883972167997, 28.006200790405273], [97.38330841064482, 27.993671417236442], [97.3827667236331, 27.992450714111328], [97.37806701660173, 27.98615074157715], [97.37815093994152, 27.981790542602653], [97.37821960449219, 27.97850036621105], [97.37854003906278, 27.96321105957054], [97.37561798095709, 27.944389343261832], [97.38268280029303, 27.936109542846793], [97.3876571655274, 27.930730819702376], [97.38768768310558, 27.926599502563477], [97.38107299804688, 27.92111968994152], [97.37856292724638, 27.918010711669922], [97.37979125976562, 27.912588119506893], [97.38755035400385, 27.9036808013916], [97.38902282714855, 27.89637947082548], [97.3784790039063, 27.893110275268725], [97.37135314941406, 27.886930465698356], [97.36479949951183, 27.885129928588924], [97.3500061035158, 27.891338348388672], [97.34352111816423, 27.89406013488781], [97.33557891845709, 27.893169403076286], [97.32116699218744, 27.889511108398438], [97.32285308837919, 27.903419494628906], [97.3239364624024, 27.9118595123291], [97.32216644287126, 27.916200637817496], [97.31474304199236, 27.925191879272518], [97.30870819091803, 27.92996025085455], [97.30174255371111, 27.92708015441906], [97.28810882568365, 27.921779632568473], [97.28074645996094, 27.91954994201666], [97.25647735595732, 27.909530639648438], [97.2472000122072, 27.903909683227596], [97.24124145507841, 27.89545059204113], [97.23677062988287, 27.889938354492244], [97.22647094726568, 27.882160186767578], [97.22049713134783, 27.877389907836914], [97.21244049072294, 27.871999740600813], [97.20256042480486, 27.86440277099632], [97.19560241699224, 27.85639953613304], [97.19543457031278, 27.85623550415039], [97.1936111450197, 27.855201721191577], [97.19185638427729, 27.8527507781983], [97.18949127197271, 27.85045051574707], [97.18791961669928, 27.847600936889705], [97.18698120117193, 27.845899581909293], [97.18183135986334, 27.841751098632926], [97.1805267333985, 27.841161727905558], [97.17444610595714, 27.838422775268782], [97.16780853271513, 27.83625984191906], [97.16867828369146, 27.830860137939453], [97.16397094726591, 27.826770782470817], [97.16287994384766, 27.824607849121207], [97.16034698486357, 27.82259178161644], [97.15225982666021, 27.81920051574724], [97.14428710937506, 27.81696128845209], [97.13735198974626, 27.815061569213867], [97.13394165039068, 27.806470870971623], [97.12787628173834, 27.801071166992244], [97.12428283691418, 27.7985000610351], [97.11489105224615, 27.795932769775334], [97.10246276855469, 27.793420791625977], [97.09839630126947, 27.78857040405279], [97.09963989257818, 27.7844047546389], [97.100112915039, 27.78280258178711], [97.10476684570318, 27.775188446045092], [97.10119628906261, 27.767230987549055], [97.09807586669922, 27.757280349731502], [97.096420288086, 27.749929428100813], [97.09142303466803, 27.748460769653377], [97.08628082275396, 27.750410079956055], [97.0823516845706, 27.751899719238338], [97.06754302978533, 27.759721755981502], [97.06201171875017, 27.757450103759936], [97.05655670166021, 27.752029418945312], [97.04808044433611, 27.749338150024357], [97.03736114501947, 27.75216102600109], [97.02857208251982, 27.749120712280273], [97.01574707031261, 27.740631103515852], [97.01322174072271, 27.735361099243278], [97.01032257080095, 27.72550010681175], [97.00550079345697, 27.715490341186467], [97.00322723388672, 27.710470199585075], [97.00145721435575, 27.708200454711914], [96.99720764160162, 27.70273971557623], [96.98883819580084, 27.6968994140625], [96.98484802246105, 27.69099044799816], [96.98255920410168, 27.679769515991325], [96.97830200195318, 27.671873092651367], [96.97760009765636, 27.67192268371582], [96.95865631103521, 27.674280166626033], [96.94876861572271, 27.671428680420092], [96.94232177734386, 27.66744995117216], [96.93887329101568, 27.66073989868164], [96.93522644042974, 27.65983963012718], [96.92896270751964, 27.656032562256087], [96.92700958251959, 27.641901016235465], [96.92556762695341, 27.640201568603743], [96.92030334472673, 27.632671356201172], [96.91944885253935, 27.63145065307623], [96.91308593750006, 27.62748908996582], [96.91208648681658, 27.627231597900618], [96.90058135986357, 27.624269485473803], [96.89758300781267, 27.620801925659407], [96.89778137207048, 27.618141174316463], [96.89910125732439, 27.60045814514166], [96.899223327637, 27.59362983703619], [96.90299987792974, 27.58989906311035], [96.91011810302763, 27.589921951293945], [96.91403198242193, 27.5884304046632], [96.91409301757824, 27.584392547607536], [96.91324615478533, 27.576301574706974], [96.91422271728521, 27.56729125976574], [96.91542816162121, 27.560449600219783], [96.91580963134777, 27.55828285217285], [96.9203491210938, 27.555620193481445], [96.92453765869146, 27.55125999450678], [96.92864990234375, 27.54231071472168], [96.93363952636736, 27.53722000122076], [96.9376831054688, 27.530059814453352], [96.9363861083985, 27.52325057983404], [96.93350219726568, 27.515710830688477], [96.93081665039068, 27.511880874633732], [96.92572021484386, 27.50304031372076], [96.921859741211, 27.499366760253963], [96.92076873779308, 27.49722099304205], [96.91385650634771, 27.488412857055607], [96.91365051269537, 27.48786926269537], [96.9112167358399, 27.481521606445312], [96.91081237792974, 27.474599838256836], [96.91092681884783, 27.468019485473633], [96.91184997558588, 27.462709426879883], [96.9175567626956, 27.458860397339095], [96.92592620849638, 27.456449508667276], [96.93334197998053, 27.45051193237299], [96.937026977539, 27.439590454101733], [96.94139099121122, 27.426950454712028], [96.94889068603533, 27.420940399169865], [96.96552276611334, 27.415359497070312], [96.96893310546892, 27.401821136474723], [96.9755401611331, 27.39600181579584], [96.96900939941412, 27.386270523071346], [96.9717407226562, 27.378950119018782], [96.97696685791021, 27.376750946044922], [96.98197937011724, 27.373710632324332], [96.98504638671886, 27.362609863281307], [96.98954010009783, 27.3585205078125], [96.99746704101591, 27.355100631714095], [96.99842834472685, 27.350868225097656], [97.00026702880865, 27.33996009826666], [97.00334167480474, 27.329940795898494], [97.0095520019533, 27.325649261474666], [97.01686859130865, 27.320079803466797], [97.04032897949224, 27.30785942077648], [97.04358673095709, 27.289751052856502], [97.05164337158232, 27.286502838134766], [97.0566711425783, 27.28564071655279], [97.05885314941418, 27.276798248291186], [97.06331634521484, 27.272249221801815], [97.06851196289062, 27.267520904541072], [97.0736694335938, 27.26188087463379], [97.08184051513689, 27.25386810302757], [97.08937072753918, 27.25082015991211], [97.0940780639649, 27.247890472412223], [97.09597015380876, 27.2412109375], [97.09514617919916, 27.2214298248291], [97.10050201416016, 27.214979171753214], [97.10804748535162, 27.21310043334961], [97.11669921874994, 27.209220886230526], [97.12023925781256, 27.20458984375], [97.12390136718761, 27.199871063232536], [97.12568664550781, 27.192388534545955], [97.12729644775396, 27.185171127319393], [97.13359069824224, 27.180959701538313], [97.1403121948245, 27.177469253540153], [97.14991760253923, 27.178340911865234], [97.15289306640636, 27.16841125488304], [97.15599822998041, 27.16217994689964], [97.16720581054716, 27.155479431152457], [97.17215728759777, 27.14435958862333], [97.1717376708985, 27.13681030273449], [97.16625213623075, 27.132560729980696], [97.16590118408232, 27.1322917938233], [97.15590667724615, 27.126380920410156], [97.15236663818354, 27.11967086791998], [97.15011596679705, 27.111520767211857], [97.1469345092774, 27.104032516479492], [97.14643096923857, 27.102840423583984], [97.139945983887, 27.101289749145508], [97.13098907470732, 27.103740692138786], [97.12233734130865, 27.11202049255371], [97.11469268798834, 27.119930267334098], [97.10855865478533, 27.121259689331282], [97.09921264648455, 27.118570327758903], [97.0892562866211, 27.113840103149414], [97.08428192138666, 27.11194992065424], [97.07910156250028, 27.109979629516886], [97.07151794433594, 27.109170913696346], [97.06301879882818, 27.111082077026367], [97.06268310546903, 27.111160278320312], [97.05889892578153, 27.114070892333984], [97.05258178710966, 27.118930816650618], [97.04791259765625, 27.123741149902344], [97.04553985595732, 27.126819610595817], [97.04199981689453, 27.131269454955998], [97.03501129150402, 27.137109756469727], [97.03022003173834, 27.141740798950252], [97.02099609375017, 27.145450592041072], [97.01315307617188, 27.146881103515682], [97.00681304931669, 27.14982986450218], [96.99900054931669, 27.153949737548828], [96.9925613403322, 27.16122055053711], [96.98465728759777, 27.16670989990257], [96.97351074218767, 27.171052932739258], [96.96372985839838, 27.17259025573736], [96.9552612304688, 27.17368125915533], [96.9446792602539, 27.174051284790153], [96.92801666259777, 27.175132751464957], [96.91841125488287, 27.175489425659293], [96.90273284912126, 27.18077850341797], [96.89689636230474, 27.183361053466854], [96.88297271728521, 27.1905193328858], [96.8756332397461, 27.193559646606445], [96.86622619628935, 27.19968986511242], [96.8640213012697, 27.20690155029297], [96.863578796387, 27.21220016479515], [96.86337280273466, 27.219240188598746], [96.86625671386747, 27.223619461059684], [96.87409973144531, 27.2266902923584], [96.88031768798834, 27.230770111084098], [96.88520050048845, 27.232599258422965], [96.89000701904303, 27.236869812011776], [96.89140319824247, 27.240909576416016], [96.89269256591803, 27.247631072998047], [96.8870391845706, 27.254730224609375], [96.88790893554693, 27.25938987731945], [96.88877868652338, 27.263599395751953], [96.88510131835949, 27.26795959472662], [96.87507629394548, 27.267160415649357], [96.86622619628935, 27.26905059814453], [96.86171722412126, 27.272510528564567], [96.85566711425787, 27.28030967712408], [96.85378265380865, 27.290670394897575], [96.85177612304682, 27.300411224365234], [96.84974670410162, 27.306280136108626], [96.83625793457037, 27.31054115295416], [96.83125305175787, 27.314640045166072], [96.82486724853544, 27.320470809936467], [96.82160186767607, 27.32444953918457], [96.81710052490251, 27.32954025268566], [96.81275939941412, 27.33641815185547], [96.80863189697294, 27.344921112060604], [96.80584716796892, 27.35042953491211], [96.80236053466825, 27.354431152343864], [96.79483032226568, 27.356479644775334], [96.78531646728521, 27.3588104248048], [96.7796020507813, 27.362100601196403], [96.77295684814482, 27.364959716796818], [96.75979614257841, 27.363290786743107], [96.75419616699224, 27.362770080566634], [96.74775695800787, 27.36403083801281], [96.74069213867193, 27.364459991455192], [96.72844696044928, 27.372390747070426], [96.72251892089844, 27.376951217651367], [96.7125473022461, 27.380729675293026], [96.70876312255876, 27.375190734863338], [96.70638275146496, 27.371160507202262], [96.69909667968756, 27.365560531616268], [96.69374084472662, 27.365518569946346], [96.6831665039062, 27.368940353393555], [96.67619323730474, 27.37089920043951], [96.67015838623075, 27.37230110168457], [96.66084289550776, 27.3713893890382], [96.65603637695341, 27.368921279907454], [96.64611816406278, 27.36783027648937], [96.63913726806658, 27.369239807128963], [96.63037109375017, 27.371829986572493], [96.62048339843756, 27.37281990051281], [96.61254119873058, 27.369369506835938], [96.61077117919928, 27.367307662964095], [96.608940124512, 27.3651828765872], [96.60260772705084, 27.360717773437614], [96.60251617431658, 27.36065101623535], [96.59829711914062, 27.356451034545955], [96.59793853759783, 27.351499557495174], [96.59901428222685, 27.348924636840877], [96.60080718994158, 27.344631195068644], [96.59720611572266, 27.343008041381836], [96.59632110595714, 27.342609405517578], [96.59166717529314, 27.340850830078352], [96.58592224121111, 27.33683967590332], [96.57991790771496, 27.333650588989485], [96.57543945312517, 27.329191207885856], [96.56598663330084, 27.32666015625], [96.56182861328153, 27.325252532958984], [96.5562133789063, 27.320619583130053], [96.55046081542986, 27.31472015380882], [96.54527282714844, 27.309722900390682], [96.53759765625028, 27.30429840087902], [96.53074645996122, 27.298049926757812], [96.52233123779325, 27.293970108032454], [96.51703643798822, 27.300579071045036], [96.51181030273443, 27.30405044555664], [96.50538635253935, 27.307600021362532], [96.50003051757841, 27.309360504150334], [96.49402618408209, 27.306261062622013], [96.48603057861334, 27.30523109436058], [96.47917938232428, 27.308080673217717], [96.47074890136719, 27.312461853027457], [96.46666717529325, 27.311050415039062], [96.46158599853533, 27.30911064147955], [96.45250701904308, 27.309801101684798], [96.44613647460955, 27.310300827026424], [96.43976593017607, 27.310359954833984], [96.4334869384765, 27.30994033813471], [96.4249572753908, 27.306140899658203], [96.4160919189456, 27.29989242553711], [96.40862274169928, 27.299949645996094], [96.40173339843756, 27.29856109619152], [96.39157104492205, 27.29458045959484], [96.38279724121111, 27.297519683838175], [96.37370300292974, 27.298931121826172], [96.36412048339861, 27.300161361694563], [96.36151885986334, 27.29405975341814], [96.35788726806646, 27.291658401489315], [96.35520172119146, 27.289882659912223], [96.34807586669939, 27.28846168518072], [96.34771728515642, 27.288391113281477], [96.3411865234375, 27.291580200195483], [96.33574676513678, 27.29594039916998], [96.32039642333984, 27.29801940917963], [96.31083679199247, 27.302040100097656], [96.3033065795899, 27.29922294616722], [96.29042816162138, 27.29407119750988], [96.28217315673834, 27.286020278930778], [96.27865600585955, 27.279382705688477], [96.26743316650396, 27.27783966064453], [96.25421142578125, 27.280981063842887], [96.2413864135745, 27.28429031372093], [96.2343292236331, 27.2848796844483], [96.22709655761747, 27.280599594116325], [96.21810913085966, 27.26958084106451], [96.20585632324224, 27.266130447387923], [96.19632720947271, 27.265190124512003], [96.19406890869152, 27.263452529907454], [96.19187927246111, 27.261770248413086], [96.18520355224626, 27.25663375854515], [96.18209838867182, 27.254249572754134], [96.18116760253906, 27.254261016845703], [96.16368865966803, 27.254480361938704], [96.15040588378935, 27.24950981140148], [96.11450195312506, 27.23331069946306], [96.09902191162115, 27.231409072876204], [96.09213256835955, 27.226671218872184], [96.08731079101557, 27.218599319458065], [96.08638763427751, 27.217050552368335], [96.08515930175793, 27.2167778015139], [96.06897735595732, 27.213190078735295], [96.05728149414068, 27.202791213989485], [96.03643035888689, 27.196050643920955], [96.02979278564459, 27.187789916992188], [96.02700042724638, 27.179018020629996], [96.02298736572294, 27.166389465332315], [96.01693725585938, 27.1547908782959], [96.00431823730497, 27.140441894531364], [96.00325012207048, 27.13933181762718], [95.9895858764649, 27.125190734863565], [95.97918701171892, 27.110729217529524], [95.97389221191412, 27.1020126342774], [95.97193908691423, 27.098791122436637], [95.96306610107428, 27.081979751586914], [95.95712280273443, 27.06822013854986], [95.94596862792963, 27.059709548950195], [95.94027709960955, 27.055772781372184], [95.93624877929682, 27.052991867065487], [95.92318725585943, 27.048900604248104], [95.91580963134794, 27.045320510864542], [95.90923309326178, 27.040300369262923], [95.90068817138678, 27.03178024291998], [95.88918304443376, 27.027851104736328], [95.87713623046875, 27.020498275757006], [95.86747741699224, 27.02234077453619], [95.8577728271485, 27.022359848022404], [95.83796691894543, 27.015310287475586], [95.82798004150396, 27.018051147460938], [95.81529998779325, 27.022220611572493], [95.80793762207048, 27.020450592041186], [95.80486297607439, 27.011999130249137], [95.77964782714838, 26.989990234375], [95.77294158935575, 26.982530593872184], [95.77172851562506, 26.978641510009766], [95.76705932617182, 26.972890853881893], [95.76087951660162, 26.963989257812614], [95.76158142089861, 26.95926094055187], [95.76368713378923, 26.944980621338118], [95.76056671142607, 26.942010879516772], [95.75673675537138, 26.940219879150447], [95.75254821777372, 26.93023109436058], [95.75454711914068, 26.925001144409407], [95.75724792480474, 26.920400619506893], [95.75813293457048, 26.91489982604986], [95.75499725341808, 26.9078884124757], [95.74507904052746, 26.90089988708496], [95.73596191406278, 26.892709732055778], [95.73081207275419, 26.887491226196346], [95.72113037109392, 26.883630752563477], [95.7124786376956, 26.884307861328068], [95.7115631103515, 26.884380340576286], [95.71141815185564, 26.884429931640682], [95.70349121093761, 26.887189865112305], [95.69859313964838, 26.89521026611328], [95.69227600097685, 26.899919509887923], [95.68128967285173, 26.90497970581066], [95.67336273193371, 26.910221099853516], [95.668197631836, 26.908340454101506], [95.66295623779314, 26.90492057800293], [95.6577758789062, 26.898080825805778], [95.65534210205095, 26.892950057983626], [95.65414428710932, 26.890451431274528], [95.65099334716803, 26.88384819030773], [95.6464462280274, 26.882879257202262], [95.64562225341814, 26.882915496826172], [95.64221954345709, 26.88306045532238], [95.63675689697294, 26.879289627075252], [95.6341323852539, 26.873260498046875], [95.63478851318365, 26.86768913269043], [95.6349182128908, 26.866579055786246], [95.63355255126947, 26.855140686035156], [95.63223266601562, 26.849479675293026], [95.62812042236334, 26.84384918212902], [95.6276931762697, 26.84325981140131], [95.6220321655274, 26.837232589721737], [95.6179809570313, 26.829851150512695], [95.61151885986334, 26.821212768554688], [95.599105834961, 26.82221984863287], [95.59226226806646, 26.823030471801815], [95.58473205566406, 26.822771072387695], [95.5747528076173, 26.82567024230957], [95.56851196289057, 26.829910278320426], [95.56562042236357, 26.83378982543951], [95.56269836425787, 26.837209701538086], [95.55475616455107, 26.839569091796932], [95.54567718505876, 26.837860107421932], [95.5327758789063, 26.831209182739258], [95.53024291992193, 26.826791763305664], [95.52500152587919, 26.819948196411133], [95.52147674560553, 26.816675186157227], [95.52025604248041, 26.815540313720817], [95.51480102539068, 26.8131999969483], [95.50650787353544, 26.796630859375], [95.50215148925781, 26.782739639282227], [95.49590301513672, 26.771940231323242], [95.48914337158232, 26.76167106628435], [95.48348999023455, 26.75498962402338], [95.47956085205084, 26.75365829467796], [95.47585296630876, 26.752399444580362], [95.46566009521513, 26.750410079956055], [95.461410522461, 26.746000289916992], [95.45848083496111, 26.73771095275879], [95.45453643798834, 26.73293876647955], [95.4541625976563, 26.73247909545904], [95.4534378051759, 26.73201751709007], [95.4462966918947, 26.72743988037132], [95.44196319580084, 26.722841262817383], [95.4397583007812, 26.717979431152457], [95.43733215332048, 26.71446037292492], [95.4354858398438, 26.708238601684627], [95.43238830566406, 26.70355987548828], [95.42885589599638, 26.700040817260742], [95.42330932617199, 26.696712493896598], [95.40643310546892, 26.696620941162166], [95.3946380615235, 26.691020965576172], [95.38356781005865, 26.688060760498274], [95.37814331054716, 26.683349609375057], [95.37470245361357, 26.68125343322754], [95.37151336669939, 26.679309844970817], [95.36586761474615, 26.677589416503906], [95.36543273925798, 26.677570343017805], [95.35581207275419, 26.67712974548334], [95.34664916992216, 26.677940368652287], [95.32441711425798, 26.66908264160179], [95.317886352539, 26.66683959960949], [95.31479644775419, 26.663867950439567], [95.30841064453125, 26.6577205657959], [95.30258178710966, 26.656021118164062], [95.29992675781278, 26.657888412475586], [95.29927062988287, 26.658348083496094], [95.29313659667986, 26.66123008728033], [95.28288269042974, 26.662849426269645], [95.27202606201178, 26.662820816040266], [95.26597595214872, 26.6678791046142], [95.26204681396501, 26.673650741577262], [95.26165771484392, 26.681489944458065], [95.26003265380871, 26.686351776123104], [95.25652313232439, 26.689319610595703], [95.25078582763689, 26.692390441894645], [95.2439575195313, 26.693901062011832], [95.24044036865229, 26.691640853881836], [95.23763275146501, 26.686290740966797], [95.23597717285162, 26.688230514526367], [95.23596954345709, 26.69152069091797], [95.23369598388678, 26.697099685668945], [95.23610687255876, 26.7122097015382], [95.22965240478521, 26.71688270568859], [95.2282028198245, 26.723848342895565], [95.21614074707037, 26.735319137573242], [95.21685028076189, 26.7413005828858], [95.22097778320341, 26.7474308013916], [95.22136688232416, 26.75152015686058], [95.21926116943388, 26.75555038452154], [95.22010040283203, 26.75982093811035], [95.22408294677751, 26.76172256469738], [95.22920227050781, 26.768470764160213], [95.23317718505888, 26.771930694580078], [95.23330688476568, 26.773719787597656], [95.23163604736357, 26.777692794799975], [95.23467254638683, 26.780349731445426], [95.24253845214838, 26.78451156616228], [95.24491882324224, 26.787330627441634], [95.24172210693371, 26.78693008422863], [95.24025726318354, 26.789171218872184], [95.23501586914068, 26.789289474487305], [95.22747039794916, 26.792341232299805], [95.22157287597656, 26.793540954589844], [95.2151184082033, 26.79837989807129], [95.206840515137, 26.811691284179858], [95.2035522460938, 26.82131958007824], [95.20258331298834, 26.828750610351676], [95.20056152343778, 26.83288955688505], [95.19904327392607, 26.839929580688477], [95.20050811767584, 26.842878341674748], [95.20641326904303, 26.846281051635856], [95.20860290527344, 26.850719451904354], [95.20423889160173, 26.848939895629883], [95.1977081298831, 26.851539611816406], [95.19732666015653, 26.849391937255916], [95.195610046387, 26.849620819091854], [95.19304656982428, 26.851169586181754], [95.1857681274414, 26.859630584716797], [95.18450164794933, 26.864830017089957], [95.20642852783209, 26.877870559692326], [95.21135711669928, 26.88173294067377], [95.21285247802734, 26.885602951049748], [95.21782684326178, 26.88686943054205], [95.22992706298857, 26.88566970825201], [95.23385620117193, 26.89084053039545], [95.23132324218767, 26.89834976196289], [95.23377227783197, 26.905902862548942], [95.23410034179699, 26.909650802612305], [95.2320861816408, 26.914831161499194], [95.23195648193365, 26.917890548706055], [95.23396301269526, 26.9187526702882], [95.23396301269526, 26.920600891113452], [95.23184967041044, 26.9261417388916], [95.2293090820313, 26.930631637573242], [95.22556304931635, 26.934429168701342], [95.21705627441412, 26.934200286865234], [95.21444702148449, 26.936950683593693], [95.21219635009794, 26.94334983825695], [95.20923614501959, 26.956670761108455], [95.21341705322283, 26.958789825439396], [95.20851135253912, 26.960729598999308], [95.20675659179693, 26.962591171264705], [95.20883941650408, 26.965351104736385], [95.21366882324224, 26.968120574951456], [95.2150421142581, 26.970371246338004], [95.20877075195341, 26.975080490112305], [95.20655822753906, 26.978820800781477], [95.2052230834961, 26.98217010498047], [95.20996093750017, 26.982629776000977], [95.20775604248053, 26.98470115661644], [95.20043945312517, 26.985559463501204], [95.19519805908232, 26.989990234375], [95.19626617431646, 26.99781036376953], [95.19982147216791, 26.999359130859375], [95.20008087158209, 27.00622940063488], [95.1976165771485, 27.015689849853516], [95.19785308837902, 27.019840240478516], [95.19579315185575, 27.03250122070324], [95.1955184936524, 27.042949676513672], [95.19845581054716, 27.044429779052678], [95.20094299316435, 27.042329788208008], [95.20379638671903, 27.04300117492687], [95.20768737792986, 27.034780502319336], [95.21380615234375, 27.03347969055187], [95.21969604492205, 27.03679084777832], [95.22263336181646, 27.040891647338867], [95.2259826660158, 27.042259216308594], [95.22946929931646, 27.04017066955595], [95.23214721679693, 27.042921066284293], [95.23091125488276, 27.045709609985465], [95.23471832275385, 27.043579101562443], [95.2378768920899, 27.04322052001953], [95.24371337890642, 27.034160614013672], [95.24822998046903, 27.030252456665323], [95.25219726562506, 27.031919479370117], [95.26071929931658, 27.037250518798828], [95.25994873046892, 27.038972854614315], [95.26262664794939, 27.0410099029541], [95.26669311523443, 27.04043960571289], [95.2709732055664, 27.04507064819336], [95.27762603759794, 27.049770355224553], [95.27944946289068, 27.05391120910656], [95.27783203124994, 27.056768417358455], [95.2879180908206, 27.06632041931175], [95.29662322998053, 27.072851181030387], [95.30967712402338, 27.081130981445597], [95.31317901611328, 27.086740493774414], [95.3232727050783, 27.089570999145792], [95.33510589599626, 27.095920562744254], [95.34860229492188, 27.104761123657454], [95.36647033691418, 27.112850189209098], [95.3712692260745, 27.111400604248047], [95.37066650390636, 27.11014938354515], [95.3677825927735, 27.10971069335949], [95.36830139160156, 27.107362747192383], [95.37365722656256, 27.107999801635685], [95.37267303466814, 27.10167121887207], [95.37697601318388, 27.102180480957202], [95.38546752929688, 27.105091094970646], [95.38611602783214, 27.111709594726562], [95.39614868164062, 27.114469528198356], [95.4063110351563, 27.118320465087947], [95.42027282714872, 27.13078117370611], [95.42919158935553, 27.134050369262695], [95.44098663330084, 27.132810592651367], [95.44557952880865, 27.134290695190543], [95.44713592529303, 27.138330459594954], [95.45075225830084, 27.138839721679744], [95.45339965820318, 27.135879516601676], [95.45778656005865, 27.135641098022575], [95.46106719970714, 27.140220642089957], [95.46367645263678, 27.15036010742199], [95.46585083007841, 27.154800415039062], [95.46507263183605, 27.157609939575252], [95.4633178710938, 27.159540176391715], [95.4598999023438, 27.160419464111328], [95.45870971679688, 27.163288116455078], [95.46383666992205, 27.16702079772955], [95.46800994873047, 27.172290802001953], [95.46366882324219, 27.182121276855526], [95.46711730957037, 27.18555068969738], [95.46864318847662, 27.190500259399414], [95.46581268310553, 27.197429656982422], [95.46205139160185, 27.203010559082315], [95.45890045166016, 27.2095699310305], [95.45970916748053, 27.2134304046632], [95.46942901611334, 27.218259811401367], [95.47067260742188, 27.22321128845215], [95.47389984130854, 27.22364997863781], [95.47451019287126, 27.226869583129996], [95.48055267334013, 27.232339859008846], [95.48722839355497, 27.24603080749523], [95.49099731445318, 27.248699188232536], [95.50627899169933, 27.254619598388615], [95.51064300537115, 27.25897979736328], [95.51088714599638, 27.26626968383789], [95.51618194580084, 27.268630981445426], [95.52046203613281, 27.26374053955078], [95.525932312012, 27.266260147094897], [95.52971649169928, 27.269069671630973], [95.5348129272461, 27.270620346069393], [95.55416107177763, 27.259340286254826], [95.55613708496111, 27.25436973571783], [95.56326293945318, 27.252502441406307], [95.57446289062517, 27.251060485839957], [95.57830047607422, 27.247140884399357], [95.57788085937517, 27.24215126037609], [95.59008789062517, 27.229520797729492], [95.5991668701173, 27.229610443115348], [95.60735321044928, 27.231372833251953], [95.61914062500006, 27.236551284790266], [95.6341323852539, 27.239810943603516], [95.63700103759766, 27.236909866333065], [95.67920684814459, 27.25391960144043], [95.67939758300787, 27.25616264343273], [95.68441772460949, 27.25741004943859], [95.69542694091803, 27.258148193359318], [95.70188140869158, 27.255640029907454], [95.71549224853521, 27.25909996032715], [95.72107696533232, 27.25760078430187], [95.72548675537104, 27.259229660034464], [95.73188018798834, 27.266540527343693], [95.73638916015642, 27.266750335693587], [95.73992919921886, 27.269889831543196], [95.75701141357439, 27.274351119995117], [95.78468322753912, 27.27913093566906], [95.79080200195318, 27.285459518432674], [95.80075836181646, 27.288700103759822], [95.80628967285162, 27.29174041748047], [95.80650329589872, 27.28801155090332], [95.80848693847673, 27.285440444946403], [95.81019592285173, 27.28092002868658], [95.83793640136724, 27.2870712280274], [95.85022735595697, 27.29314994812023], [95.86046600341808, 27.29421043395996], [95.86192321777344, 27.290029525756893], [95.86064147949224, 27.283420562744084], [95.86084747314464, 27.279792785644588], [95.86544036865263, 27.2766819000247], [95.87238311767595, 27.266910552978572], [95.87760162353521, 27.267408370971793], [95.88243103027372, 27.266941070556868], [95.88765716552751, 27.263320922851562], [95.89396667480469, 27.26301193237299], [95.89810943603516, 27.26431083679222], [95.90116119384766, 27.276388168335075], [95.90428924560553, 27.27985954284668], [95.90453338623058, 27.286239624023608], [95.90238952636724, 27.287830352783203], [95.90643310546886, 27.29187965393089], [95.9122924804688, 27.293140411377067], [95.91874694824236, 27.29922294616722], [95.94056701660162, 27.309589385986328], [95.9632186889649, 27.317068099975586], [95.96556854248058, 27.321662902831974], [95.96260833740251, 27.324331283569336], [95.96785736083996, 27.324569702148438], [95.96903228759794, 27.32840919494629], [95.96871185302751, 27.331830978393782], [95.97804260253923, 27.332691192626953], [95.98420715332037, 27.33434104919445], [95.97228240966825, 27.334629058837947], [95.97001647949219, 27.336980819702376], [95.97421264648438, 27.33936119079584], [95.97734069824224, 27.342300415039062], [95.9936828613283, 27.3514404296875], [95.99487304687506, 27.36024093627941], [95.99697113037115, 27.363479614257812], [96.00211334228516, 27.364128112793026], [96.00314331054699, 27.364459991455192], [96.01319885253912, 27.36403083801281], [96.01835632324224, 27.367900848388956], [96.02091217041044, 27.371259689331225], [96.01494598388678, 27.37545967102062], [96.01056671142584, 27.381282806396484], [96.00836944580095, 27.387210845947266], [96.00205230712885, 27.393499374389762], [96.00006866455084, 27.397569656372184], [96.00100708007818, 27.40347290039091], [95.99459075927763, 27.412359237671012], [95.99093627929699, 27.41457176208496], [95.99122619628923, 27.419399261474894], [95.98945617675776, 27.421720504760856], [95.97952270507841, 27.421850204468], [95.97807312011736, 27.425331115722884], [95.98092651367205, 27.426122665405558], [95.98023223876959, 27.43021965026861], [95.97782897949213, 27.432291030883903], [95.97778320312528, 27.43549919128418], [95.9732971191408, 27.43675041198736], [95.97177886962908, 27.430370330810604], [95.96803283691412, 27.424119949341105], [95.96703338623053, 27.436660766601847], [95.96357727050798, 27.43548011779791], [95.96105194091797, 27.4287109375], [95.95729064941406, 27.432880401611555], [95.95297241210949, 27.43328094482422], [95.95052337646513, 27.43724060058605], [95.95350646972662, 27.440771102905387], [95.95307159423845, 27.443450927734602], [95.9498901367188, 27.445020675659123], [95.94300079345709, 27.446390151977596], [95.93327331542974, 27.446687698364258], [95.91684722900408, 27.443159103393555], [95.91117095947271, 27.439960479736442], [95.90796661376964, 27.432640075683707], [95.9061279296875, 27.4232692718507], [95.90010070800787, 27.411331176757812], [95.89305877685553, 27.406040191650504], [95.89187622070318, 27.409780502319336], [95.89425659179716, 27.414382934570312], [95.89437866210943, 27.41828918457054], [95.89002990722668, 27.426410675048885], [95.88941955566412, 27.431629180908146], [95.89037322998053, 27.43967056274414], [95.888656616211, 27.444070816040266], [95.88259124755871, 27.444080352783203], [95.87577056884794, 27.435358047485465], [95.8649063110351, 27.429012298583984], [95.86324310302751, 27.424858093261662], [95.86422729492193, 27.421318054199276], [95.86666870117205, 27.419210433960018], [95.86733245849621, 27.417150497436637], [95.85795593261724, 27.420680999755916], [95.8576126098634, 27.424819946289176], [95.85573577880888, 27.427669525146655], [95.84934234619146, 27.43032073974615], [95.84947204589844, 27.43490982055664], [95.85291290283203, 27.444759368896598], [95.85517120361357, 27.447370529174805], [95.85955810546903, 27.449052810669002], [95.86379241943376, 27.45203018188471], [95.8594589233399, 27.46261024475109], [95.8611679077149, 27.466299057007063], [95.8660659790039, 27.469022750854606], [95.87625885009771, 27.47110939025896], [95.87843322753935, 27.475601196289062], [95.88125610351574, 27.487421035766715], [95.87915802001964, 27.4926700592041], [95.87905120849626, 27.4991912841798], [95.88046264648443, 27.50110054016136], [95.88604736328153, 27.50356292724615], [95.88964080810553, 27.50616836547863], [95.88710784912115, 27.511270523071403], [95.8817977905274, 27.515090942382812], [95.87847900390642, 27.519830703735465], [95.88080596923828, 27.52251052856468], [95.87992095947277, 27.529790878295955], [95.88143920898443, 27.545831680297795], [95.88133239746094, 27.55323028564453], [95.8736190795899, 27.551170349121264], [95.86701965332031, 27.55109977722168], [95.86235809326178, 27.552600860595874], [95.85209655761747, 27.565650939941406], [95.84601593017607, 27.56799125671398], [95.839897155762, 27.566610336303768], [95.83628845214872, 27.571178436279354], [95.8319320678711, 27.578889846801758], [95.82772827148438, 27.581750869750977], [95.82124328613281, 27.58172035217285], [95.819808959961, 27.590280532836914], [95.82025909423857, 27.595571517944336], [95.82419586181646, 27.603010177612305], [95.82087707519548, 27.60472106933588], [95.8168258666995, 27.60543823242199], [95.80960845947266, 27.60527038574247], [95.79802703857422, 27.607830047607536], [95.79606628417969, 27.61819076538086], [95.79429626464872, 27.62236976623535], [95.7871170043947, 27.62340927124046], [95.7850418090822, 27.627399444580135], [95.78734588623047, 27.632299423217887], [95.79741668701189, 27.635890960693473], [95.79734039306652, 27.63956069946289], [95.79959106445318, 27.642969131469727], [95.80145263671892, 27.649009704589844], [95.79485321044933, 27.652799606323242], [95.78623199462896, 27.65566062927246], [95.7792205810548, 27.660539627075252], [95.77784729003912, 27.666259765625057], [95.77847290039091, 27.67234992980957], [95.78044891357439, 27.67918968200695], [95.78549194335943, 27.683259963989485], [95.79453277587885, 27.684190750122127], [95.79647064209001, 27.688060760498104], [95.79312896728521, 27.692270278930778], [95.77876281738281, 27.694391250610636], [95.77455139160173, 27.696701049804858], [95.7726669311524, 27.699951171875], [95.77336120605463, 27.705350875854606], [95.77262115478533, 27.711320877075252], [95.77052307128923, 27.715999603271598], [95.77039337158209, 27.72002983093273], [95.76304626464872, 27.72266006469738], [95.75871276855486, 27.726680755615348], [95.75821685791021, 27.731109619140682], [95.76267242431635, 27.732931137085018], [95.7718811035158, 27.734510421753043], [95.78479766845697, 27.739780426025447], [95.78777313232428, 27.74205017089838], [95.78053283691412, 27.758220672607422], [95.78882598876953, 27.765052795410213], [95.79538726806646, 27.77263069152832], [95.80094909667974, 27.776861190796012], [95.80636596679688, 27.783580780029467], [95.8075790405274, 27.789949417114542], [95.8113174438476, 27.793720245361385], [95.82312774658232, 27.809249877929688], [95.8289413452149, 27.813659667968807], [95.83497619628906, 27.815771102905387], [95.84336853027344, 27.821470260620174], [95.84599304199247, 27.83010101318365], [95.85209655761747, 27.834110260009766], [95.86633300781256, 27.838460922241325], [95.87372589111345, 27.83980178833002], [95.87657165527361, 27.84177017211914], [95.89209747314459, 27.85704040527372], [95.89422607421886, 27.86096000671398], [95.89502716064482, 27.867221832275504], [95.89763641357428, 27.867469787597884], [95.90055847167997, 27.866680145263786], [95.90722656250028, 27.868640899658203], [95.90618133544928, 27.877229690551985], [95.91137695312506, 27.873018264770565], [95.91409301757841, 27.87465095520014], [95.91291809082043, 27.878139495849553], [95.9140014648438, 27.88084983825678], [95.91866302490263, 27.882780075073242], [95.92262268066412, 27.886180877685547], [95.92127990722662, 27.8904705047608], [95.92375183105474, 27.89033126831066], [95.9273529052735, 27.88726043701172], [95.9285507202149, 27.890529632568303], [95.92392730712896, 27.895999908447322], [95.92501068115234, 27.900941848754996], [95.92864227294939, 27.902851104736555], [95.93833160400419, 27.90327072143566], [95.93931579589844, 27.909820556640682], [95.94351196289062, 27.912639617920206], [95.95249176025408, 27.922819137573185], [95.95529937744169, 27.92682075500511], [95.95381164550781, 27.930240631103516], [95.95754241943365, 27.93288040161127], [95.95755004882824, 27.93708038330101], [95.95234680175787, 27.937179565429688], [95.95155334472673, 27.93917083740257], [95.95231628417986, 27.94184112548851], [95.96520996093778, 27.95263290405296], [95.97746276855469, 27.968500137329045], [95.95688629150408, 27.969129562378043], [95.82588195800787, 27.977371215820426], [95.60674285888678, 27.95776939392107], [95.5969467163086, 27.951129913330192], [95.58866119384771, 27.94162940979004], [95.58053588867188, 27.94356155395502], [95.57121276855486, 27.942380905151595], [95.56626129150408, 27.931591033935717], [95.56504821777372, 27.922519683838004], [95.54380035400396, 27.913459777832145], [95.54206848144537, 27.910741806030387], [95.5443420410158, 27.905782699585075], [95.54353332519531, 27.90232276916504], [95.53302001953153, 27.90043067932129], [95.52622985839844, 27.897899627685604], [95.5159530639649, 27.881788253784464], [95.3843383789063, 27.84202194213873], [95.31655883789062, 27.871129989623967], [95.30847167968756, 27.86782073974615], [95.29254913330095, 27.864990234375227], [95.23654174804693, 27.848350524902344], [95.1948623657226, 27.834449768066463], [95.05182647705078, 27.790229797363338], [95.04886627197271, 27.786460876464957], [95.0387573242188, 27.77773094177246], [95.03121948242188, 27.77477073669445], [95.01914978027372, 27.772499084472713], [94.99787902832048, 27.776550292969034], [94.98703765869146, 27.77085113525385], [94.93003082275396, 27.75673103332531], [94.88394165039091, 27.742059707641715], [94.86086273193388, 27.739479064941634], [94.8660278320312, 27.73624038696289], [94.86071777343767, 27.73338127136242], [94.85357666015636, 27.73162078857422], [94.84879302978521, 27.710681915283203], [94.8393859863283, 27.70354080200201], [94.82126617431658, 27.696220397949332], [94.81803131103516, 27.696840286254996], [94.80021667480497, 27.69709014892578], [94.79757690429688, 27.698932647705135], [94.7953491210938, 27.69807815551752], [94.79405975341803, 27.693220138549975], [94.79099273681646, 27.68885040283203], [94.77645111083984, 27.68337821960455], [94.77216339111357, 27.683969497680835], [94.76693725585943, 27.680139541625977], [94.76432037353527, 27.674560546875], [94.75955963134794, 27.668439865112305], [94.75592041015636, 27.666519165039006], [94.74266815185564, 27.66342163085949], [94.73703002929693, 27.665649414062557], [94.72767639160162, 27.66786003112793], [94.72554016113287, 27.670339584350586], [94.720703125, 27.66999053955078], [94.71663665771496, 27.661649703979606], [94.71306610107416, 27.66026115417486], [94.6980819702149, 27.667100906372184], [94.68940734863276, 27.66719055175804], [94.6838760375976, 27.663339614868164], [94.68650817871122, 27.65714263916027], [94.68699645996094, 27.65331077575678], [94.68251037597685, 27.64958953857439], [94.67574310302734, 27.650651931762923], [94.66911315917974, 27.65027809143072], [94.66464233398455, 27.64785957336437], [94.64842224121094, 27.642070770263672], [94.64521789550798, 27.636539459228516], [94.63979339599638, 27.63096046447754], [94.6344528198245, 27.628770828247184], [94.63069152832048, 27.6282901763916], [94.62497711181658, 27.63011932373047], [94.61406707763666, 27.62574005126953], [94.60938262939459, 27.622631072998104], [94.60408020019537, 27.623100280761776], [94.60060882568365, 27.621931076050032], [94.59577178955078, 27.62146949768089], [94.59146881103521, 27.622810363769645], [94.58629608154303, 27.620109558105582], [94.58185577392578, 27.616680145263672], [94.57353210449224, 27.606969833374023], [94.56947326660173, 27.606351852417106], [94.5638961791995, 27.60696029663103], [94.55612182617205, 27.60323905944847], [94.55171203613281, 27.604049682617415], [94.5464172363283, 27.603532791137923], [94.53659057617216, 27.596990585327262], [94.53173065185564, 27.596929550170955], [94.52628326416027, 27.59576988220215], [94.51566314697266, 27.584730148315487], [94.5094070434572, 27.584070205688704], [94.50022888183611, 27.57731056213379], [94.49096679687506, 27.575492858886832], [94.48310852050787, 27.577201843261832], [94.47915649414068, 27.576990127563533], [94.46930694580072, 27.56401252746582], [94.45973968505888, 27.557710647583008], [94.45622253417974, 27.562902450561467], [94.45346832275385, 27.570940017700252], [94.44960784912121, 27.5750408172608], [94.44238281250028, 27.579460144043196], [94.43605041503912, 27.584421157836914], [94.43058776855463, 27.596460342407283], [94.43103790283209, 27.603080749511776], [94.42092895507818, 27.601341247558594], [94.40318298339844, 27.58719062805187], [94.39482879638678, 27.588779449463004], [94.38759613037115, 27.589279174804688], [94.38437652587902, 27.586460113525504], [94.38043212890625, 27.58509063720703], [94.37583923339838, 27.58457756042486], [94.37230682373053, 27.579269409179915], [94.36749267578142, 27.5767498016358], [94.36219787597662, 27.580230712890682], [94.355697631836, 27.577381134033203], [94.34884643554693, 27.57945060729992], [94.34507751464855, 27.584590911865178], [94.340576171875, 27.583440780639762], [94.33814239501953, 27.58103942871105], [94.32905578613293, 27.58839035034208], [94.32373809814482, 27.587169647217024], [94.31970977783214, 27.59005165100109], [94.31240844726568, 27.589651107788256], [94.3083572387697, 27.5955810546875], [94.30164337158197, 27.59988021850586], [94.29801940917963, 27.60427093505865], [94.29289245605469, 27.600360870361385], [94.28848266601557, 27.594511032104606], [94.2876586914063, 27.591791152954045], [94.27603149414074, 27.593349456787394], [94.2752075195313, 27.597400665283203], [94.27245330810575, 27.60346984863287], [94.26188659667974, 27.61009979248047], [94.2540893554688, 27.61370086669922], [94.25710296630865, 27.61911964416521], [94.26222229003923, 27.624519348144645], [94.26716613769548, 27.62786293029785], [94.26670837402372, 27.632560729980412], [94.26278686523455, 27.636020660400447], [94.25907135009794, 27.63701820373535], [94.25598907470709, 27.636552810669002], [94.25222778320341, 27.640930175781364], [94.25006866455084, 27.63972091674799], [94.2472686767581, 27.635810852050724], [94.24507141113287, 27.635869979858626], [94.23507690429682, 27.632511138916016], [94.2259597778322, 27.617990493774414], [94.21743774414068, 27.609001159668026], [94.21111297607422, 27.610841751098746], [94.21350860595732, 27.6044216156007], [94.22292327880876, 27.600740432739542], [94.22505187988287, 27.598510742187557], [94.22531127929716, 27.595239639282227], [94.22144317626959, 27.58791160583496], [94.22547912597662, 27.581058502197322], [94.22647857666044, 27.57563018798851], [94.23414611816406, 27.571460723876953], [94.24060058593778, 27.57035064697277], [94.2565002441408, 27.557428359985465], [94.25573730468767, 27.550760269165153], [94.2568664550783, 27.540500640869254], [94.26251220703153, 27.527429580688704], [94.25972747802751, 27.52349090576172], [94.25905609130871, 27.522600173950195], [94.22167205810558, 27.507030487060547], [94.21540069580107, 27.503139495849723], [94.2123260498048, 27.49794960021967], [94.21065521240263, 27.497903823852653], [94.19522857666016, 27.49745941162115], [94.19124603271501, 27.49632072448742], [94.18689727783209, 27.49081039428711], [94.17471313476568, 27.484071731567383], [94.16793060302763, 27.48418807983421], [94.16422271728521, 27.480989456176758], [94.15721130371105, 27.47804832458496], [94.1587371826173, 27.47000122070324], [94.16020202636724, 27.466470718383903], [94.15445709228533, 27.460460662841797], [94.14080810546886, 27.44845962524431], [94.13585662841825, 27.445859909057674], [94.12333679199236, 27.434980392456055], [94.11708068847656, 27.430971145629996], [94.10652160644526, 27.41805076599144], [94.09992218017584, 27.413919448852596], [94.09329986572271, 27.410940170288086], [94.08634948730486, 27.404560089111328], [94.07244873046875, 27.383012771606502], [94.06864929199224, 27.37440109252924], [94.06314849853521, 27.368911743164176], [94.06092834472685, 27.36355972290039], [94.05483245849604, 27.36283111572277], [94.04831695556669, 27.358749389648494], [94.04164123535185, 27.353290557861328], [94.03008270263689, 27.347991943359318], [94.0258331298831, 27.34770011901867], [94.00978851318388, 27.338890075683594], [94.00000762939459, 27.334709167480526], [94.00068664550781, 27.330139160156307], [93.99780273437494, 27.32785987854004], [93.99603271484386, 27.327882766723633], [93.99018096923822, 27.324649810791016], [93.98567199707037, 27.320579528808594], [93.98094940185553, 27.31376838684082], [93.97267150878923, 27.308340072631893], [93.95652008056646, 27.29475975036621], [93.93891143798845, 27.273279190063477], [93.93390655517572, 27.268341064453182], [93.91889953613298, 27.257141113281364], [93.9010467529298, 27.241540908813533], [93.89298248291021, 27.230970382690543], [93.89097595214872, 27.230180740356445], [93.88561248779325, 27.22438240051281], [93.86744689941412, 27.19884109497093], [93.85746002197283, 27.191101074218807], [93.84716796875017, 27.17978096008312], [93.8398818969726, 27.17345809936529], [93.83699798584013, 27.172079086303654], [93.82897949218778, 27.170642852783317], [93.82666015625011, 27.16937065124523], [93.81701660156267, 27.158241271972656], [93.80858612060575, 27.15175056457548], [93.80729675292986, 27.15014076232916], [93.80680847167974, 27.14720916748047], [93.80561065673828, 27.137790679931697], [93.80143737792974, 27.137910842895508], [93.79824066162121, 27.13716125488287], [93.79779815673834, 27.13600921630865], [93.79843139648449, 27.1343994140625], [93.80024719238298, 27.132629394531534], [93.80222320556646, 27.132860183715934], [93.80580902099615, 27.13475036621088], [93.80818939209013, 27.13286972045904], [93.81350708007824, 27.132011413574276], [93.81423187255865, 27.1308212280274], [93.81385040283209, 27.128618240356502], [93.8113632202149, 27.12626838684082], [93.81315612792997, 27.123760223388956], [93.81495666503906, 27.122608184814567], [93.81910705566406, 27.12290191650419], [93.82195281982416, 27.12203025817894], [93.82549285888678, 27.11934089660639], [93.82723236083996, 27.111940383911133], [93.82663726806646, 27.09938049316429], [93.83132171630876, 27.09243965148937], [93.8330307006836, 27.087610244751033], [93.83621215820341, 27.086479187011832], [93.83436584472656, 27.082849502563533], [93.83476257324236, 27.082050323486328], [93.83674621582037, 27.07821273803711], [93.8350219726563, 27.074991226196346], [93.83209991455095, 27.072868347168196], [93.82901000976557, 27.072122573852596], [93.82824707031244, 27.0689506530764], [93.82710266113276, 27.068849563598803], [93.82549285888678, 27.072122573852596], [93.82457733154325, 27.072170257568416], [93.82287597656278, 27.068321228027457], [93.8187866210938, 27.064931869506836], [93.81571197509783, 27.065450668335075], [93.81288146972662, 27.070680618286246], [93.81018829345703, 27.068140029907454], [93.80854797363293, 27.062570571899414], [93.80488586425787, 27.061349868774528], [93.80213165283203, 27.0617618560791], [93.79942321777372, 27.066871643066406], [93.7987670898438, 27.069681167602596], [93.79805755615246, 27.07094192504877], [93.79709625244152, 27.070882797241268], [93.79399871826178, 27.057729721069393], [93.79119110107433, 27.054569244384766], [93.78742218017572, 27.05422973632824], [93.78613281250017, 27.055370330810547], [93.7851104736331, 27.058359146118335], [93.78321075439482, 27.067190170288086], [93.78227233886713, 27.066900253296126], [93.78116607666033, 27.06081962585455], [93.7791366577149, 27.058290481567667], [93.7791595458985, 27.053342819213924], [93.77794647216814, 27.05277061462408], [93.77543640136736, 27.056219100952376], [93.77368164062528, 27.06236076354992], [93.77239990234392, 27.062301635742188], [93.7717895507812, 27.055519104003963], [93.7709579467774, 27.054550170898665], [93.77007293701166, 27.05558013916027], [93.7681961059572, 27.055519104003963], [93.76847839355474, 27.043291091919116], [93.74642944335938, 27.032409667968807], [93.74257659912138, 27.029712677002067], [93.73388671875017, 27.027231216430664], [93.71893310546903, 27.01922035217285], [93.70556640625028, 27.00832939147955], [93.7044982910158, 27.00656127929699], [93.70568084716803, 27.003681182861328], [93.70095062255865, 26.997102737426758], [93.69828033447271, 26.994791030883732], [93.69655609130865, 26.99237823486351], [93.67578125000006, 26.97107124328619], [93.65511322021501, 26.966478347778548], [93.64016723632841, 26.964780807495117], [93.62449645996122, 26.96421051025419], [93.59583282470709, 26.955181121826172], [93.58422088623053, 26.95264816284191], [93.57079315185564, 26.95412254333513], [93.54548645019537, 26.95174026489252], [93.5258407592774, 26.948631286621094], [93.48935699462908, 26.93852996826189], [93.486831665039, 26.94309043884283], [93.4802932739259, 26.94017982482916], [93.46810913085966, 26.938890457153605], [93.46383666992193, 26.94354057312023], [93.44786834716808, 26.95415115356451], [93.4366607666015, 26.95609092712425], [93.39073181152361, 26.960029602050724], [93.37423706054699, 26.960380554199332], [93.34793853759794, 26.96324157714855], [93.26685333251964, 26.956001281738395], [93.22238922119146, 26.949140548706055], [93.1842803955081, 26.938739776611442], [93.1089630126956, 26.927280426025504], [93.09187316894548, 26.915540695190373], [93.07636260986322, 26.919940948486328], [93.06884002685553, 26.924209594726562], [93.06017303466797, 26.921180725097656], [93.03820800781278, 26.917881011963118], [93.01937103271501, 26.916830062866325], [92.99743652343767, 26.930349349975643], [92.99579620361334, 26.930320739746094], [92.99375915527372, 26.931787490844783], [92.98668670654325, 26.933830261230526], [92.98271942138666, 26.93593978881836], [92.980697631836, 26.93562126159685], [92.9729766845706, 26.94082069396967], [92.96161651611334, 26.945880889892578], [92.95136260986334, 26.948909759521484], [92.9327697753908, 26.95693969726574], [92.92640686035185, 26.96066093444847], [92.92166137695341, 26.96190834045433], [92.91777038574224, 26.96424102783203], [92.91494750976574, 26.969760894775618], [92.9166793823245, 26.98465156555187], [92.89977264404314, 26.9962615966798], [92.89028930664068, 26.999820709228516], [92.88751983642607, 27.00022125244152], [92.88337707519548, 27.00234031677246], [92.87243652343778, 27.00769996643072], [92.83658599853544, 27.013549804687727], [92.82441711425781, 27.01848030090332], [92.78527069091825, 27.03067970275879], [92.76909637451166, 27.033041000366154], [92.72750854492182, 27.028400421142692], [92.71367645263678, 27.02609062194847], [92.70231628417997, 27.02758026123047], [92.68238830566412, 27.031740188598746], [92.65892791748053, 27.03852081298851], [92.65702056884771, 27.037590026855526], [92.65048980712908, 27.02477836608898], [92.6390991210938, 27.01853942871105], [92.64463043212896, 27.010040283203125], [92.64420318603533, 27.002510070800895], [92.64530944824213, 26.995611190796012], [92.6454620361331, 26.987449645996207], [92.58521270751982, 26.961862564086914], [92.55361175537126, 26.95907020568859], [92.53176116943371, 26.96330070495611], [92.51544189453142, 26.964420318603743], [92.50502014160162, 26.966770172119254], [92.49063873291016, 26.96473121643072], [92.48375701904291, 26.964740753173828], [92.466293334961, 26.963060379028377], [92.45957183837908, 26.96331024169922], [92.44616699218778, 26.96063995361328], [92.44216918945307, 26.95502281188959], [92.42576599121088, 26.943468093872355], [92.41188812255876, 26.94419097900402], [92.39975738525396, 26.926271438598746], [92.36728668212896, 26.931550979614315], [92.36443328857428, 26.932699203491325], [92.35305023193371, 26.935569763183707], [92.34677886962919, 26.933460235595703], [92.32005310058605, 26.928380966186523], [92.30285644531256, 26.924209594726562], [92.30374908447283, 26.909540176391545], [92.30053710937506, 26.908140182495117], [92.29007720947271, 26.905460357666072], [92.28148651123053, 26.904148101806868], [92.27639007568388, 26.90246963500988], [92.26786804199236, 26.905082702637003], [92.26510620117193, 26.90760040283203], [92.26123046875, 26.90876960754389], [92.25456237792974, 26.912229537963924], [92.2093505859375, 26.896890640258903], [92.19484710693376, 26.891000747680778], [92.17716979980474, 26.892480850219954], [92.16882324218778, 26.891910552978516], [92.16239929199236, 26.892660140991154], [92.14792633056658, 26.89088821411127], [92.12953948974638, 26.89071273803711], [92.12419128417997, 26.88976097106945], [92.12036895751982, 26.890300750732706], [92.10788726806646, 26.89381980895996], [92.10817718505888, 26.894128799438477], [92.10779571533232, 26.899623870849723], [92.108871459961, 26.907411575317496], [92.11360168457031, 26.91954040527355], [92.11706542968756, 26.93241691589361], [92.11476898193365, 26.942199707031477], [92.11194610595709, 26.949369430541992], [92.11738586425798, 26.96021842956543], [92.1132431030274, 26.975730895996094], [92.10410308837896, 26.97772026062006], [92.10212707519548, 26.983001708984432], [92.10246276855497, 26.990093231201172], [92.10328674316423, 27.007749557495174], [92.0972518920899, 27.009517669677848], [92.08818054199219, 27.016992568969783], [92.07980346679705, 27.02060890197754], [92.07875061035162, 27.03277015686035], [92.07663726806646, 27.039848327636776], [92.0706176757812, 27.04540824890148], [92.06395721435547, 27.05220985412592], [92.05368041992205, 27.0521621704101], [92.04490661621111, 27.051969528198413], [92.04183959960938, 27.060386657714844], [92.03374481201178, 27.064815521240348], [92.03620910644537, 27.070190429687727], [92.03293609619146, 27.074811935424748], [92.02777862548834, 27.078580856323356], [92.02795410156267, 27.0802059173584], [92.02842712402372, 27.084560394287166], [92.02752685546875, 27.097177505493278], [92.02249145507818, 27.108156204223633], [92.02220153808611, 27.114919662475586], [92.02820587158209, 27.12345123291027], [92.03096008300781, 27.130380630493278], [92.03441619873064, 27.1325302124024], [92.03647613525385, 27.13843536376953], [92.03057861328125, 27.14715194702171], [92.02844238281278, 27.15070533752447], [92.0242996215822, 27.154233932495174], [92.02337646484392, 27.162334442138672], [92.02522277832026, 27.17176055908203], [92.03539276123064, 27.17678070068365], [92.04100799560558, 27.181320190429688], [92.04399871826178, 27.182222366333065], [92.05104827880865, 27.184345245361555], [92.0562362670899, 27.18959045410179], [92.05725860595732, 27.20308113098139], [92.06275177001964, 27.209600448608512], [92.0667343139649, 27.2149276733399], [92.06964874267607, 27.22364044189453], [92.06832885742182, 27.234180450439567], [92.06604766845697, 27.239459991455305], [92.0657806396485, 27.24496078491211], [92.06147003173822, 27.2476615905764], [92.0524291992188, 27.251789093017578], [92.04967498779314, 27.256595611572266], [92.03992462158203, 27.261802673339844], [92.03959655761719, 27.26667213439947], [92.04885101318388, 27.271570205688477], [92.0700225830081, 27.277360916137752], [92.07273864746094, 27.276847839355412], [92.07817077636724, 27.27581977844244], [92.08313751220709, 27.272050857544002], [92.09503936767572, 27.273040771484375], [92.1016235351563, 27.269109725952262], [92.10987854003935, 27.273981094360465], [92.11010742187494, 27.273950576782454], [92.11030578613281, 27.27392387390148], [92.11515808105474, 27.27329063415533], [92.11902618408232, 27.275890350342024], [92.11978912353544, 27.280698776245174], [92.12061309814453, 27.287570953369254], [92.11734008789091, 27.292825698852766], [92.10706329345703, 27.29901123046875], [92.10263061523466, 27.301446914672965], [92.0779876708985, 27.31028938293457], [92.06715393066435, 27.318267822265625], [92.05879211425776, 27.327199935913256], [92.06020355224615, 27.34528541564964], [92.05684661865263, 27.34900283813488], [92.04839324951178, 27.3582897186281], [92.04637908935575, 27.36836051940918], [92.04605865478533, 27.379259109497184], [92.04989624023438, 27.390090942382926], [92.05447387695312, 27.400117874145508], [92.05294799804688, 27.4041423797608], [92.04730987548857, 27.40656280517578], [92.04207611083984, 27.412839889526538], [92.04393005371094, 27.4253444671632], [92.04275512695341, 27.430999755859375], [92.03875732421903, 27.436510086059684], [92.03295898437506, 27.437465667724666], [92.02391815185564, 27.44159126281761], [92.0191879272461, 27.447620391845817], [92.01674652099615, 27.45804023742687], [92.01980590820318, 27.468120574951172], [92.01876068115234, 27.47974586486839], [92.01117706298828, 27.481830596923828], [91.99673461914068, 27.477352142334098], [91.98912811279308, 27.474288940429688], [91.98221588134771, 27.467649459838924], [91.979057312012, 27.464960098266545], [91.9730834960938, 27.464998245239258], [91.96543121337896, 27.46681022644043], [91.9546508789062, 27.461425781250114], [91.9494018554688, 27.46084976196289], [91.93937683105497, 27.46063041687023], [91.9318466186524, 27.464960098266545], [91.92273712158209, 27.471349716186467], [91.90896606445318, 27.471210479736555], [91.89850616455084, 27.46827125549322], [91.8909683227539, 27.47323989868164], [91.87223815917997, 27.4728298187257], [91.86302947998053, 27.482070922851506], [91.84913635253935, 27.48255157470726], [91.83960723876982, 27.475740432739485], [91.8284759521485, 27.46898078918457], [91.82820129394526, 27.46900558471674], [91.82800292968744, 27.469022750854606], [91.81790924072266, 27.46989822387701], [91.8094100952149, 27.472600936889876], [91.78864288330084, 27.469209671020508], [91.77381134033232, 27.46451568603527], [91.77115631103544, 27.464975357055664], [91.77099609375, 27.465003967285384], [91.76278686523438, 27.466428756713867], [91.75659179687506, 27.473312377929688], [91.74980163574213, 27.47423171997076], [91.74188995361334, 27.473863601684684], [91.7332763671875, 27.470230102539347], [91.72001647949247, 27.47035980224632], [91.7138290405274, 27.473632812500114], [91.71263122558594, 27.482990264892578], [91.71063995361334, 27.491249084472656], [91.69995117187506, 27.495500564575195], [91.69008636474638, 27.5027503967288], [91.68361663818354, 27.502410888671932], [91.67986297607439, 27.499879837036133], [91.67444610595732, 27.49441909790039], [91.66748809814459, 27.49082946777372], [91.6610870361331, 27.486661911010742], [91.66042327880865, 27.486230850219954], [91.65323638916027, 27.48298072814964], [91.64740753173845, 27.48472976684576], [91.64625549316406, 27.492008209228743], [91.644096374512, 27.49899291992199], [91.6388778686524, 27.50365066528326], [91.62818908691412, 27.508081436157227], [91.62052154541033, 27.51330375671381], [91.61595916748064, 27.522390365600643], [91.6092529296875, 27.541627883911076], [91.60545349121111, 27.54369354248047], [91.60215759277372, 27.541469573974894], [91.60195922851591, 27.541336059570426], [91.60116577148449, 27.540800094604492], [91.59442138671875, 27.539552688598633], [91.59144592285168, 27.543800354003963], [91.58149719238287, 27.562320709228516], [91.56678009033209, 27.5750408172608], [91.56200408935553, 27.584209442138615], [91.57681274414057, 27.599559783935604], [91.57612609863287, 27.60831069946289], [91.57106781005888, 27.612859725952262], [91.57096862792974, 27.612949371337947], [91.56314849853521, 27.61997985839838], [91.55773925781244, 27.633466720580998], [91.56683349609386, 27.6524658203125], [91.58972930908214, 27.67181587219261], [91.59020996093767, 27.67904281616211], [91.59180450439459, 27.683231353759766], [91.59848785400396, 27.686561584472656], [91.5963745117188, 27.69256401062023], [91.60248565673834, 27.694972991943473], [91.61006164550781, 27.692901611328125], [91.61453247070341, 27.695989608764762], [91.61605834960966, 27.70198631286621], [91.62374114990234, 27.70597076416027], [91.6233520507812, 27.715339660644474], [91.62909698486345, 27.731821060180664], [91.62961578369169, 27.74699020385748], [91.6364135742188, 27.753107070922965], [91.64002227783209, 27.757991790771484], [91.63959503173845, 27.765199661254883], [91.63114166259794, 27.771570205688704], [91.63014221191412, 27.777418136596793], [91.63037109375028, 27.782920837402344], [91.6295776367188, 27.794099807739315], [91.62815856933611, 27.800830841064567], [91.61926269531256, 27.80828094482439], [91.61510467529325, 27.81124496459961], [91.59882354736334, 27.820852279663143], [91.58415222167974, 27.818773269653263], [91.5780105590822, 27.81391716003418], [91.57295989990263, 27.812711715698356], [91.56546783447271, 27.81531524658203], [91.5604858398438, 27.821409225463867], [91.5560913085938, 27.831325531006087], [91.54579162597662, 27.846851348876896], [91.54389190673834, 27.85555458068859], [91.55252075195318, 27.858572006225586], [91.55875396728516, 27.8516902923584], [91.56440734863276, 27.85272979736328], [91.56973266601591, 27.860719680786246], [91.57711791992193, 27.861999511719034], [91.58443450927729, 27.856225967407283], [91.59408569335943, 27.862062454223576], [91.59928131103544, 27.85930824279808], [91.60737609863298, 27.85400009155279], [91.6149215698245, 27.856891632080135], [91.62160491943388, 27.857692718505973], [91.62658691406244, 27.8558292388916], [91.62725067138678, 27.855579376220817], [91.63185119628912, 27.855058670044116], [91.63776397705084, 27.854509353637752], [91.64185333251947, 27.854129791259766], [91.65406036376947, 27.85706138610857], [91.66195678710943, 27.85824012756359], [91.66932678222656, 27.856710433960018], [91.67959594726591, 27.844139099121264], [91.68952941894526, 27.829139709472713], [91.69412231445312, 27.822130203247127], [91.70221710205084, 27.816820144653434], [91.7095718383789, 27.813289642333928], [91.72115325927763, 27.81049919128418], [91.7462768554688, 27.803350448608455], [91.75813293457037, 27.801298141479776], [91.77112579345732, 27.801240921020508], [91.77870178222662, 27.80306053161621], [91.78859710693365, 27.804639816284237], [91.79907226562517, 27.808221817016715], [91.80412292480497, 27.8088893890382], [91.81051635742205, 27.80298995971674], [91.81527709960955, 27.80337905883789], [91.82421112060547, 27.810350418090934], [91.8279495239259, 27.80755043029785], [91.8289031982423, 27.79667091369629], [91.83136749267584, 27.788951873779354], [91.83348846435558, 27.779888153076456], [91.84519958496111, 27.77565956115717], [91.84886932373053, 27.768249511718807], [91.85119628906256, 27.765060424804744], [91.85291290283209, 27.759330749511776], [91.85759735107439, 27.742290496826286], [91.86052703857428, 27.736932754516715], [91.87043762207037, 27.73446083068842], [91.87330627441412, 27.730470657348633], [91.87577819824224, 27.72600936889654], [91.878646850586, 27.721839904785156], [91.88844299316435, 27.72424125671415], [91.90225982666033, 27.72706985473627], [91.90281677246111, 27.727001190185604], [91.90837860107428, 27.726310729980696], [91.91500854492205, 27.718160629272404], [91.91876220703153, 27.715101242065373], [91.93402099609403, 27.721569061279297], [91.94506072998058, 27.728691101074162], [91.94659423828136, 27.73217773437517], [91.94982147216803, 27.739530563354492], [91.95558929443388, 27.750669479370174], [91.96105957031256, 27.75097084045433], [91.96582794189459, 27.751440048218], [91.97287750244146, 27.759901046753043], [91.97894287109375, 27.76473045349121], [91.98385620117188, 27.76999092102068], [91.99497222900396, 27.768419265747013], [92.00028991699236, 27.767469406128157], [92.0107421875, 27.76473045349121], [92.0377731323245, 27.75720024108898], [92.04863739013683, 27.756990432739258], [92.05539703369158, 27.759130477905387], [92.06762695312517, 27.76786994934082], [92.08457183837908, 27.77977943420433], [92.09922027587919, 27.793380737304688], [92.1199569702149, 27.810600280761776], [92.13889312744169, 27.824462890625], [92.15609741210955, 27.83702087402355], [92.170883178711, 27.842912673950423], [92.18934631347662, 27.852050781250114], [92.20028686523466, 27.85707283020031], [92.21039581298857, 27.85898971557623], [92.2341918945313, 27.86264991760254], [92.23680877685564, 27.862838745117188], [92.24627685546903, 27.86351966857916], [92.25515747070318, 27.862169265747298], [92.26402282714838, 27.857931137085075], [92.26737976074224, 27.853939056396484], [92.27110290527344, 27.84464263916044], [92.27741241455095, 27.82518959045416], [92.2846908569336, 27.80755996704096], [92.30738830566406, 27.779239654541243], [92.31595611572283, 27.778240203857592], [92.32892608642595, 27.78354835510254], [92.35028076171892, 27.790660858154354], [92.364242553711, 27.79363822937023], [92.36962890625006, 27.793302536010685], [92.37470245361345, 27.793670654296932], [92.37983703613298, 27.795019149780217], [92.38295745849615, 27.81557083129877], [92.3979797363283, 27.82047080993658], [92.40686035156278, 27.822088241577433], [92.41385650634771, 27.823040008544922], [92.42736816406256, 27.812009811401367], [92.4438095092774, 27.800781250000114], [92.45493316650419, 27.803262710571403], [92.45948791503935, 27.807580947875977], [92.46703338623047, 27.81521987915039], [92.47672271728533, 27.821529388427734], [92.48455810546892, 27.828639984131087], [92.4925079345706, 27.836820602416992], [92.50132751464861, 27.841501235961914], [92.51509094238298, 27.84021949768072], [92.52636718750006, 27.831130981445312], [92.534477233887, 27.824331283569393], [92.54389953613281, 27.817470550537223], [92.55425262451178, 27.818298339843864], [92.56069183349615, 27.82104110717779], [92.56529998779303, 27.827350616455192], [92.57624053955107, 27.84181022644043], [92.58574676513683, 27.856870651245288], [92.60507202148438, 27.877508163452205], [92.62036132812517, 27.884468078613395], [92.631591796875, 27.88729095459007], [92.65157318115263, 27.892971038818473], [92.6692123413086, 27.90013122558605], [92.67415618896501, 27.9060001373291], [92.68636322021501, 27.919481277465763], [92.70125579833984, 27.933809280395508], [92.713851928711, 27.949279785156477], [92.7297973632812, 27.971920013427848], [92.73316192626959, 27.977930068969783], [92.73948669433622, 27.98941040039091], [92.73352050781256, 27.99570846557623], [92.72779083251959, 28.001480102539062], [92.72208404541021, 28.014474868774414], [92.72126007080095, 28.016340255737305], [92.70954132080107, 28.033279418945597], [92.70246887207043, 28.04084014892601], [92.69542694091825, 28.048370361328068], [92.68125152587896, 28.058578491211165], [92.66293334960943, 28.062770843505803], [92.6611633300783, 28.067701339721737], [92.6672592163086, 28.078268051147404], [92.67311859130888, 28.096700668335018], [92.67763519287115, 28.110374450683594], [92.68016052246105, 28.1180095672608], [92.68490600585943, 28.12342453002924], [92.68698883056646, 28.12579917907715], [92.69415283203125, 28.129825592041243], [92.6957626342774, 28.130729675293082], [92.70458221435575, 28.136568069458008], [92.72090148925781, 28.144979476928825], [92.736557006836, 28.151550292968693], [92.73785400390642, 28.152465820312614], [92.74424743652355, 28.156972885131893], [92.75833129882818, 28.166900634765682], [92.75953674316435, 28.167724609375114], [92.78302764892578, 28.183740615844954], [92.79963684082048, 28.202230453491325], [92.80754852294928, 28.204078674316463], [92.81617736816435, 28.201620101928825], [92.81932067871094, 28.19741058349615], [92.81768035888683, 28.18431091308605], [92.81861877441412, 28.181596755981616], [92.82126617431646, 28.173919677734546], [92.826469421387, 28.172035217285213], [92.83010101318388, 28.17295646667486], [92.83937835693365, 28.1792049407959], [92.83960723876964, 28.17935943603527], [92.84729003906244, 28.18282127380371], [92.85260009765653, 28.1852321624757], [92.87275695800787, 28.194389343261946], [92.89525604248053, 28.204610824585018], [92.90532684326189, 28.21524047851591], [92.91294860839861, 28.23501968383789], [92.92288970947266, 28.242580413818473], [92.927719116211, 28.244138717651424], [92.93347167968778, 28.245990753173885], [92.94172668457031, 28.24864959716797], [92.95552062988287, 28.258329391479492], [92.96452331542974, 28.261810302734375], [92.97447204589872, 28.259620666504134], [92.98596191406244, 28.251310348510913], [92.986869812012, 28.24249076843256], [92.98999023437517, 28.23442268371582], [92.99465942382818, 28.230260848999308], [93.00035858154303, 28.230791091918945], [93.00994873046903, 28.239870071411246], [93.02033996582048, 28.252298355102653], [93.03378295898449, 28.263130187988224], [93.03289031982422, 28.266830444335994], [93.02565765380876, 28.286640167236442], [93.02393341064453, 28.292766571045036], [93.02262115478533, 28.297405242919922], [93.0219116210938, 28.299930572509822], [93.02366638183605, 28.303199768066406], [93.02497863769537, 28.303276062011776], [93.03224182128912, 28.303699493408203], [93.04592132568365, 28.302499771118164], [93.04624938964844, 28.302471160888786], [93.06167602539057, 28.306930541992244], [93.06266021728533, 28.307151794433707], [93.06916809082048, 28.308614730835075], [93.07203674316423, 28.30925941467308], [93.08711242675781, 28.306221008301065], [93.09535217285162, 28.30707931518583], [93.11068725585966, 28.314790725708235], [93.11213684082037, 28.315521240234432], [93.12478637695341, 28.326799392700423], [93.12906646728533, 28.326490402221737], [93.13646697998047, 28.324890136718864], [93.15496826171875, 28.3184814453125], [93.17978668212908, 28.31721115112299], [93.19375610351568, 28.318040847778377], [93.20693206787115, 28.32327079772972], [93.21897888183605, 28.333730697631893], [93.21988677978521, 28.335510253906307], [93.22145843505871, 28.33856964111351], [93.2227401733399, 28.341068267822266], [93.2202987670899, 28.355489730835018], [93.21927642822283, 28.361499786376953], [93.22225952148466, 28.377941131591854], [93.23152160644537, 28.400711059570312], [93.22586822509794, 28.408300399780273], [93.21605682373053, 28.413669586181754], [93.20461273193365, 28.419279098511026], [93.19036865234386, 28.426019668579215], [93.18106842041044, 28.432741165161076], [93.18266296386736, 28.439990997314567], [93.19033813476568, 28.444150924682617], [93.2008819580081, 28.448991775512695], [93.20754241943371, 28.452228546142862], [93.21357727050787, 28.45816993713379], [93.22245025634794, 28.470279693603743], [93.22905731201178, 28.477951049804858], [93.23530578613298, 28.48273086547863], [93.2363891601562, 28.483242034912337], [93.25395965576172, 28.49155044555664], [93.26286315917997, 28.496900558471793], [93.26963043212908, 28.501140594482422], [93.27591705322283, 28.50482940673828], [93.27934265136736, 28.51379013061529], [93.2816467285158, 28.521230697631893], [93.28890991210938, 28.54341125488287], [93.29743957519531, 28.557588577270735], [93.30526733398438, 28.5662593841555], [93.30333709716791, 28.576871871948242], [93.29753875732428, 28.592029571533317], [93.29987335205107, 28.59955024719261], [93.30639648437494, 28.600982666015625], [93.31137084960938, 28.603750228881836], [93.31958007812517, 28.607009887695597], [93.32763671875006, 28.608289718628043], [93.32987976074236, 28.615631103515625], [93.33096313476591, 28.623479843139876], [93.33230590820341, 28.633680343627873], [93.33550262451178, 28.638179779052848], [93.33690643310541, 28.640159606933707], [93.34191894531267, 28.64011955261242], [93.3508605957033, 28.638891220092773], [93.36177062988281, 28.640829086303768], [93.36971282958979, 28.64454078674322], [93.38967895507818, 28.649469375610522], [93.39539337158209, 28.650356292724666], [93.40518188476591, 28.651870727539062], [93.41184234619169, 28.65290069580101], [93.42980194091791, 28.662309646606673], [93.43714141845709, 28.669134140014762], [93.43746948242205, 28.669439315795955], [93.44132995605474, 28.672559738159293], [93.44567108154314, 28.676040649414176], [93.45674896240251, 28.668420791626033], [93.46256256103544, 28.657030105591105], [93.46675872802763, 28.652120590210018], [93.4741973876956, 28.653650283813477], [93.47550201416021, 28.662309646606673], [93.4791793823245, 28.67498016357439], [93.48359680175781, 28.680091857910156], [93.48556518554693, 28.68110275268566], [93.49111938476568, 28.683961868286133], [93.49550628662115, 28.68402290344244], [93.50086975097662, 28.682092666625977], [93.50920867919922, 28.67984008789074], [93.51199340820341, 28.678028106689567], [93.51843261718761, 28.673830032348576], [93.51893615722656, 28.671495437622184], [93.5202026367187, 28.66564178466797], [93.52446746826172, 28.661279678344727], [93.53383636474615, 28.658849716186637], [93.56127166748064, 28.659610748291016], [93.60698699951166, 28.655878067016715], [93.62008666992193, 28.657730102539176], [93.63487243652361, 28.661020278930778], [93.63887023925798, 28.661909103393498], [93.65364074707037, 28.666839599609602], [93.66942596435547, 28.671960830688477], [93.68551635742199, 28.679340362548885], [93.69964599609403, 28.679929733276424], [93.71382141113281, 28.683860778808707], [93.7250289916995, 28.688219070434627], [93.73156738281267, 28.689279556274357], [93.74364471435553, 28.684627532958984], [93.74732971191435, 28.68321037292486], [93.76127624511747, 28.67460823059082], [93.771713256836, 28.67003631591797], [93.77517700195341, 28.668518066406307], [93.78528594970732, 28.67140960693382], [93.79736328125, 28.680271148681868], [93.8187866210938, 28.694890975952433], [93.83555603027344, 28.70452117919922], [93.84403991699247, 28.70738983154297], [93.84966278076189, 28.70699119567871], [93.85787200927734, 28.705802917480582], [93.86527252197283, 28.70371246337919], [93.9041290283206, 28.67666053771984], [93.91960144042963, 28.670379638671875], [93.92613220214861, 28.67180061340332], [93.93456268310553, 28.67709922790533], [93.94352722167974, 28.6891708374024], [93.95697021484403, 28.704679489135742], [93.96028900146501, 28.713060379028377], [93.96253967285156, 28.71871185302757], [93.96555328369169, 28.723239898681754], [93.96511077880865, 28.74299049377464], [93.96850585937506, 28.751382827759016], [93.97763061523455, 28.759300231933594], [93.99035644531278, 28.765630722046012], [93.99809265136724, 28.771640777588118], [94.00142669677729, 28.775539398193303], [94.00163269042969, 28.78428077697754], [93.99841308593767, 28.788040161132756], [93.98526763916033, 28.798290252685717], [93.98557281494169, 28.80677032470703], [93.98680114746111, 28.80787849426281], [93.99997711181646, 28.819770812988338], [93.99800109863276, 28.831119537353572], [93.99491119384794, 28.841369628906307], [94.00285339355474, 28.8470211029055], [94.01480865478533, 28.851181030273438], [94.01792144775396, 28.85164260864252], [94.03006744384783, 28.85345077514654], [94.03420257568388, 28.8609619140625], [94.04399871826189, 28.873830795288086], [94.05694580078125, 28.886428833007926], [94.0581130981447, 28.887559890747298], [94.06653594970703, 28.89608955383318], [94.07884216308622, 28.90582084655773], [94.09416198730486, 28.915130615234375], [94.12046813964844, 28.930280685424748], [94.13648986816406, 28.940391540527457], [94.15513610839872, 28.95476150512701], [94.15692138671892, 28.959369659423942], [94.15831756591803, 28.97406005859375], [94.16677093505888, 28.981161117553825], [94.17294311523455, 28.991821289062557], [94.1717758178711, 29.00316810607916], [94.171928405762, 29.007001876831225], [94.17195892333984, 29.007762908935774], [94.17520904541016, 29.020490646362248], [94.17945861816412, 29.028551101684684], [94.18498992919928, 29.039121627807674], [94.19198608398438, 29.048799514770792], [94.19899749755888, 29.060108184814567], [94.20577239990234, 29.069351196289347], [94.21469116210938, 29.08408927917486], [94.2247161865235, 29.09000968933111], [94.23307800292974, 29.096281051635742], [94.23805999755865, 29.100458145141715], [94.24579620361345, 29.107980728149414], [94.25768280029303, 29.116790771484432], [94.26889038085955, 29.127128601074332], [94.27755737304699, 29.135391235351562], [94.28772735595697, 29.14814949035656], [94.29235076904314, 29.149620056152457], [94.29757690429693, 29.150550842285213], [94.3074569702149, 29.150880813598633], [94.31155395507841, 29.150598526001033], [94.31846618652361, 29.150119781494254], [94.33132934570318, 29.15028953552269], [94.35016632080084, 29.15020942688011], [94.35692596435575, 29.152589797973633], [94.35778045654314, 29.15317344665533], [94.35824584960949, 29.15349197387718], [94.36370086669922, 29.1572208404541], [94.3676300048831, 29.166339874267862], [94.37008666992216, 29.181760787964095], [94.37227630615251, 29.19022941589384], [94.37684631347673, 29.194501876831055], [94.39707946777344, 29.203830718994197], [94.39952850341814, 29.20496940612793], [94.4138793945313, 29.21269035339361], [94.4257431030274, 29.223560333252237], [94.4311828613283, 29.22682189941429], [94.43389129638672, 29.226459503173828], [94.44146728515625, 29.2254390716555], [94.45465850830095, 29.223970413208008], [94.46694946289068, 29.221679687500227], [94.47006988525385, 29.220903396606445], [94.47869873046892, 29.218759536743107], [94.4944610595706, 29.216672897339095], [94.50297546386724, 29.21690177917492], [94.51400756835943, 29.217201232910156], [94.53306579589861, 29.218719482421818], [94.54580688476562, 29.223270416259822], [94.55789947509771, 29.228910446167106], [94.55995178222673, 29.23148345947277], [94.56739807128923, 29.24082946777355], [94.57208251953153, 29.25057029724138], [94.57264709472685, 29.25649070739746], [94.57344818115229, 29.26490020751953], [94.57389068603516, 29.27517127990734], [94.57775878906256, 29.28076934814453], [94.58383178710943, 29.28269004821783], [94.58895874023438, 29.286300659179688], [94.59388732910173, 29.28984069824247], [94.60536956787115, 29.296989440918026], [94.61071014404303, 29.301162719726733], [94.61900329589872, 29.312799453735295], [94.62108612060575, 29.32253074646019], [94.62370300292974, 29.336771011352653], [94.62354278564459, 29.345590591430778], [94.62815856933622, 29.348590850830135], [94.64145660400396, 29.34692001342779], [94.6495513916015, 29.341922760009822], [94.66597747802751, 29.331779479980582], [94.67724609375017, 29.327840805053768], [94.68158721923822, 29.323801040649528], [94.69095611572266, 29.316711425781364], [94.69461822509783, 29.313940048218], [94.70445251464872, 29.307750701904297], [94.71105194091803, 29.304340362548885], [94.7158660888673, 29.300132751464957], [94.73070526123053, 29.287160873413086], [94.7366333007813, 29.28198051452648], [94.74822235107422, 29.266258239746264], [94.76653289794922, 29.25279045105009], [94.77738189697283, 29.241119384765682], [94.78276824951178, 29.233190536499023], [94.79084014892607, 29.226190567016715], [94.79538726806646, 29.2187309265139], [94.79789733886747, 29.20998954772972], [94.79653167724615, 29.19549942016613], [94.79286956787115, 29.18036079406744], [94.79292297363293, 29.169740676879826], [94.79798889160173, 29.164609909057845], [94.80948638916021, 29.166709899902344], [94.82028961181658, 29.170959472656307], [94.83261871337919, 29.17674255371105], [94.8402633666995, 29.18016052246105], [94.84658813476562, 29.182991027832145], [94.85244750976591, 29.18371963500971], [94.87180328369158, 29.184289932251147], [94.88115692138689, 29.181789398193644], [94.89263153076178, 29.176040649414233], [94.90695953369146, 29.166521072387695], [94.91880035400396, 29.16230010986328], [94.9268264770509, 29.162759780883846], [94.93824005126959, 29.16097831726097], [94.93939971923834, 29.16094207763672], [94.9568862915039, 29.16037178039562], [94.9676895141601, 29.159751892089957], [94.9709777832033, 29.15624046325695], [94.98159790039091, 29.14995002746582], [94.98654937744169, 29.146709442138615], [94.99510192871105, 29.140960693359375], [95.00498199462896, 29.135749816894474], [95.0111618041995, 29.13340759277355], [95.02279663085966, 29.130620956420955], [95.0256729125976, 29.1335906982423], [95.01822662353544, 29.142959594726676], [95.01040649414091, 29.15185928344721], [95.00421905517584, 29.15771102905279], [94.99195861816423, 29.165819168090877], [94.98668670654303, 29.173538208007812], [94.99749755859392, 29.173011779785213], [95.0049133300783, 29.1704998016358], [95.01088714599615, 29.167079925537223], [95.02027130126959, 29.16114997863781], [95.02339172363276, 29.159801483154354], [95.02922821044928, 29.157279968262003], [95.0397415161134, 29.152421951293945], [95.05368041992216, 29.15018463134777], [95.05433654785173, 29.150079727173136], [95.06555938720703, 29.14793014526373], [95.07810974121122, 29.145601272583065], [95.09211730957031, 29.1443576812747], [95.0983963012697, 29.143800735473576], [95.10251617431669, 29.140108108520565], [95.10888671875017, 29.129020690918082], [95.11353302001959, 29.12120056152355], [95.12175750732433, 29.116250991821516], [95.14592742919928, 29.115610122680664], [95.15487670898443, 29.11334991455101], [95.17752075195312, 29.10857963562023], [95.19664764404303, 29.10758018493675], [95.20289611816423, 29.107856750488395], [95.21362304687506, 29.108333587646598], [95.21671295166021, 29.108470916748274], [95.24047851562517, 29.110710144043082], [95.25076293945312, 29.109880447387695], [95.247856140137, 29.093772888183707], [95.2513732910158, 29.0857391357423], [95.25057983398455, 29.081357955932617], [95.24971008300787, 29.076580047607422], [95.2501068115235, 29.068571090698242], [95.2575073242188, 29.06197929382347], [95.2665557861331, 29.057649612426758], [95.27237701416021, 29.058612823486328], [95.27787780761736, 29.059530258178768], [95.286186218262, 29.062219619751147], [95.29750061035173, 29.063190460205078], [95.30274963378912, 29.06291961669922], [95.30870819091825, 29.059310913086108], [95.31826782226557, 29.05507087707531], [95.33112335205084, 29.051450729370117], [95.34548950195324, 29.046110153198242], [95.37387084960943, 29.04129028320324], [95.38463592529291, 29.038040161132926], [95.39996337890625, 29.035400390625284], [95.41013336181646, 29.034120559692496], [95.41651153564453, 29.038160324096737], [95.42154693603521, 29.04121017456066], [95.42935943603521, 29.041280746459904], [95.43871307373053, 29.037202835083008], [95.44742584228533, 29.036012649536246], [95.45433807373053, 29.03699111938488], [95.45926666259783, 29.043100357055607], [95.46485900878912, 29.054611206054744], [95.47020721435553, 29.06089973449707], [95.47402954101568, 29.065929412841854], [95.48298645019537, 29.07113075256342], [95.485893249512, 29.07625007629406], [95.48908996582037, 29.089740753173828], [95.491928100586, 29.109180450439453], [95.49186706542986, 29.123680114746207], [95.49498748779303, 29.135299682617244], [95.49633026123053, 29.140310287475586], [95.50353240966797, 29.14299011230463], [95.51381683349626, 29.138919830322266], [95.52778625488287, 29.13474273681652], [95.53827667236334, 29.130569458007926], [95.54680633544939, 29.128650665283203], [95.5465621948245, 29.14575004577648], [95.5470809936524, 29.15133285522461], [95.54679870605486, 29.158710479736612], [95.54630279541021, 29.16806983947754], [95.54531860351568, 29.180580139160156], [95.54505157470697, 29.181751251220817], [95.54155731201183, 29.196979522705305], [95.5371780395509, 29.208242416381836], [95.53771972656256, 29.21400070190441], [95.54502868652372, 29.215589523315543], [95.56035614013689, 29.21653175354004], [95.57971954345732, 29.217372894287166], [95.5858001708985, 29.21799278259283], [95.58560943603521, 29.22816085815424], [95.58763122558611, 29.242372512817496], [95.59303283691412, 29.254230499267692], [95.59873199462896, 29.261861801147518], [95.60510253906278, 29.262470245361612], [95.62062072753923, 29.25494956970215], [95.63121795654325, 29.24904823303234], [95.6380233764649, 29.249839782714844], [95.64288330078153, 29.256029129028377], [95.65228271484392, 29.260490417480412], [95.6602325439456, 29.26522827148449], [95.67323303222656, 29.271099090576172], [95.68315124511719, 29.277280807495117], [95.69225311279325, 29.28652191162132], [95.69734191894537, 29.294588088989485], [95.70189666748047, 29.300420761108455], [95.70633697509771, 29.300680160522404], [95.71517181396513, 29.29829978942894], [95.72705078125017, 29.302469253540153], [95.74349975585943, 29.316249847412223], [95.74540710449224, 29.329120635986328], [95.76509857177746, 29.344591140747184], [95.77294921875028, 29.351840972900447], [95.77762603759771, 29.356399536132926], [95.78309631347656, 29.356380462646655], [95.78695678710955, 29.347360610961914], [95.79102325439459, 29.337898254394645], [95.79648590087908, 29.33633041381836], [95.80256652832048, 29.339372634887695], [95.80349731445307, 29.340074539184513], [95.81008148193365, 29.345069885253963], [95.81925201416021, 29.35205078125], [95.8268127441408, 29.355710983276595], [95.84030151367182, 29.353742599487305], [95.84825897216808, 29.358659744262752], [95.85894012451183, 29.36750984191906], [95.87523651123064, 29.38558006286621], [95.88085174560553, 29.391490936279297], [95.88931274414091, 29.391361236572322], [95.89926910400408, 29.389753341674748], [95.90959167480486, 29.388090133667163], [95.93537902832037, 29.384250640869197], [95.95710754394537, 29.382667541504134], [95.96589660644537, 29.38739013671875], [95.97796630859386, 29.400449752807617], [95.98719024658203, 29.40687179565424], [95.99318695068365, 29.410440444946403], [96.00248718261736, 29.412071228027457], [96.01452636718756, 29.421350479125977], [96.02555084228533, 29.433429718017578], [96.03472137451189, 29.442989349365234], [96.04406738281267, 29.450469970703125], [96.05560302734403, 29.458410263061637], [96.06945037841803, 29.462272644043082], [96.08053588867193, 29.46334457397461], [96.08718872070318, 29.461610794067383], [96.09281921386747, 29.456430435180664], [96.10118103027355, 29.445310592651538], [96.11319732666027, 29.427509307861328], [96.12394714355469, 29.417619705200423], [96.13923645019548, 29.407791137695312], [96.1499862670899, 29.399259567260856], [96.1577758789063, 29.383100509643555]]]}}