{"type": "Feature", "properties": {"ID_0": 105, "ISO": "IND", "NAME_0": "India", "ID_1": 5, "NAME_1": "Bihar", "NL_NAME_1": null, "VARNAME_1": null, "TYPE_1": "State", "ENGTYPE_1": "State"}, "geometry": {"type": "MultiPolygon", "coordinates": [[[[88.1054763793947, 26.53903961181652], [88.10504913330072, 26.53584861755371], [88.10621643066423, 26.536014556884993], [88.10202026367205, 26.534389495849723], [88.10130310058594, 26.53530311584467], [88.10065460205107, 26.536128997802678], [88.10301971435547, 26.539236068725756], [88.10543060302729, 26.539407730102596], [88.1054763793947, 26.53903961181652]]], [[[84.11972045898443, 27.513521194458065], [84.12588500976574, 27.510807037353516], [84.13197326660162, 27.511701583862532], [84.13201904296903, 27.511709213256893], [84.14092254638678, 27.51764297485346], [84.14589691162115, 27.5168972015382], [84.14801025390636, 27.518636703491325], [84.14871978759771, 27.517814636230696], [84.15285491943376, 27.516660690307845], [84.15296936035168, 27.516628265380916], [84.15301513671903, 27.51661491394043], [84.15198516845709, 27.512298583984432], [84.15335083007824, 27.51006126403803], [84.15231323242205, 27.509609222412223], [84.15145111084013, 27.50556182861328], [84.15148925781278, 27.504096984863338], [84.15101623535162, 27.503513336181925], [84.15201568603527, 27.500616073608455], [84.14751434326189, 27.496015548706055], [84.14751434326189, 27.495967864990234], [84.14838409423834, 27.495273590088175], [84.14753723144548, 27.492635726928768], [84.15099334716797, 27.488811492920036], [84.15099334716797, 27.486181259155387], [84.15099334716797, 27.485704421997184], [84.15397644042963, 27.485828399658203], [84.15492248535185, 27.484819412231445], [84.1558380126956, 27.483839035034407], [84.16581726074219, 27.483615875244368], [84.16925811767595, 27.481603622436637], [84.16943359374994, 27.480617523193473], [84.16963195800781, 27.47949028015165], [84.17322540283232, 27.478870391845987], [84.17372131347662, 27.475561141967944], [84.17372894287115, 27.475513458252124], [84.17460632324236, 27.475147247314453], [84.17767333984392, 27.473871231079386], [84.17820739746088, 27.473649978637923], [84.1782836914063, 27.473667144775618], [84.18201446533197, 27.474510192871094], [84.18206024169939, 27.474519729614258], [84.18456268310547, 27.47315216064453], [84.18611145019537, 27.472305297851676], [84.18615722656261, 27.472301483154467], [84.19089508056646, 27.471899032593058], [84.19325256347685, 27.4690456390382], [84.19660186767584, 27.473028182983512], [84.19731903076189, 27.47241592407238], [84.20171356201189, 27.471916198730753], [84.20791625976591, 27.46941566467308], [84.21101379394526, 27.465198516845646], [84.20604705810541, 27.4593563079834], [84.2095031738283, 27.45645523071289], [84.20989227294939, 27.456127166748104], [84.21038818359403, 27.452812194824446], [84.21038055419933, 27.452775955200195], [84.20881652832037, 27.446414947509993], [84.21057891845732, 27.442461013794116], [84.21063995361328, 27.442333221435547], [84.2217025756836, 27.44021987915056], [84.22240447998075, 27.44142723083496], [84.22242736816435, 27.441471099853572], [84.22306823730486, 27.447019577026424], [84.22306823730486, 27.44742774963396], [84.22600555419928, 27.45012092590332], [84.22605895996122, 27.45013236999523], [84.227523803711, 27.45045661926264], [84.22911834716825, 27.450815200805778], [84.23254394531278, 27.454717636108512], [84.23375701904314, 27.456127166748104], [84.23728942871122, 27.45433235168457], [84.24133300781244, 27.452299118041992], [84.24146270751959, 27.452329635620117], [84.24618530273443, 27.45451164245634], [84.24724578857416, 27.453701019287394], [84.24829864501959, 27.452896118164006], [84.25276947021513, 27.45326805114746], [84.25624847412126, 27.451900482177734], [84.25691986083996, 27.449214935302734], [84.26030731201178, 27.446550369262923], [84.26158142089861, 27.445545196533146], [84.26087951660162, 27.439840316772575], [84.260726928711, 27.4386043548584], [84.26407623291033, 27.435251235962085], [84.2641220092774, 27.4352397918704], [84.26830291748053, 27.434129714966048], [84.27020263671875, 27.43153953552246], [84.27476501464861, 27.428661346435604], [84.2757415771485, 27.421119689941634], [84.27574920654303, 27.421072006225813], [84.28031921386724, 27.415214538574276], [84.27973937988281, 27.409524917602766], [84.28122711181658, 27.406417846679688], [84.27762603759783, 27.400825500488224], [84.27873992919939, 27.39523315429716], [84.28458404541044, 27.396350860595874], [84.28562164306658, 27.395318984985636], [84.28657531738298, 27.394363403320312], [84.28750610351562, 27.391458511352596], [84.28759765625006, 27.391269683838118], [84.28763580322294, 27.39122962951666], [84.2879409790039, 27.390899658203068], [84.29341125488276, 27.3850421905517], [84.29589080810541, 27.384172439575252], [84.29750823974615, 27.38454437255865], [84.29974365234392, 27.388647079468], [84.30272674560575, 27.390262603759766], [84.30683135986334, 27.38765144348173], [84.3078994750976, 27.387434005737475], [84.31291961669939, 27.386409759521598], [84.31835937500028, 27.382781982422102], [84.31963348388678, 27.38193511962885], [84.32116699218756, 27.38167953491211], [84.3308181762697, 27.380115509033317], [84.33320617675787, 27.378189086914062], [84.33429718017584, 27.377336502075252], [84.33921813964861, 27.377578735351562], [84.3399200439456, 27.377614974975813], [84.34121704101568, 27.37723350524925], [84.34867858886747, 27.375043869018725], [84.34911346435547, 27.374916076660156], [84.35907745361345, 27.37352943420416], [84.36064147949224, 27.373359680175724], [84.36145782470732, 27.373466491699446], [84.37442016601591, 27.37581443786621], [84.37493133544928, 27.376466751098803], [84.38971710205107, 27.37211799621599], [84.39001464843756, 27.371826171874943], [84.39394378662126, 27.368017196655444], [84.39916229248053, 27.370128631592024], [84.40000915527372, 27.36970329284685], [84.40823364257807, 27.370128631592024], [84.41246795654314, 27.36824989318842], [84.4162139892581, 27.37051582336437], [84.42253112792963, 27.36963272094721], [84.42638397216814, 27.37174415588379], [84.43434906005888, 27.370042800903548], [84.43740844726557, 27.36938858032255], [84.4433135986331, 27.370016098022745], [84.44601440429705, 27.368415832519702], [84.44676208496088, 27.364910125732422], [84.44771575927729, 27.364212036132983], [84.45433044433605, 27.362968444824446], [84.45959472656267, 27.361976623535156], [84.45993804931658, 27.36192703247093], [84.46402740478521, 27.359096527099894], [84.46689605712896, 27.359565734863565], [84.46725463867193, 27.358781814575195], [84.46823883056646, 27.356626510620345], [84.46827697753935, 27.356609344482706], [84.47172546386747, 27.354995727539347], [84.47492218017584, 27.357027053833008], [84.47509765625006, 27.35819816589367], [84.47810363769531, 27.362287521362305], [84.48802185058594, 27.358324050903434], [84.50454711914057, 27.355588912964038], [84.50509643554716, 27.355138778686808], [84.50521850585943, 27.355115890502987], [84.51216888427763, 27.35435295104986], [84.51251983642607, 27.354314804077376], [84.51673126220732, 27.35260772705078], [84.52291870117205, 27.353515624999943], [84.53570556640625, 27.34988403320324], [84.53574371337896, 27.349880218506087], [84.56718444824224, 27.347263336181925], [84.58867645263672, 27.34102630615257], [84.58871459960955, 27.34101867675787], [84.60372161865263, 27.338439941406364], [84.61091613769537, 27.3358154296875], [84.61192321777372, 27.336450576782397], [84.61660766601568, 27.33704566955589], [84.61776733398443, 27.337295532226676], [84.62201690673857, 27.338207244873047], [84.62074279785173, 27.337570190429915], [84.62447357177763, 27.336078643799], [84.64521789550787, 27.30601501464855], [84.68412017822271, 27.236415863037337], [84.68785095214838, 27.228830337524357], [84.68760681152372, 27.227539062500227], [84.6916809082033, 27.222265243530444], [84.69161987304716, 27.21801567077648], [84.69306182861328, 27.214801788330078], [84.68941497802751, 27.213914871215934], [84.68933105468778, 27.213878631592024], [84.68897247314482, 27.213047027587834], [84.68704986572294, 27.212926864624023], [84.68698120117193, 27.212923049926815], [84.68946838378912, 27.208822250366268], [84.68275451660173, 27.200368881225586], [84.68571472167997, 27.19641494750988], [84.6840133666995, 27.188215255737532], [84.6825180053711, 27.185914993286076], [84.68259429931646, 27.185592651367415], [84.68362426757841, 27.185707092285156], [84.68301391601568, 27.183732986450423], [84.6847381591798, 27.184045791625977], [84.68511962890636, 27.184114456176985], [84.68529510498053, 27.18370628356945], [84.6861114501956, 27.183843612670955], [84.68585968017584, 27.1824188232423], [84.68648529052763, 27.180982589721737], [84.6865310668947, 27.180934906005916], [84.68735504150396, 27.180114746093864], [84.68364715576166, 27.17988586425787], [84.68586730957037, 27.177629470825423], [84.68582916259771, 27.177597045898494], [84.67791748046903, 27.170114517211914], [84.68183135986334, 27.170019149780273], [84.68201446533209, 27.1700496673584], [84.68312835693376, 27.168558120727482], [84.68278503417974, 27.167930603027287], [84.68238830566412, 27.167190551757983], [84.67951965332031, 27.16621589660673], [84.67919921875006, 27.162788391113224], [84.67912292480486, 27.162349700927734], [84.67924499511747, 27.16225624084467], [84.68362426757841, 27.15898895263689], [84.68648529052763, 27.160604476928825], [84.6886825561524, 27.15864181518566], [84.68881988525408, 27.15851783752464], [84.6888504028322, 27.15849113464384], [84.68857574462919, 27.158205032348917], [84.68449401855474, 27.154018402099837], [84.68456268310575, 27.153179168701172], [84.68462371826189, 27.152400970459155], [84.6825180053711, 27.151815414428995], [84.68537139892572, 27.14980506897001], [84.6856307983399, 27.14512825012207], [84.68571472167997, 27.143215179443644], [84.68225860595714, 27.135749816894702], [84.681694030762, 27.13544654846214], [84.68064117431658, 27.134880065918253], [84.6795272827149, 27.13289070129389], [84.68051147460943, 27.13269424438505], [84.68138885498064, 27.13251876831066], [84.68051910400396, 27.13029289245634], [84.68002319335932, 27.129037857055778], [84.68051910400396, 27.12811279296875], [84.68101501464861, 27.127174377441406], [84.67870330810547, 27.1241207122805], [84.67753601074247, 27.12257575988781], [84.67741394042986, 27.12046432495123], [84.67902374267607, 27.11896896362316], [84.67915344238287, 27.118848800659464], [84.67911529541033, 27.115015029907227], [84.67482757568388, 27.11388206481945], [84.672103881836, 27.109910964966048], [84.67320251464861, 27.10704994201683], [84.67691802978527, 27.108657836914062], [84.67688751220709, 27.10854339599615], [84.67801666259771, 27.1090145111084], [84.67591857910162, 27.105178833007756], [84.67778778076189, 27.102924346923885], [84.6769332885745, 27.09995460510254], [84.67692565917997, 27.099912643432674], [84.6764221191408, 27.09548377990751], [84.67231750488287, 27.098014831543196], [84.66970825195341, 27.09337234497093], [84.66846466064459, 27.093805313110522], [84.66684722900419, 27.094366073608626], [84.66660308837896, 27.0922527313233], [84.66857910156244, 27.092861175537394], [84.67256927490263, 27.09088706970215], [84.67173004150396, 27.090290069580305], [84.6708297729495, 27.08964347839367], [84.66886901855474, 27.090221405029467], [84.66870880126959, 27.09021759033226], [84.6682205200197, 27.087406158447266], [84.66696166992193, 27.088062286377237], [84.66535949707048, 27.088897705078182], [84.6662979125976, 27.087314605713004], [84.666976928711, 27.086164474487532], [84.6654663085938, 27.086566925049112], [84.66361999511713, 27.084915161133097], [84.66041564941423, 27.08331680297863], [84.66001892089861, 27.082311630249023], [84.65732574462885, 27.084022521972827], [84.657279968262, 27.084051132202205], [84.65702056884771, 27.083442687988224], [84.65628814697271, 27.081689834594954], [84.66088867187506, 27.080322265625057], [84.65865325927763, 27.078939437866268], [84.65846252441435, 27.07903480529791], [84.65556335449247, 27.080278396606445], [84.65522003173857, 27.079158782959155], [84.6552963256836, 27.077465057373047], [84.65481567382841, 27.077821731567383], [84.65429687500017, 27.078210830688477], [84.6520080566408, 27.07706642150879], [84.65183258056658, 27.076984405517635], [84.65081787109403, 27.074514389038143], [84.64970397949213, 27.076347351074332], [84.64846038818365, 27.07535171508806], [84.64958953857428, 27.070907592773438], [84.6495971679688, 27.07086753845215], [84.6465148925783, 27.064815521240348], [84.64649963378923, 27.064760208129996], [84.64746093750017, 27.06367111206066], [84.6451492309572, 27.059520721435717], [84.64511871337885, 27.059415817260742], [84.64796447753935, 27.058326721191406], [84.64733123779303, 27.05712509155296], [84.64836883544916, 27.051378250122127], [84.64846038818365, 27.051118850708008], [84.64841461181658, 27.051113128662053], [84.64534759521501, 27.0507183074954], [84.64659118652355, 27.04875564575201], [84.64661407470732, 27.04871559143095], [84.64485168457037, 27.047246932983626], [84.64485168457037, 27.04719734191923], [84.65419006347662, 27.04311752319353], [84.66123199462896, 27.040039062500057], [84.66150665283232, 27.039934158325252], [84.66590118408232, 27.038215637207315], [84.67518615722662, 27.034606933593693], [84.67539978027372, 27.03452873229992], [84.68412780761724, 27.031358718872355], [84.70363616943388, 27.026762008667163], [84.70800781250011, 27.023735046386662], [84.70809936523455, 27.02367210388212], [84.71171569824236, 27.021215438842717], [84.71195220947271, 27.021175384521655], [84.71618652343756, 27.02129364013672], [84.71649932861345, 27.02042007446306], [84.71871948242216, 27.019554138183764], [84.71878814697283, 27.019529342651367], [84.72052764892578, 27.017992019653377], [84.72061920166044, 27.017915725708008], [84.72082519531278, 27.01730155944847], [84.72103118896479, 27.017316818237532], [84.72152709960943, 27.015203475952376], [84.72513580322271, 27.01346397399925], [84.72543334960938, 27.013446807861555], [84.72973632812506, 27.013216018676985], [84.73081970214861, 27.01401519775385], [84.73184204101568, 27.0147075653079], [84.74017333984375, 27.01122665405302], [84.740219116211, 27.011207580566406], [84.75446319580095, 27.004697799682845], [84.75893402099621, 27.002651214599723], [84.76277923584013, 27.00490760803217], [84.7628479003908, 27.005039215087947], [84.76440429687506, 27.008741378784237], [84.7640838623048, 27.009706497192383], [84.76622009277372, 27.01311492919922], [84.77309417724638, 27.01663589477556], [84.77482604980463, 27.01753234863287], [84.78466033935553, 27.01396179199247], [84.78472900390653, 27.013702392578352], [84.78759002685575, 27.00832557678234], [84.78839111328142, 27.010730743408203], [84.78900909423834, 27.008617401123047], [84.79100036621122, 27.008617401123047], [84.79067230224626, 27.007852554321346], [84.79091644287115, 27.007814407348803], [84.79077911376959, 27.007421493530558], [84.78961944580084, 27.00401496887207], [84.78960418701178, 27.00393867492687], [84.79000854492193, 27.002901077270735], [84.78851318359403, 26.998302459716797], [84.79062652587919, 26.998550415039176], [84.79062652587919, 26.997610092163256], [84.79091644287115, 26.997514724731616], [84.79311370849638, 26.999420166015852], [84.79410552978533, 26.997804641723746], [84.7933959960938, 26.997482299804688], [84.79273986816435, 26.997184753418082], [84.79572296142584, 26.995569229126147], [84.7957382202149, 26.99560356140165], [84.79582977294939, 26.99580764770525], [84.79932403564459, 27.00389480590826], [84.80029296875006, 27.003574371338004], [84.80031585693365, 27.003614425659464], [84.80036163330107, 27.003551483154354], [84.80119323730486, 27.00327301025419], [84.80242919921903, 27.000415802001953], [84.80281829834013, 27.001173019409293], [84.804672241211, 27.00476455688471], [84.8054962158206, 27.00514984130882], [84.80971527099638, 27.007514953613395], [84.80969238281278, 27.007797241211165], [84.80914306640653, 27.007995605468807], [84.80889129638678, 27.010232925415153], [84.80941772460943, 27.011016845703125], [84.8098907470706, 27.01172447204607], [84.81095886230474, 27.0111217498781], [84.81224060058611, 27.01120948791521], [84.81237030029325, 27.01142501831066], [84.81265258789062, 27.012605667114485], [84.81274414062528, 27.014581680298136], [84.80912017822294, 27.01371574401884], [84.81091308593767, 27.01779937744152], [84.81274414062528, 27.01806259155302], [84.81341552734375, 27.018115997314396], [84.81394195556658, 27.019275665283374], [84.81386566162121, 27.020299911499023], [84.81438446044928, 27.020240783691463], [84.8144149780274, 27.020315170288086], [84.81445312500028, 27.020233154296932], [84.81498718261724, 27.02017402648943], [84.81562042236357, 27.017915725708008], [84.81578063964872, 27.018041610718], [84.81983184814447, 27.020423889160213], [84.82218933105469, 27.020425796509016], [84.82479858398432, 27.021043777465877], [84.83188629150408, 27.019304275512923], [84.83934020996111, 27.01445770263672], [84.8443450927735, 27.01253700256342], [84.84841918945341, 27.011016845703125], [84.84973144531278, 27.01051330566412], [84.85686492919939, 27.007995605468807], [84.85703277587885, 27.007724761963118], [84.8574829101563, 27.007001876831282], [84.85546875000028, 27.006172180176065], [84.85540008544928, 27.006143569946516], [84.85421752929705, 27.00221443176298], [84.85419464111345, 27.00210189819353], [84.85487365722668, 27.00153350830101], [84.85400390625017, 26.999172210693644], [84.85348510742193, 26.998840332031307], [84.8534164428711, 26.998516082763842], [84.85620117187506, 26.998516082763842], [84.85649108886736, 26.998516082763842], [84.8599700927735, 26.99743270874046], [84.85926055908214, 26.996541976928768], [84.85897827148455, 26.99618911743181], [84.85971832275408, 26.995450973510856], [84.86022186279325, 26.99494743347168], [84.85984802246122, 26.99233818054205], [84.85971832275408, 26.992332458496094], [84.85971832275408, 26.991802215576342], [84.85971832275408, 26.991315841674975], [84.85934448242205, 26.99053573608421], [84.85959625244146, 26.990348815918082], [84.858871459961, 26.98954010009794], [84.8574829101563, 26.987987518310717], [84.85798645019526, 26.98649597167997], [84.85997772216803, 26.98795127868658], [84.86121368408232, 26.988857269287166], [84.86115264892584, 26.98829841613781], [84.8610916137697, 26.987739562988452], [84.86842346191435, 26.983514785766715], [84.86865997314447, 26.98398780822754], [84.86933135986334, 26.98359680175804], [84.87115478515625, 26.983762741088924], [84.87115478515625, 26.982717514038086], [84.87115478515625, 26.982519149780273], [84.87318420410168, 26.981809616089095], [84.87364196777361, 26.98164939880394], [84.89079284667963, 26.977176666259993], [84.89091491699224, 26.976314544677848], [84.89103698730486, 26.97543716430681], [84.8927841186524, 26.974418640136946], [84.89241027832037, 26.97108650207548], [84.89364624023432, 26.969594955444563], [84.89501953125017, 26.969347000122298], [84.89462280273455, 26.970809936523665], [84.89427185058611, 26.972080230712947], [84.89687347412138, 26.972583770751953], [84.89691925048845, 26.97261619567871], [84.89866638183611, 26.971630096435547], [84.90085601806669, 26.970464706421012], [84.91038513183622, 26.968183517455998], [84.91278839111328, 26.967607498169002], [84.91937255859403, 26.968725204467887], [84.91941833496111, 26.968715667724553], [84.92620849609386, 26.96735763549833], [84.93152618408209, 26.968490600585938], [84.93156433105497, 26.9685001373291], [84.9457168579101, 26.963615417480582], [84.95553588867193, 26.959403991699503], [84.95851898193376, 26.96064949035639], [84.9588775634765, 26.96080017089838], [84.95891571044939, 26.9607963562014], [84.96448516845709, 26.960275650024357], [84.9649810791015, 26.959445953369368], [84.96511840820324, 26.959415435791186], [84.96665191650419, 26.95825386047386], [84.96808624267595, 26.958038330078352], [84.96802520751982, 26.957216262817326], [84.97177886962896, 26.951866149902344], [84.97181701660185, 26.951814651489315], [84.98051452636724, 26.940017700195483], [84.9770584106447, 26.93927764892578], [84.97977447509771, 26.936786651611385], [84.97990417480486, 26.93652534484886], [84.98001861572294, 26.936414718628157], [84.97998809814459, 26.936359405517805], [84.98039245605497, 26.93554496765148], [84.97877502441423, 26.93181610107439], [84.97731018066412, 26.931749343872127], [84.97604370117182, 26.931692123413143], [84.97232055664068, 26.928714752197266], [84.97405242919928, 26.92585182189964], [84.97282409667986, 26.925296783447493], [84.97157287597662, 26.92473220825218], [84.9730300903322, 26.92297935485834], [84.97405242919928, 26.921749114990348], [84.97320556640642, 26.920965194702376], [84.97321319580095, 26.920915603637752], [84.972885131836, 26.917053222656307], [84.97293853759777, 26.916778564453125], [84.97286224365251, 26.916759490966854], [84.96982574462896, 26.916032791137866], [84.98061370849638, 26.91481590270996], [84.99129486084013, 26.913360595703125], [84.99678039550793, 26.91261291503929], [85.00179290771479, 26.911893844604606], [85.00388336181669, 26.909570693969727], [85.00334167480486, 26.909090042114315], [85.00276184082031, 26.90857696533203], [85.00291442871122, 26.90621566772461], [85.00438690185553, 26.903129577636776], [84.99803924560564, 26.906339645386026], [84.99530792236322, 26.90534591674816], [84.99518585205078, 26.903919219970703], [84.9950561523438, 26.90248680114769], [85.00611877441412, 26.894783020019815], [85.02191925048834, 26.892814636230696], [85.02513122558594, 26.891427993774585], [85.0319137573245, 26.8915500640872], [85.03196716308611, 26.891548156738395], [85.04411315917997, 26.891164779663086], [85.04581451416044, 26.89111518859886], [85.05429077148455, 26.88899612426775], [85.0546264648437, 26.88894462585472], [85.0554504394533, 26.88881683349615], [85.05473327636724, 26.888336181640796], [85.05358886718756, 26.887575149536246], [85.05358886718756, 26.8860836029055], [85.0550613403322, 26.886404037475586], [85.05644989013678, 26.88670539855957], [85.05895996093761, 26.885799407958984], [85.06125640869169, 26.885972976684627], [85.06166839599638, 26.887077331543196], [85.06241607666044, 26.88670539855957], [85.06204223632841, 26.885089874267805], [85.05741882324224, 26.88111495971708], [85.05607604980474, 26.884468078613395], [85.05572509765653, 26.884492874145792], [85.05469512939453, 26.884567260742188], [85.05433654785162, 26.884592056274414], [85.0528411865235, 26.88297653198265], [85.05060577392607, 26.884965896606445], [85.05197143554688, 26.882106781005973], [85.05343627929716, 26.882261276245345], [85.05433654785162, 26.88235473632841], [85.05445861816423, 26.88098907470726], [85.04823303222662, 26.878305435180835], [85.04813385009794, 26.87823104858404], [85.04538726806646, 26.87937545776373], [85.04351806640653, 26.877115249633732], [85.04431915283232, 26.874902725219954], [85.04426574707037, 26.87490844726591], [85.04216766357428, 26.874622344970987], [85.04211425781256, 26.87461471557623], [85.04005432128912, 26.877281188964844], [85.03971099853544, 26.877710342407227], [85.03967285156256, 26.877758026123047], [85.03966522216803, 26.877555847168196], [85.03955078125028, 26.875520706176815], [85.03830718994146, 26.874774932861555], [85.03160858154314, 26.87501716613764], [85.03151702880888, 26.87502098083519], [85.03010559082037, 26.870300292968977], [85.03231048583979, 26.86742210388212], [85.02885437011747, 26.86622810363781], [85.02889251708984, 26.866025924682845], [85.02960205078153, 26.862596511841105], [85.03043365478533, 26.862319946289347], [85.03109741210943, 26.862098693847884], [85.03098297119135, 26.859188079834098], [85.0310134887697, 26.859014511108455], [85.03097534179682, 26.858993530273608], [85.02463531494169, 26.85625839233421], [85.02444458007841, 26.855432510375977], [85.02586364746111, 26.855100631714038], [85.04611968994146, 26.850715637207145], [85.04617309570318, 26.850711822509766], [85.04613494873053, 26.85066604614275], [85.0596771240235, 26.848926544189396], [85.06022644042969, 26.849405288696573], [85.0589447021485, 26.852308273315487], [85.05896759033232, 26.852392196655558], [85.05980682373064, 26.855636596679744], [85.06056976318376, 26.85474586486845], [85.06061553955084, 26.854814529419116], [85.06342315673845, 26.853786468505916], [85.06465148925787, 26.85526275634794], [85.0631561279298, 26.856134414672795], [85.06365966796875, 26.856878280639876], [85.06526947021513, 26.857997894287337], [85.06465148925787, 26.856134414672795], [85.06713867187506, 26.85625839233421], [85.0637817382812, 26.85352325439476], [85.06562042236334, 26.84931564331049], [85.06813049316435, 26.85066604614275], [85.06813812255888, 26.850711822509766], [85.06861877441406, 26.853614807129077], [85.06887817382824, 26.85369300842285], [85.07760620117193, 26.856311798095987], [85.07853698730469, 26.856592178344954], [85.07856750488287, 26.85675430297846], [85.07866668701166, 26.856687545776595], [85.07914733886724, 26.857336044311637], [85.0789413452149, 26.857624053955305], [85.0799179077149, 26.858383178711108], [85.08001708984392, 26.85851478576683], [85.08006286621094, 26.85849380493164], [85.08096313476562, 26.857828140259073], [85.08279418945318, 26.856496810913313], [85.08378601074247, 26.856878280639876], [85.08353424072271, 26.856065750122127], [85.08451080322271, 26.85584068298334], [85.0856552124024, 26.85638236999523], [85.08572387695307, 26.85555839538597], [85.08589935302763, 26.85352325439476], [85.08968353271513, 26.853332519531477], [85.0865478515625, 26.855148315429858], [85.08963012695318, 26.85650634765625], [85.08926391601568, 26.85748291015625], [85.08888244628912, 26.85849380493164], [85.09161376953153, 26.859714508056868], [85.09155273437506, 26.859830856323526], [85.08776855468778, 26.865081787109375], [85.08834075927763, 26.866102218628043], [85.08836364746122, 26.86614036560053], [85.08888244628912, 26.867069244384936], [85.0899734497072, 26.867069244384936], [85.09095764160162, 26.86763763427757], [85.09074401855469, 26.86806297302263], [85.0913696289063, 26.867876052856673], [85.09161376953153, 26.86801528930681], [85.09198760986357, 26.86794853210455], [85.09198760986357, 26.868560791015852], [85.09832000732422, 26.866815567016545], [85.10168457031261, 26.8707981109622], [85.11251831054693, 26.871416091918945], [85.11336517334013, 26.872165679931754], [85.12291717529291, 26.871316909790096], [85.12318420410162, 26.87131500244152], [85.12685394287115, 26.870269775390852], [85.1363372802735, 26.867595672607536], [85.14331817626947, 26.8707981109622], [85.15601348876959, 26.87031555175787], [85.16767120361334, 26.86832237243675], [85.16771697998075, 26.868324279785156], [85.17861175537104, 26.868934631347884], [85.18689727783209, 26.869508743286133], [85.19131469726568, 26.869815826416243], [85.19770812988298, 26.86659431457531], [85.19774627685547, 26.86657333374046], [85.19509124755865, 26.863306045532283], [85.19501495361322, 26.86321449279785], [85.19313049316423, 26.84971427917492], [85.1931228637697, 26.849668502807674], [85.19361877441418, 26.843814849853516], [85.19600677490251, 26.84171867370617], [85.19262695312506, 26.829544067382926], [85.18854522705095, 26.82445144653326], [85.18854522705095, 26.824413299560604], [85.18842315673834, 26.821212768554688], [85.1792297363283, 26.814888000488224], [85.17911529541021, 26.811914443969727], [85.17985534667974, 26.808038711547965], [85.18430328369169, 26.79945182800293], [85.18171691894548, 26.798097610473917], [85.18258666992216, 26.795488357544116], [85.19117736816435, 26.793792724609602], [85.1914138793947, 26.7937145233156], [85.19509887695318, 26.790796279907283], [85.19511413574224, 26.79075813293474], [85.19701385498053, 26.784915924072493], [85.19501495361322, 26.779333114624137], [85.19971466064459, 26.769315719604492], [85.2015457153322, 26.768888473510913], [85.2027206420899, 26.768615722656477], [85.20829772949224, 26.761051177978686], [85.21253967285185, 26.761686325073242], [85.21249389648443, 26.76110839843767], [85.21228790283209, 26.758703231811808], [85.21614837646513, 26.757923126220817], [85.23041534423834, 26.761314392089844], [85.23411560058588, 26.76321601867687], [85.23417663574219, 26.76320457458496], [85.24198150634783, 26.761592864990405], [85.25051879882807, 26.75983047485363], [85.25055694580095, 26.759840011596737], [85.25516510009771, 26.760940551757812], [85.25911712646501, 26.758914947509936], [85.25963592529325, 26.75609397888178], [85.25985717773432, 26.756006240844897], [85.26251983642607, 26.755014419555778], [85.28576660156278, 26.753656387329386], [85.28660583496111, 26.753608703613565], [85.28724670410162, 26.753549575805664], [85.30251312255865, 26.75211715698265], [85.30407714843778, 26.752386093139876], [85.3061141967774, 26.752737045288313], [85.32010650634794, 26.748899459838867], [85.32014465332031, 26.748867034912337], [85.32450866699247, 26.745002746582088], [85.32471466064447, 26.744817733764933], [85.32475280761736, 26.744783401489258], [85.32497406005865, 26.74485778808605], [85.32518768310553, 26.744932174682845], [85.32910156249994, 26.746274948120345], [85.32863616943365, 26.745544433593807], [85.32798767089861, 26.74453544616722], [85.33631896972685, 26.74141502380388], [85.35719299316423, 26.760194778442326], [85.35930633544928, 26.760940551757812], [85.36057281494135, 26.76157569885271], [85.36352539062506, 26.763051986694563], [85.3653640747072, 26.760755538940487], [85.36601257324224, 26.75994491577154], [85.37171936035162, 26.758115768432674], [85.3770599365235, 26.760593414306754], [85.37711334228544, 26.760616302490178], [85.38030242919928, 26.76504135131836], [85.38613891601562, 26.774019241333235], [85.39421844482428, 26.775215148925724], [85.39906311035185, 26.777975082397745], [85.39912414550798, 26.77800941467308], [85.4046173095706, 26.78271484375], [85.40802001953153, 26.789026260375977], [85.40963745117205, 26.791137695312727], [85.41159057617193, 26.790931701660384], [85.41907501220732, 26.79012107849144], [85.41911315917997, 26.790102005004996], [85.4220809936524, 26.788560867309855], [85.42740631103521, 26.785795211792276], [85.43111419677763, 26.786214828491325], [85.43129730224638, 26.78633689880394], [85.43473815917997, 26.789896011352823], [85.43593597412126, 26.789358139038313], [85.43722534179716, 26.788776397705135], [85.44869995117188, 26.78346824646019], [85.4497756958009, 26.783767700195426], [85.45481872558611, 26.78169822692888], [85.45574188232416, 26.782314300537394], [85.45563507080084, 26.78189277648937], [85.46061706542974, 26.784114837646484], [85.46099090576178, 26.784364700317667], [85.46033477783203, 26.78492546081543], [85.46617889404308, 26.788776397705135], [85.46678924560575, 26.78829193115257], [85.4668197631836, 26.78831481933622], [85.47521972656267, 26.789915084838867], [85.48011779785185, 26.793218612670955], [85.48120880126959, 26.79953193664568], [85.48152160644548, 26.801359176635742], [85.48159027099615, 26.801950454712028], [85.48162841796886, 26.801939010620345], [85.48783111572283, 26.800500869750977], [85.49831390380876, 26.798114776611555], [85.49820709228521, 26.800157546997298], [85.49736785888689, 26.801204681396598], [85.49811553955095, 26.801954269409237], [85.49811553955095, 26.802015304565543], [85.49919128417997, 26.808006286621207], [85.4987411499024, 26.809158325195256], [85.50020599365251, 26.809850692749137], [85.50072479248075, 26.810819625854606], [85.49997711181669, 26.811891555786303], [85.5020904541015, 26.813135147094954], [85.50388336181646, 26.813739776611555], [85.50581359863287, 26.815015792846793], [85.51044464111357, 26.81602478027338], [85.51129150390642, 26.816242218017635], [85.5146102905274, 26.81558990478544], [85.52211761474604, 26.814115524291992], [85.53229522705078, 26.824565887451342], [85.5323333740235, 26.824604034423885], [85.53529357910156, 26.82768630981451], [85.54508972167974, 26.837865829468058], [85.54709625244169, 26.837133407593058], [85.5556259155274, 26.83402824401861], [85.55818176269531, 26.839801788330078], [85.55991363525408, 26.843715667724666], [85.56792449951189, 26.840734481811637], [85.57429504394537, 26.85663032531744], [85.57642364501964, 26.85923194885271], [85.57762908935541, 26.860702514648438], [85.57765197753923, 26.860731124877987], [85.5803833007813, 26.85921478271507], [85.58141326904325, 26.85611534118675], [85.58473205566423, 26.85849380493164], [85.5885848999024, 26.852281570434684], [85.58783721923834, 26.851297378540096], [85.58751678466825, 26.84696006774925], [85.59413909912115, 26.850046157837085], [85.60211944580084, 26.85381698608404], [85.6092147827149, 26.85701560974121], [85.62164306640653, 26.86933898925804], [85.62622070312528, 26.87341499328619], [85.62861633300781, 26.87307167053234], [85.63668823242193, 26.871902465820426], [85.63854980468756, 26.867815017700366], [85.64461517334001, 26.852914810180664], [85.65391540527338, 26.850425720214844], [85.65395355224626, 26.850416183471907], [85.68254089355469, 26.8429603576663], [85.7047729492188, 26.83263397216814], [85.70481109619169, 26.832607269287337], [85.7233200073245, 26.820014953613565], [85.72334289550776, 26.81998062133789], [85.73101806640642, 26.807815551757926], [85.73091888427746, 26.802616119384766], [85.73262023925787, 26.800115585327262], [85.73671722412126, 26.795616149902287], [85.73711395263689, 26.783914566040266], [85.73734283447271, 26.77771759033203], [85.73572540283232, 26.769639968872298], [85.73102569580095, 26.749750137329272], [85.73635101318376, 26.737203598022404], [85.73287200927763, 26.73558807373064], [85.732406616211, 26.73471832275419], [85.73371887207037, 26.730413436889876], [85.73374176025396, 26.73036766052246], [85.73051452636724, 26.72951507568382], [85.73175048828125, 26.72502517700218], [85.73111724853544, 26.724908828735295], [85.73038482666044, 26.72477531433117], [85.72841644287115, 26.71941566467285], [85.73013305664068, 26.71744346618675], [85.72714233398466, 26.709362030029467], [85.72864532470732, 26.70576286315918], [85.72861480712896, 26.70571517944336], [85.72678375244135, 26.702903747558878], [85.72714996337919, 26.700046539306868], [85.7265243530274, 26.69970321655279], [85.7257843017581, 26.69930076599138], [85.72759246826189, 26.695211410522575], [85.72763061523443, 26.695123672485465], [85.7276229858399, 26.69508171081543], [85.72564697265625, 26.686407089233455], [85.72563934326166, 26.68636512756359], [85.72765350341803, 26.684635162353572], [85.72693634033232, 26.683866500854492], [85.72711944580107, 26.683515548706282], [85.72690582275396, 26.68197059631376], [85.72714996337919, 26.681777954101562], [85.7259368896485, 26.674844741821516], [85.72581481933622, 26.673944473266715], [85.72876739501959, 26.67357635498047], [85.72781372070318, 26.6701145172122], [85.7316284179688, 26.666833877563704], [85.73311614990251, 26.667112350464095], [85.73265075683622, 26.666187286377067], [85.73861694335938, 26.663658142089844], [85.73871612548834, 26.66361618042015], [85.73720550537115, 26.657186508178768], [85.73461914062517, 26.654315948486385], [85.73597717285173, 26.652816772460938], [85.7375946044923, 26.652076721191634], [85.73721313476574, 26.65144920349144], [85.73751831054705, 26.651115417480696], [85.73786926269548, 26.650770187378043], [85.73833465576178, 26.650957107543945], [85.7491531372072, 26.6396484375], [85.75532531738287, 26.6375484466555], [85.75536346435575, 26.63753700256342], [85.761947631836, 26.635921478271484], [85.76760864257812, 26.63210678100586], [85.76766967773443, 26.632068634033146], [85.769096374512, 26.63120269775385], [85.77176666259794, 26.629583358764933], [85.77603912353533, 26.628850936889762], [85.80221557617193, 26.624362945556697], [85.80383300781244, 26.62349319458025], [85.80546569824224, 26.61519432067871], [85.8055725097658, 26.614669799804688], [85.81190490722673, 26.609329223632812], [85.81832122802763, 26.603818893432674], [85.81982421875028, 26.602523803710994], [85.8198623657226, 26.602519989013842], [85.83262634277372, 26.601251602173136], [85.83269500732439, 26.60157775878912], [85.83353424072277, 26.610940933227766], [85.83460998535156, 26.61077499389671], [85.83461761474615, 26.610815048217773], [85.83515167236345, 26.610778808593864], [85.84207916259771, 26.610296249389705], [85.85331726074224, 26.609516143798942], [85.85562133789068, 26.604701995849837], [85.85650634765642, 26.599540710449162], [85.85997009277361, 26.589586257934798], [85.8506927490235, 26.576534271240348], [85.85150909423857, 26.571937561035156], [85.85211944580095, 26.56841468811058], [85.85524749755865, 26.56959342956543], [85.85888671875006, 26.571670532226676], [85.85968780517607, 26.571268081665266], [85.85981750488287, 26.571315765381087], [85.85987091064482, 26.57117843627941], [85.86062622070341, 26.57080078125], [85.86089324951189, 26.56857681274414], [85.87050628662115, 26.57463264465332], [85.87055206298857, 26.574663162231445], [85.87060546875, 26.574724197387752], [85.87292480468767, 26.579376220703125], [85.87398529052763, 26.578878402710075], [85.87401580810575, 26.578914642333984], [85.87801361084013, 26.58091545104986], [85.88133239746111, 26.58250999450678], [85.88175201416021, 26.583477020263672], [85.88581085205107, 26.58246231079096], [85.8889236450197, 26.5824298858642], [85.8932342529298, 26.594543457031364], [85.89482879638672, 26.59433746337919], [85.8962860107423, 26.594661712646598], [85.89731597900408, 26.594017028808537], [85.90272521972662, 26.594543457031364], [85.90275573730474, 26.594713211059798], [85.90299987792997, 26.60037803649908], [85.90380859375017, 26.600177764892692], [85.9038162231447, 26.600215911865178], [85.9116287231447, 26.604169845581282], [85.91191101074224, 26.604331970215014], [85.91194915771513, 26.604328155517635], [85.91481781005888, 26.60401535034174], [85.9161758422851, 26.608579635620174], [85.91621398925798, 26.60861587524431], [85.91902923584013, 26.6093177795413], [85.92411804199224, 26.609714508056754], [85.92910003662138, 26.610311508178995], [85.92872619628935, 26.611314773559627], [85.93019104003912, 26.612781524658317], [85.93121337890653, 26.615116119384766], [85.93108367919939, 26.616285324096623], [85.93502044677763, 26.61321449279808], [85.94023895263689, 26.61582756042486], [85.94041442871094, 26.61591529846197], [85.94261932373053, 26.61291503906267], [85.95034027099626, 26.613220214844034], [85.9496688842774, 26.61600303649925], [85.94848632812506, 26.620883941650618], [85.94851684570318, 26.62091636657715], [85.95171356201189, 26.624362945556697], [85.95278167724638, 26.624185562133732], [85.95281982421892, 26.624216079712085], [85.95714569091825, 26.62893867492687], [85.95758819580095, 26.629423141479606], [85.95760345459001, 26.629472732544002], [85.9567260742188, 26.63310241699213], [85.95469665527372, 26.63716316223139], [85.95552062988298, 26.638113021850643], [85.9556961059572, 26.643625259399528], [85.95730590820318, 26.645614624023665], [85.9588012695313, 26.648969650268782], [85.95967102050776, 26.648853302001896], [85.95971679687517, 26.648916244507006], [85.96163940429688, 26.64995574951172], [85.96252441406244, 26.651081085205362], [85.96341705322271, 26.65091896057146], [85.9638977050783, 26.650833129882926], [85.96541595459001, 26.650215148925838], [85.96612548828153, 26.651218414306868], [85.96711730957031, 26.652614593506144], [85.97001647949236, 26.6516170501709], [85.97032165527372, 26.65203475952177], [85.97232055664062, 26.65481567382824], [85.97545623779325, 26.654558181762695], [85.97797393798822, 26.65765190124523], [85.97818756103533, 26.657917022705305], [85.98062896728544, 26.65760803222679], [85.98696136474626, 26.656808853149357], [85.98999023437494, 26.65642547607422], [86.00217437744169, 26.654561996460245], [86.00813293457048, 26.655929565429744], [86.0082397460938, 26.655868530273438], [86.01281738281256, 26.6540145874024], [86.01468658447271, 26.658634185791016], [86.01422882080078, 26.65928459167486], [86.02059936523443, 26.660675048828352], [86.02101898193365, 26.660816192627237], [86.03073883056646, 26.666421890259016], [86.05039978027355, 26.661294937134016], [86.05722045898443, 26.659515380859602], [86.0650253295899, 26.65808296203619], [86.07201385498041, 26.65679931640625], [86.0762100219726, 26.64951324462885], [86.07625579834001, 26.649492263794002], [86.09001922607428, 26.64301490783697], [86.09035491943376, 26.642873764038313], [86.11997222900396, 26.630434036254996], [86.12001800537121, 26.630430221557617], [86.12983703613298, 26.629615783691463], [86.13150024414091, 26.629478454589787], [86.14073944091797, 26.628713607788086], [86.14321899414062, 26.61640930175787], [86.14241790771501, 26.616224288940543], [86.1391143798831, 26.60796737670904], [86.13842010498064, 26.606208801269474], [86.14483642578153, 26.60472869873047], [86.14894104003906, 26.608455657958984], [86.15738677978521, 26.609600067138672], [86.1574249267581, 26.609605789184798], [86.1636047363283, 26.61454582214367], [86.1693191528322, 26.613924026489258], [86.17100524902338, 26.614982604980412], [86.17391967773455, 26.6168155670166], [86.17581939697283, 26.615489959716797], [86.17721557617193, 26.614515304565543], [86.17732238769548, 26.614500045776424], [86.17826843261719, 26.61516761779791], [86.18485260009771, 26.613426208496207], [86.1886062622072, 26.614450454712028], [86.18891143798857, 26.614534378051758], [86.18895721435564, 26.614532470703182], [86.19454956054693, 26.61442184448265], [86.19628906250006, 26.612432479858512], [86.19566345214861, 26.610940933227766], [86.195541381836, 26.61102676391613], [86.19521331787138, 26.610414505004996], [86.19777679443365, 26.607709884643555], [86.19889068603533, 26.600728988647518], [86.19821929931652, 26.597814559936523], [86.19821166992193, 26.59775161743164], [86.19902038574247, 26.59752082824707], [86.19783782958996, 26.595148086547965], [86.1978149414063, 26.595014572143782], [86.19941711425776, 26.593299865722656], [86.20170593261713, 26.595607757568473], [86.20301818847685, 26.59691619873047], [86.20375823974621, 26.594738006591797], [86.2039947509765, 26.594039916992188], [86.20796966552763, 26.596153259277344], [86.20801544189453, 26.59611511230463], [86.2106170654298, 26.59271621704113], [86.21369171142607, 26.592472076416072], [86.2144165039063, 26.592414855957088], [86.21721649169939, 26.591108322143498], [86.21741485595703, 26.59101486206066], [86.21755981445312, 26.590822219848576], [86.21961212158232, 26.588109970092773], [86.22308349609375, 26.589662551879826], [86.22611236572294, 26.5910587310791], [86.2262649536134, 26.59101486206066], [86.23024749755865, 26.591026306152344], [86.23120880126959, 26.591802597045955], [86.23193359375006, 26.59156036376953], [86.23339843750017, 26.59202384948742], [86.23369598388683, 26.592798233032283], [86.23681640625, 26.590415954589844], [86.23683929443376, 26.590721130371207], [86.23731994628918, 26.597314834594727], [86.2369232177735, 26.59764480590843], [86.2380828857423, 26.598279953002987], [86.2395324707033, 26.600124359131087], [86.23965454101591, 26.601247787475586], [86.24102783203142, 26.601123809814567], [86.24245452880865, 26.60207557678217], [86.24251556396513, 26.603113174438533], [86.24551391601568, 26.602516174316463], [86.24475097656256, 26.6054744720459], [86.2457656860351, 26.605726242065487], [86.24581909179705, 26.606414794921818], [86.24631500244169, 26.606889724731445], [86.24599456787126, 26.60758590698248], [86.24711608886719, 26.609077453613224], [86.24773406982439, 26.6082382202149], [86.24791717529314, 26.608415603637695], [86.2511215209961, 26.609008789062557], [86.25102996826178, 26.61036109924322], [86.25009918212902, 26.612060546875057], [86.25092315673822, 26.61218643188488], [86.25243377685575, 26.61344528198248], [86.25457000732439, 26.6167831420899], [86.25507354736357, 26.615579605102653], [86.25511932373041, 26.615615844726562], [86.2628936767581, 26.615291595458984], [86.2738342285158, 26.616556167602482], [86.27793121337896, 26.61703109741211], [86.28903961181669, 26.614376068115234], [86.28938293457037, 26.61433029174799], [86.29521179199236, 26.612930297851562], [86.30800628662126, 26.618646621704215], [86.3102416992187, 26.61964035034191], [86.32479095459001, 26.619356155395565], [86.32926177978527, 26.619268417358455], [86.33003997802763, 26.61915397644043], [86.34656524658209, 26.61590385437006], [86.34603881835949, 26.615041732788313], [86.34559631347662, 26.613910675048942], [86.34381866455078, 26.611515045166016], [86.34376525878935, 26.611448287963924], [86.34305572509766, 26.611686706543026], [86.341323852539, 26.60823059082054], [86.34271240234392, 26.606470108032227], [86.34329986572266, 26.605722427368164], [86.35501861572294, 26.604316711425724], [86.35883331298857, 26.603858947753963], [86.36072540283214, 26.60333824157715], [86.38745880126982, 26.596654891967944], [86.39594268798828, 26.59453392028803], [86.39629364013689, 26.59444618225092], [86.39723968505876, 26.595283508300838], [86.39937591552734, 26.5927925109865], [86.3995132446289, 26.5927162170413], [86.39941406250006, 26.590763092041072], [86.39935302734392, 26.588697433471907], [86.39733886718756, 26.584857940674055], [86.43265533447294, 26.572666168212947], [86.44797515869158, 26.569721221923828], [86.45788574218767, 26.567817687988338], [86.4883270263673, 26.549427032470987], [86.50112915039091, 26.54159736633295], [86.5032730102539, 26.541252136230696], [86.51816558837908, 26.53884887695324], [86.52411651611328, 26.543212890625057], [86.52809143066423, 26.542755126953125], [86.53058624267595, 26.5425186157226], [86.53381347656267, 26.540515899658146], [86.54421997070341, 26.538114547729492], [86.54723358154303, 26.53463745117216], [86.55294799804693, 26.529914855956974], [86.55410766601568, 26.52333831787115], [86.55680084228527, 26.523950576782454], [86.5568161010745, 26.52391624450712], [86.55817413330107, 26.52265357971197], [86.55821990966814, 26.522615432739485], [86.55778503417997, 26.52057456970215], [86.55804443359392, 26.517736434936523], [86.55727386474626, 26.518157958984375], [86.55722045898466, 26.51791572570812], [86.56331634521513, 26.5093154907226], [86.56376647949236, 26.509284973144645], [86.56656646728544, 26.501548767089844], [86.56690216064459, 26.500722885131836], [86.57122039794939, 26.498815536499023], [86.57204437255865, 26.497459411621207], [86.57283782959013, 26.497604370117415], [86.57277679443365, 26.496894836425895], [86.58059692382818, 26.4948215484622], [86.58289337158209, 26.494440078735636], [86.58976745605474, 26.49330711364746], [86.59035491943365, 26.493253707885685], [86.5981903076173, 26.490644454956055], [86.60549926757807, 26.48863029480009], [86.60775756835966, 26.488012313843], [86.61470794677751, 26.486118316650504], [86.61508941650408, 26.486543655395508], [86.61759948730474, 26.485155105590763], [86.62221527099615, 26.483615875244425], [86.62226104736357, 26.483579635620117], [86.62341308593778, 26.483810424804688], [86.62381744384766, 26.482278823852482], [86.62474822998075, 26.481504440307845], [86.62564849853521, 26.481573104858683], [86.6258163452149, 26.481014251709155], [86.62821960449236, 26.480615615844727], [86.62823486328142, 26.480571746826456], [86.62926483154303, 26.477130889892862], [86.62938690185564, 26.476728439331055], [86.6305007934572, 26.47859001159685], [86.6318664550783, 26.477472305298136], [86.62987518310575, 26.475111007690543], [86.6285781860351, 26.46943473815935], [86.62851715087902, 26.4691162109375], [86.63236236572294, 26.46914482116705], [86.63114166259771, 26.467927932739542], [86.63161468505888, 26.467716217041016], [86.63179779052763, 26.467609405517692], [86.63174438476568, 26.467779159546126], [86.63261413574236, 26.468275070190373], [86.63413238525408, 26.46626853942894], [86.63630676269537, 26.46502113342291], [86.63683319091814, 26.46578979492216], [86.64093780517607, 26.46516799926752], [86.64087677001959, 26.464365005493107], [86.64122009277361, 26.46431541442871], [86.67917633056658, 26.453683853149357], [86.67942047119146, 26.453620910644474], [86.67945861816435, 26.453611373901367], [86.69261932373075, 26.45061492919922], [86.69574737548845, 26.450883865356445], [86.6976318359375, 26.448911666870345], [86.69760894775419, 26.448764801025334], [86.69790649414068, 26.448596954345874], [86.69847869873053, 26.448266983032283], [86.69800567626947, 26.444433212280217], [86.69798278808622, 26.444219589233512], [86.69983673095709, 26.443078994751204], [86.70093536376959, 26.442440032959098], [86.70215606689482, 26.437265396118107], [86.70220184326166, 26.437082290649357], [86.71022796630876, 26.436103820800952], [86.71256457179987, 26.435823283907155], [86.7225875854495, 26.434619903564567], [86.7281799316408, 26.425401687622355], [86.72966766357416, 26.424406051635685], [86.73046875000017, 26.425649642944563], [86.73103332519548, 26.42651939392107], [86.73190307617216, 26.42608451843273], [86.73277282714861, 26.425649642944563], [86.7322616577149, 26.424160003662053], [86.73165893554693, 26.422418594360522], [86.73262023925787, 26.422214508056754], [86.73352050781267, 26.42204475402832], [86.73501586914062, 26.424015045166016], [86.739486694336, 26.423040390014762], [86.73981475830095, 26.424215316772404], [86.74010467529325, 26.42527580261236], [86.74308776855474, 26.424314498901595], [86.74571990966814, 26.426916122436523], [86.7491760253908, 26.428003311157454], [86.7495422363283, 26.433231353759993], [86.74669647216814, 26.43360328674345], [86.74644470214838, 26.434597015381144], [86.74967956542997, 26.435840606689453], [86.75241851806658, 26.441015243530444], [86.75551605224615, 26.441680908203125], [86.75588989257818, 26.446117401123217], [86.75588989257818, 26.446155548095703], [86.75945281982439, 26.44699668884283], [86.76272583007812, 26.44777107238764], [86.76272583007812, 26.447814941406477], [86.76284790039057, 26.451217651367188], [86.76303863525385, 26.451231002807674], [86.76657867431646, 26.450876235961914], [86.7669296264649, 26.45150756835949], [86.76719665527372, 26.451995849609602], [86.76659393310553, 26.452541351318473], [86.7658309936524, 26.453237533569336], [86.76623535156278, 26.453704833984602], [86.76657867431646, 26.45410919189476], [86.7649536132812, 26.45546722412115], [86.76745605468767, 26.458189010620117], [86.76770019531256, 26.458457946777344], [86.7702026367188, 26.45887374877924], [86.77151489257818, 26.459093093872298], [86.77155303955084, 26.459098815918026], [86.78260803222662, 26.454357147216797], [86.80323791503935, 26.4471492767334], [86.82379913330084, 26.441812515258903], [86.82934570312506, 26.440374374389933], [86.8358001708985, 26.43869781494169], [86.83753967285162, 26.440687179565657], [86.83843994140642, 26.44026756286621], [86.83851623535168, 26.44031524658203], [86.84038543701178, 26.44218444824213], [86.8404159545899, 26.442214965820312], [86.84051513671892, 26.442138671875284], [86.84250640869146, 26.441432952881087], [86.8422012329101, 26.440824508667163], [86.84188842773443, 26.44018936157221], [86.84536743164068, 26.439928054809684], [86.84591674804693, 26.440748214721964], [86.84698486328142, 26.442302703857592], [86.84947204589861, 26.44205284118675], [86.84785461425787, 26.444042205810547], [86.84835052490251, 26.447895050049055], [86.85208129882841, 26.448266983032283], [86.85303497314482, 26.44781875610346], [86.85419464111357, 26.447273254394588], [86.858413696289, 26.448143005371094], [86.85952758789091, 26.45121192932146], [86.85958862304705, 26.4513072967531], [86.86239624023466, 26.454233169555778], [86.86239624023466, 26.45497703552246], [86.86239624023466, 26.455848693847713], [86.86310577392584, 26.455944061279354], [86.86330413818365, 26.455970764160156], [86.86425781250006, 26.45609664917015], [86.8641662597658, 26.456212997436637], [86.86338806152361, 26.457214355468864], [86.86771392822294, 26.45721626281761], [86.86724090576189, 26.455226898193473], [86.86839294433594, 26.455688476562614], [86.86910247802734, 26.455972671508732], [86.86903381347668, 26.455173492431697], [86.8689804077149, 26.454481124878214], [86.87131500244146, 26.454114913940543], [86.87320709228521, 26.455226898193473], [86.87371826171892, 26.45420074462885], [86.87394714355474, 26.453735351562727], [86.87532043457037, 26.453735351562727], [86.87842559814482, 26.455226898193473], [86.87805175781244, 26.4562797546389], [86.87767791748041, 26.45734024047846], [86.88161468505865, 26.45673751831066], [86.88176727294928, 26.456811904907454], [86.88476562500017, 26.45932769775402], [86.88554382324236, 26.45926856994629], [86.88637542724615, 26.45920372009283], [86.88701629638666, 26.46108055114746], [86.89641571044939, 26.461715698242415], [86.89756011962908, 26.46703338623047], [86.89724731445318, 26.467924118041992], [86.89694213867182, 26.46877288818382], [86.89471435546875, 26.468915939331282], [86.89607238769537, 26.471755981445256], [86.89548492431646, 26.471815109252987], [86.894828796387, 26.471879959106673], [86.89550018310553, 26.47288894653326], [86.89582061767595, 26.47337150573759], [86.89521026611357, 26.474346160888842], [86.89457702636724, 26.475358963012752], [86.89497375488293, 26.47553825378435], [86.8959503173831, 26.47598075866722], [86.89493560791021, 26.47598075866722], [86.8942108154298, 26.47598075866722], [86.8951034545899, 26.477735519409237], [86.89262390136724, 26.481437683105582], [86.89411163330095, 26.485786437988338], [86.89596557617216, 26.486787796020565], [86.89557647705107, 26.487289428710994], [86.90650939941423, 26.487911224365234], [86.93222808837885, 26.489316940307617], [86.93204498291016, 26.490285873413313], [86.93087005615263, 26.496484756469954], [86.93509674072266, 26.516492843628043], [86.94702148437506, 26.516742706299055], [86.94734954834001, 26.517313003540096], [86.94916534423857, 26.520524978637752], [86.9492492675783, 26.520597457885742], [86.94956970214872, 26.520599365234546], [86.96183013916033, 26.520006179809855], [86.96265411376959, 26.521537780761662], [86.963676452637, 26.523452758789233], [86.96839904785162, 26.523328781127987], [86.96829986572283, 26.5227890014649], [86.96814727783203, 26.521961212158487], [86.977592468262, 26.519723892211914], [86.98181915283197, 26.524820327758732], [86.993217468262, 26.52283668518072], [86.99631500244135, 26.52391624450712], [86.9963684082033, 26.523935317993164], [87.00235748291027, 26.52614784240717], [87.01771545410173, 26.531814575195426], [87.02258300781278, 26.539731979370174], [87.03588104248053, 26.556596755981502], [87.04483032226568, 26.56794357299816], [87.04730987548834, 26.58695602417015], [87.05066680908197, 26.58681678771967], [87.05072021484392, 26.58681297302269], [87.07427978515653, 26.58546638488764], [87.07436370849626, 26.584430694580078], [87.0744018554688, 26.583974838256893], [87.07547760009766, 26.577302932739258], [87.07551574707048, 26.57701492309593], [87.07511901855486, 26.541614532470817], [87.07841491699224, 26.53701591491722], [87.08220672607422, 26.522949218750227], [87.08811950683594, 26.485292434692667], [87.09391784667997, 26.450016021728743], [87.11156463623064, 26.43683433532715], [87.13014984130871, 26.4230251312257], [87.1415100097658, 26.414588928222656], [87.16371154785162, 26.404417037963867], [87.16501617431646, 26.403816223144645], [87.17344665527355, 26.403032302856502], [87.19147491455095, 26.40510940551775], [87.18883514404303, 26.41396141052246], [87.20381927490263, 26.413295745849553], [87.20535278320307, 26.413227081298885], [87.21381378173828, 26.41284942626953], [87.21446228027372, 26.41011619567888], [87.21391296386747, 26.409688949585075], [87.213920593262, 26.40941619873047], [87.2166748046875, 26.40798950195341], [87.21971893310564, 26.40641593933134], [87.22142028808611, 26.402915954590014], [87.22611999511747, 26.40551567077631], [87.22615051269526, 26.405570983886662], [87.22638702392595, 26.408374786376953], [87.22761535644543, 26.408504486084098], [87.22866058349626, 26.410047531128214], [87.22863006591791, 26.41048812866211], [87.22905731201189, 26.41063117980957], [87.22931671142584, 26.411014556884936], [87.2296218872072, 26.41129684448265], [87.22912597656256, 26.411605834960994], [87.23044586181646, 26.412071228027514], [87.23123931884777, 26.41235160827648], [87.23123931884777, 26.412817001342773], [87.23123931884777, 26.413347244262923], [87.24761199951178, 26.413988113403434], [87.24765777587919, 26.41399002075201], [87.25037384033197, 26.41359519958496], [87.2503128051759, 26.41251945495634], [87.25036621093744, 26.41243553161621], [87.25251770019548, 26.409114837646655], [87.25594329834001, 26.410081863403548], [87.25870513916027, 26.410860061645735], [87.26418304443365, 26.407777786254883], [87.26860046386724, 26.405294418335075], [87.26864624023466, 26.405269622802678], [87.26811218261713, 26.390819549560547], [87.26680755615251, 26.386274337768725], [87.26679992675798, 26.386234283447266], [87.26828765869169, 26.37440490722662], [87.26838684082037, 26.37361145019537], [87.27482604980486, 26.37234115600586], [87.286117553711, 26.373077392578182], [87.29188537597662, 26.37342834472679], [87.2919235229495, 26.373430252075195], [87.29946136474615, 26.36871528625511], [87.30381011962908, 26.365997314453352], [87.30879211425798, 26.368293762207088], [87.31482696533232, 26.371072769165153], [87.31487274169939, 26.37109375], [87.31491851806646, 26.371114730835018], [87.315902709961, 26.367250442504996], [87.31591033935553, 26.367204666137752], [87.32431793212902, 26.359909057617244], [87.33825683593778, 26.351470947265852], [87.34049224853521, 26.35011863708519], [87.34341430664091, 26.347515106201172], [87.347152709961, 26.349601745605526], [87.35016632080095, 26.35133361816412], [87.35561370849638, 26.356147766113395], [87.36085510253923, 26.36077880859375], [87.36083221435564, 26.36082267761236], [87.35590362548845, 26.371835708618278], [87.35720062255876, 26.37893486022955], [87.35886383056669, 26.38787078857422], [87.36408233642595, 26.396570205688533], [87.3641128540039, 26.39661979675293], [87.37129211425776, 26.40775489807129], [87.37863922119146, 26.406740188598746], [87.38513946533209, 26.413028717041072], [87.39102935791021, 26.418697357177734], [87.41433715820318, 26.421529769897404], [87.42162322998075, 26.422418594360522], [87.42285919189453, 26.422365188598746], [87.43019866943388, 26.42204475402832], [87.43379974365246, 26.424531936645508], [87.44551086425798, 26.432741165161133], [87.46471405029325, 26.43891334533697], [87.46475219726557, 26.43892478942871], [87.46909332275419, 26.44006538391119], [87.48712921142595, 26.436983108520565], [87.488510131836, 26.43674659729004], [87.49820709228521, 26.435087203979435], [87.51892852783197, 26.430620193481616], [87.53929901123075, 26.4206867218017], [87.55001831054682, 26.418214797973803], [87.55532073974638, 26.405414581299112], [87.57361602783232, 26.396816253662166], [87.59022521972685, 26.392213821411417], [87.59055328369146, 26.390251159668253], [87.59088134765642, 26.38799476623541], [87.58973693847673, 26.38223648071289], [87.589653015137, 26.381813049316463], [87.60841369628923, 26.380601882934684], [87.61463165283232, 26.3898296356204], [87.63038635253912, 26.393468856811637], [87.63089752197266, 26.3935871124267], [87.6458358764649, 26.3933486938476], [87.65438842773455, 26.39321327209467], [87.65277099609403, 26.405517578125284], [87.65280914306669, 26.4055309295656], [87.68081665039091, 26.41544342041027], [87.68086242675776, 26.415458679199332], [87.68082427978544, 26.416700363159237], [87.68023681640653, 26.435094833374194], [87.6809158325197, 26.435094833374194], [87.68173217773443, 26.435094833374194], [87.6945190429688, 26.43531608581543], [87.70064544677763, 26.428342819213924], [87.70101928710949, 26.427915573120345], [87.70858001708984, 26.42739105224632], [87.71217346191423, 26.427118301391886], [87.71221160888678, 26.427099227905273], [87.71590423584013, 26.42527580261236], [87.71608734130871, 26.42400932312006], [87.71627807617199, 26.42266654968273], [87.71851348876959, 26.421548843384016], [87.71971893310575, 26.42180252075201], [87.7208786010745, 26.42204475402832], [87.72277069091825, 26.419822692871378], [87.72431182861357, 26.418819427490178], [87.72485351562506, 26.418939590454215], [87.72634124755865, 26.415210723877124], [87.72531890869158, 26.41221618652355], [87.72978973388678, 26.41027259826683], [87.73612213134794, 26.407522201538313], [87.7361602783206, 26.407505035400447], [87.74163055419928, 26.417198181152287], [87.74327850341814, 26.4174747467041], [87.74991607666016, 26.418516159057617], [87.7556991577149, 26.40894508361822], [87.75631713867193, 26.407915115356616], [87.7688598632813, 26.412096023559513], [87.76809692382818, 26.41297340393072], [87.77071380615251, 26.414962768554688], [87.77008819580107, 26.418565750122184], [87.77082061767584, 26.418498992919922], [87.77334594726591, 26.42122840881359], [87.77356719970703, 26.421548843384016], [87.77360534667986, 26.4215030670166], [87.77555847167974, 26.419187545776424], [87.77878570556646, 26.421548843384016], [87.77575683593756, 26.420267105102653], [87.77555847167974, 26.42018127441412], [87.77608489990251, 26.42101669311546], [87.77789306640653, 26.425170898437614], [87.77307128906256, 26.42714118957531], [87.77766418457037, 26.426906585693587], [87.77736663818354, 26.427440643310547], [87.77505493164091, 26.42975044250511], [87.77571868896484, 26.430416107177848], [87.77629852294928, 26.430994033813647], [87.77841949462896, 26.42961502075201], [87.77843475341803, 26.42971038818365], [87.7802810668947, 26.43559074401861], [87.77970886230486, 26.436166763305664], [87.77967071533203, 26.436203002929744], [87.7791595458985, 26.43671035766613], [87.77806854248053, 26.435827255249137], [87.77716827392607, 26.435094833374194], [87.7763061523438, 26.435401916504134], [87.77542877197294, 26.435716629028434], [87.77703857421892, 26.440406799316463], [87.7802810668947, 26.442302703857592], [87.77902221679693, 26.442441940307674], [87.7780380249024, 26.4425506591798], [87.77912902832048, 26.447397232055835], [87.77642059326166, 26.450115203857592], [87.78152465820341, 26.450380325317667], [87.78041839599604, 26.45331573486328], [87.78040313720732, 26.4533634185791], [87.78487396240234, 26.453712463379134], [87.78661346435553, 26.457715988159237], [87.79018402099626, 26.46169471740717], [87.78835296630865, 26.462713241577262], [87.78841400146513, 26.463197708129996], [87.78860473632841, 26.464796066284293], [87.78878021240263, 26.464973449707088], [87.78901672363281, 26.46611595153837], [87.78959655761736, 26.4650936126709], [87.79096221923845, 26.463926315307617], [87.79245758056658, 26.465541839599553], [87.79101562500006, 26.46596908569336], [87.78939819335938, 26.46644783020014], [87.78910064697271, 26.46653556823742], [87.78897857666044, 26.467653274536133], [87.79221343994169, 26.468915939331282], [87.79354095459013, 26.46645545959467], [87.79364013671892, 26.466600418091105], [87.79494476318376, 26.468524932861385], [87.81395721435575, 26.461565017700195], [87.81785583496111, 26.459613800048942], [87.81968688964872, 26.45873069763178], [87.8277130126956, 26.451906204223917], [87.82775878906267, 26.451887130737475], [87.8322143554688, 26.449914932250977], [87.83071899414074, 26.439815521240405], [87.84430694580107, 26.437429428100586], [87.85121917724626, 26.436214447021484], [87.85350799560564, 26.444904327392862], [87.8535995483399, 26.444955825805664], [87.8637237548831, 26.449728012085075], [87.86354064941435, 26.450752258300895], [87.86512756347673, 26.45263099670433], [87.86241912841825, 26.453716278076115], [87.86071014404325, 26.455993652343977], [87.86105346679716, 26.45882987976097], [87.8611907958985, 26.458904266357422], [87.86217498779303, 26.45945167541504], [87.86122894287115, 26.460397720336914], [87.86067962646513, 26.460943222045955], [87.86080932617193, 26.463428497314567], [87.86512756347673, 26.464057922363338], [87.8660430908206, 26.46762275695818], [87.88814544677763, 26.476228713989258], [87.88954925537126, 26.48205184936546], [87.89015197753923, 26.484552383422965], [87.89028930664057, 26.485122680664233], [87.89063262939482, 26.48641967773449], [87.90252685546892, 26.477127075195312], [87.90254211425798, 26.4770889282226], [87.90892028808605, 26.46431541442871], [87.91210174560553, 26.457448959350586], [87.90345001220697, 26.45026016235363], [87.90119934082048, 26.448390960693303], [87.92600250244158, 26.44645500183111], [87.92667388916044, 26.44640350341814], [87.9281616210938, 26.44006538391119], [87.92811584472656, 26.440015792846793], [87.92580413818376, 26.43745613098139], [87.92266845703153, 26.43592071533203], [87.91996002197271, 26.434597015381144], [87.91987609863298, 26.43441581726097], [87.91912078857439, 26.430715560913256], [87.9241561889649, 26.429233551025447], [87.92667388916044, 26.428880691528263], [87.92743682861357, 26.42826843261713], [87.92761993408232, 26.428215026855753], [87.92763519287138, 26.42810821533203], [87.92853546142584, 26.427389144897518], [87.92926025390625, 26.418245315551758], [87.9293060302735, 26.417947769165096], [87.9349975585938, 26.417695999145508], [87.96831512451189, 26.396816253662166], [87.98072814941423, 26.394580841064567], [87.99328613281244, 26.392471313476562], [87.99361419677763, 26.392375946044922], [87.99415588378912, 26.392219543456974], [87.99452209472662, 26.382661819458065], [87.9950256347658, 26.369354248046875], [87.99575805664057, 26.369354248046875], [87.99626922607428, 26.369354248046875], [87.99619293212908, 26.36837959289562], [87.99998474121111, 26.36501312255882], [88.0003738403322, 26.3647270202639], [88.00496673584001, 26.366247177124194], [88.0047149658206, 26.36561584472679], [88.00447082519537, 26.364879608154297], [88.00671386718756, 26.36441612243675], [88.00832366943388, 26.36140060424799], [88.01018524169928, 26.36077880859375], [88.03255462646513, 26.36463165283226], [88.03293609619169, 26.36570739746088], [88.0310440063476, 26.368345260620288], [88.03031921386736, 26.368856430053825], [88.02999877929693, 26.36981010437023], [88.02969360351591, 26.37071990966797], [88.03072357177751, 26.37127304077177], [88.03112792968756, 26.37211036682129], [88.03069305419939, 26.373331069946573], [88.03173828125006, 26.373704910278605], [88.0320892333985, 26.374940872192383], [88.0315628051759, 26.376438140869254], [88.03240966796892, 26.376075744629134], [88.03241729736345, 26.376115798950195], [88.03389739990263, 26.37818145751976], [88.03082275390653, 26.378705978393782], [88.02982330322271, 26.381198883056925], [88.02969360351591, 26.381532669067667], [88.03205871582048, 26.382900238037166], [88.03264617919928, 26.382490158081055], [88.03271484375028, 26.38251495361328], [88.03390502929682, 26.384656906127987], [88.03466796874994, 26.38799476623541], [88.03582000732416, 26.38811683654785], [88.03702545166016, 26.388242721557845], [88.03715515136713, 26.391723632812727], [88.0390167236331, 26.390014648437557], [88.04049682617193, 26.392713546753043], [88.04038238525419, 26.3935871124267], [88.04248809814447, 26.393835067749308], [88.04380035400419, 26.39457893371582], [88.04299163818365, 26.395078659057617], [88.04455566406278, 26.39498138427757], [88.04498291015625, 26.394954681396598], [88.04501342773455, 26.39521217346197], [88.04510498046886, 26.395948410034293], [88.04616546630876, 26.395788192748967], [88.04759216308622, 26.395574569702262], [88.04701995849638, 26.39621734619135], [88.04660034179693, 26.396694183349553], [88.04750061035173, 26.396919250488338], [88.04907989501959, 26.39731597900419], [88.04846954345703, 26.398349761962947], [88.04783630371088, 26.3994274139406], [88.04991912841825, 26.400815963745117], [88.05021667480474, 26.400749206543253], [88.0529327392581, 26.40029716491705], [88.0530624389649, 26.400123596191463], [88.05417633056658, 26.398681640625114], [88.05475616455095, 26.4002170562747], [88.05492401123064, 26.40067100524908], [88.05570983886736, 26.400608062744368], [88.05802917480474, 26.400421142578068], [88.0574035644533, 26.401302337646484], [88.05678558349638, 26.402162551879996], [88.05793762207026, 26.40273857116722], [88.0587768554688, 26.403156280517692], [88.05848693847685, 26.404239654541243], [88.05815124511736, 26.405517578125284], [88.0594635009765, 26.405927658081055], [88.05987548828142, 26.406629562378043], [88.05939483642584, 26.407505035400447], [88.060531616211, 26.407505035400447], [88.06261444091803, 26.40941619873047], [88.0627517700197, 26.409402847290153], [88.0664825439456, 26.41036415100109], [88.06673431396501, 26.409023284912166], [88.0669784545899, 26.40775489807129], [88.06867218017595, 26.40875816345209], [88.06970977783214, 26.409370422363224], [88.07039642334001, 26.40849494934099], [88.07107543945341, 26.407629013061694], [88.07390594482433, 26.40774345397955], [88.07209014892595, 26.412803649902287], [88.07207489013689, 26.41284942626953], [88.0811157226563, 26.419815063476847], [88.0862426757813, 26.4258975982666], [88.08740234375006, 26.429996490478572], [88.08750915527338, 26.43036460876465], [88.08752441406267, 26.430408477783487], [88.09069061279308, 26.433462142944563], [88.09123229980474, 26.433988571166992], [88.09740447998075, 26.437442779541072], [88.09901428222656, 26.44304847717285], [88.09941101074224, 26.45211982727062], [88.09616088867193, 26.459003448486385], [88.09442901611345, 26.462677001953352], [88.09550476074247, 26.46356773376465], [88.09667968750017, 26.464548110961857], [88.09696960449224, 26.464576721191634], [88.10205078125017, 26.46578979492216], [88.10594940185558, 26.466707229614258], [88.10624694824236, 26.467903137207145], [88.10041046142584, 26.4722518920899], [88.10699462890642, 26.471755981445256], [88.10709381103527, 26.471866607666186], [88.10923004150419, 26.475925445556868], [88.10292816162138, 26.479444503784237], [88.1028900146485, 26.4794597625733], [88.10373687744158, 26.483509063720703], [88.10375213623064, 26.483564376831055], [88.10832214355486, 26.489107131958292], [88.10819244384771, 26.489225387573356], [88.10580444335966, 26.491329193115234], [88.10292053222685, 26.494115829468], [88.10301971435547, 26.49859809875511], [88.10128021240251, 26.505434036254883], [88.09518432617205, 26.504314422607422], [88.09368133544928, 26.505907058715934], [88.0929565429688, 26.506679534912166], [88.09291839599615, 26.506715774536303], [88.09339904785185, 26.50704383850109], [88.09911346435575, 26.510915756225643], [88.09804534912126, 26.51480865478544], [88.09770965576178, 26.516132354736328], [88.09955596923845, 26.51662254333519], [88.10551452636724, 26.51821517944353], [88.10590362548834, 26.520128250122298], [88.1072387695313, 26.52631187438965], [88.10732269287138, 26.52701568603544], [88.10749053955107, 26.52842330932623], [88.10525512695312, 26.530412673950195], [88.10614776611357, 26.535623550415096], [88.10819244384771, 26.535221099853516], [88.11030578613287, 26.530241012573356], [88.11514282226591, 26.530189514160384], [88.12354278564482, 26.52013969421381], [88.13217926025408, 26.512580871582202], [88.13765716552763, 26.514192581176758], [88.1412963867187, 26.511791229248274], [88.14539337158209, 26.510971069335994], [88.14769744873053, 26.516639709472656], [88.15090179443365, 26.51692008972185], [88.15506744384783, 26.515771865844954], [88.15744018554693, 26.51874160766613], [88.16538238525408, 26.52164077758806], [88.16602325439459, 26.534460067748967], [88.16826629638678, 26.537361145019474], [88.17063140869169, 26.53650283813471], [88.17382812500006, 26.53282928466797], [88.17868041992182, 26.530870437622355], [88.1796264648437, 26.53449058532715], [88.17913055419928, 26.536991119384993], [88.18242645263678, 26.542930603027344], [88.18573760986322, 26.54413986206049], [88.19050598144526, 26.544309616088924], [88.19668579101568, 26.543560028076115], [88.19898986816412, 26.541751861572493], [88.19924163818388, 26.53872108459484], [88.20149230957037, 26.538600921630803], [88.20405578613281, 26.539550781250057], [88.20494079589855, 26.537250518798942], [88.20742034912121, 26.535221099853516], [88.21456146240251, 26.53558921813959], [88.21534729003923, 26.537910461425895], [88.21109008789091, 26.538690567016886], [88.20966339111334, 26.540721893310717], [88.21235656738287, 26.54166984558117], [88.21689605712896, 26.54156112670921], [88.22080230712919, 26.546279907226847], [88.219223022461, 26.548591613769645], [88.21389007568365, 26.550769805908317], [88.2153930664063, 26.557268142700366], [88.2218093872072, 26.55323028564453], [88.23120117187506, 26.551982879638672], [88.23114776611345, 26.53921127319336], [88.23336029052746, 26.53236961364763], [88.22582244873064, 26.526639938354435], [88.21865081787115, 26.523700714111442], [88.20665740966808, 26.51498031616211], [88.20635986328142, 26.510061264038256], [88.19982910156278, 26.510650634765568], [88.19386291503912, 26.508010864257983], [88.18634033203142, 26.500070571899414], [88.17920684814482, 26.49398040771507], [88.17903900146513, 26.490579605102596], [88.183403015137, 26.488399505615348], [88.18295288085943, 26.48526000976574], [88.19164276123041, 26.48307991027832], [88.19375610351562, 26.47202110290533], [88.21479034423828, 26.46973037719738], [88.21694183349615, 26.47265052795416], [88.21264648437517, 26.474580764770565], [88.21315765380888, 26.477779388427905], [88.2262268066408, 26.47625160217285], [88.22595977783232, 26.47202110290533], [88.22112274169928, 26.466848373413313], [88.2153396606447, 26.465730667114258], [88.22460174560575, 26.45574951171892], [88.22897338867199, 26.447151184081974], [88.23388671875006, 26.446250915527344], [88.2366485595706, 26.449310302734375], [88.24340057373047, 26.44930076599144], [88.24835205078142, 26.438800811767862], [88.25219726562506, 26.43379020690918], [88.25963592529303, 26.430669784546012], [88.26275634765653, 26.42808914184576], [88.26560974121122, 26.42337989807129], [88.26790618896513, 26.421752929687614], [88.26834869384783, 26.417921066284123], [88.26315307617216, 26.415010452270508], [88.25538635253923, 26.415880203247184], [88.23581695556646, 26.39616966247553], [88.23044586181646, 26.393960952758903], [88.22924804687517, 26.38985061645525], [88.2317123413086, 26.384901046753043], [88.2376098632812, 26.375377655029297], [88.24312591552763, 26.37409019470215], [88.2451171875, 26.37599754333496], [88.25126647949224, 26.37585830688505], [88.25489807128912, 26.374469757080135], [88.26164245605463, 26.38002967834484], [88.26759338378923, 26.38116073608421], [88.26994323730474, 26.378879547119197], [88.27397918701178, 26.377281188965128], [88.28189849853533, 26.360130310058707], [88.28990173339861, 26.35691070556652], [88.2919158935548, 26.35391044616722], [88.28913879394548, 26.351139068603516], [88.28336334228544, 26.34930992126465], [88.279350280762, 26.346349716186637], [88.28170013427751, 26.339809417724894], [88.27955627441435, 26.33553123474138], [88.27626037597662, 26.332492828369368], [88.27243804931646, 26.33053970336914], [88.269760131836, 26.332689285278377], [88.26859283447271, 26.33700942993181], [88.26526641845697, 26.336490631103516], [88.26113128662126, 26.33785057067871], [88.2580108642581, 26.334239959717024], [88.25630950927729, 26.33011817932129], [88.25370788574224, 26.327760696411246], [88.24819946289068, 26.326538085937557], [88.24469757080095, 26.3162899017334], [88.23912811279325, 26.31319808959961], [88.23645019531278, 26.305400848388672], [88.23416137695341, 26.30668067932129], [88.2317733764649, 26.31035804748541], [88.22690582275419, 26.303970336914062], [88.22677612304705, 26.296649932861385], [88.22458648681652, 26.289400100708292], [88.22101593017572, 26.288219451904297], [88.21900177001959, 26.285671234130973], [88.21498107910156, 26.28493118286127], [88.21425628662115, 26.28168106079096], [88.21115875244158, 26.280000686645735], [88.20410156250017, 26.279590606689396], [88.19448852539091, 26.27412986755371], [88.18936920166016, 26.275100708007756], [88.18337249755865, 26.274681091308707], [88.17690277099621, 26.26172828674322], [88.16706085205095, 26.257200241089095], [88.16311645507818, 26.257530212402457], [88.15882873535185, 26.256910324096793], [88.14444732666021, 26.25279998779314], [88.14064788818365, 26.249639511108683], [88.14063262939459, 26.245729446411417], [88.1374130249024, 26.243770599365234], [88.13593292236357, 26.237150192260742], [88.13880157470732, 26.23081970214855], [88.13582611083984, 26.22821044921875], [88.13105010986345, 26.226810455322266], [88.12612915039068, 26.226919174194393], [88.12560272216825, 26.2278995513916], [88.11995697021501, 26.227949142455998], [88.11187744140653, 26.226209640503043], [88.11390686035162, 26.22397994995123], [88.11601257324224, 26.222980499267578], [88.108383178711, 26.21705055236839], [88.10572814941412, 26.216400146484375], [88.10246276855474, 26.212249755859432], [88.09718322753935, 26.20643043518095], [88.09359741210966, 26.206539154052678], [88.08969116210943, 26.203231811523438], [88.08759307861334, 26.19797134399431], [88.0872421264649, 26.194440841674805], [88.08162689209001, 26.19235038757347], [88.07298278808622, 26.18539047241211], [88.07482910156256, 26.1812801361084], [88.07141876220709, 26.17879295349121], [88.06983184814453, 26.175718307495117], [88.06710052490229, 26.17762947082548], [88.0634307861331, 26.176670074463118], [88.05864715576183, 26.173759460449276], [88.0523300170899, 26.171672821044922], [88.04836273193388, 26.174640655517692], [88.04618072509766, 26.17788124084467], [88.0404663085938, 26.176811218261776], [88.0374374389649, 26.177700042724723], [88.03233337402372, 26.173519134521598], [88.0336303710938, 26.170289993286133], [88.02852630615263, 26.167289733887003], [88.02662658691435, 26.162799835205362], [88.01751708984375, 26.155559539795206], [88.01174163818388, 26.154790878295955], [88.01078033447294, 26.149290084838924], [88.01509094238281, 26.142908096313533], [88.01306915283232, 26.140871047973576], [88.00681304931669, 26.143289566040096], [87.9991073608399, 26.14039039611822], [87.9960327148438, 26.14179039001465], [87.98840332031256, 26.148611068725756], [87.98210906982428, 26.1591796875], [87.97479248046875, 26.152860641479492], [87.96953582763678, 26.154409408569393], [87.96405792236357, 26.151979446411133], [87.96334075927729, 26.14888954162592], [87.96869659423845, 26.147871017456055], [87.96877288818365, 26.13935089111328], [87.97097015380854, 26.13714027404808], [87.96784210205084, 26.13183021545416], [87.95713043212896, 26.128860473632812], [87.95868682861334, 26.12569808959961], [87.9674072265625, 26.1253719329834], [87.97563171386724, 26.12162971496599], [87.96935272216803, 26.109310150146484], [87.95823669433611, 26.1088294982913], [87.95494842529291, 26.10568237304716], [87.95440673828142, 26.102792739868164], [87.95812988281261, 26.100851058960018], [87.95765686035173, 26.097089767455998], [87.96273040771513, 26.094720840454045], [87.96570587158209, 26.091920852661133], [87.96948242187517, 26.091648101806697], [87.97025299072283, 26.08735084533714], [87.97219085693365, 26.08485031127924], [87.96813201904314, 26.081361770629826], [87.96401214599615, 26.083250045776595], [87.95984649658214, 26.084039688110295], [87.95052337646513, 26.08304023742687], [87.94300842285162, 26.08469009399414], [87.93788146972662, 26.084461212158146], [87.93694305419928, 26.07975006103527], [87.93820953369158, 26.076761245727653], [87.93470001220732, 26.070520401000977], [87.93112945556658, 26.06895065307623], [87.92253875732439, 26.07180976867687], [87.921859741211, 26.076871871948185], [87.91652679443365, 26.07969856262207], [87.91750335693371, 26.088010787963867], [87.91293334960966, 26.090972900390682], [87.89572906494146, 26.07987022399908], [87.89256286621122, 26.080350875854492], [87.88928222656278, 26.075099945068473], [87.8882675170899, 26.071939468383846], [87.8847198486331, 26.071519851684798], [87.8760604858399, 26.066190719604435], [87.87769317626947, 26.057910919189567], [87.87520599365263, 26.055578231811523], [87.86325073242205, 26.05610084533714], [87.84915161132812, 26.04496955871582], [87.84211730957037, 26.044481277465877], [87.84126281738276, 26.04120826721197], [87.84165191650385, 26.03230094909668], [87.83892822265653, 26.02287101745617], [87.84062194824224, 26.019769668579272], [87.8333358764649, 26.0010929107666], [87.83075714111357, 25.99216079711931], [87.82720184326189, 25.992340087890852], [87.82604217529314, 25.988311767578352], [87.82618713378935, 25.983682632446403], [87.82987976074236, 25.97187995910639], [87.8312606811524, 25.964099884033146], [87.83097839355469, 25.962230682373047], [87.82538604736357, 25.958721160888956], [87.82704925537115, 25.95358085632347], [87.8265762329101, 25.95004272460966], [87.82390594482416, 25.946451187133846], [87.82480621337902, 25.943660736084098], [87.82830810546875, 25.94111061096197], [87.82711029052763, 25.937780380249308], [87.82993316650396, 25.935451507568644], [87.8268127441408, 25.931850433349723], [87.82350921630888, 25.931350708008097], [87.81787109375, 25.933019638061808], [87.80696105957048, 25.929918289184513], [87.8057327270509, 25.928430557250977], [87.80358123779303, 25.92072105407715], [87.80745697021496, 25.91827011108404], [87.80747985839872, 25.915830612182674], [87.80355834960955, 25.91394805908226], [87.80375671386719, 25.912149429321403], [87.8078002929688, 25.90899085998535], [87.81066131591803, 25.91399955749506], [87.81186676025419, 25.913179397583008], [87.8164672851562, 25.91270828247093], [87.81726074218767, 25.909189224243164], [87.81680297851574, 25.904870986938533], [87.81365966796892, 25.89995193481451], [87.81459045410173, 25.898841857910156], [87.81891632080107, 25.89715957641596], [87.8202667236331, 25.8937606811524], [87.81796264648466, 25.888450622558707], [87.81552124023432, 25.88796043396019], [87.8155059814456, 25.885540008544922], [87.81706237792969, 25.883340835571403], [87.81828308105474, 25.88148117065441], [87.81986236572294, 25.88097953796398], [87.8228378295899, 25.871467590332145], [87.8345413208009, 25.868740081787053], [87.84314727783232, 25.868711471557674], [87.85043334960938, 25.86707115173334], [87.85589599609386, 25.864730834960994], [87.86528015136747, 25.867551803589095], [87.867660522461, 25.864450454712028], [87.87068939209001, 25.866001129150447], [87.87223815917974, 25.859659194946346], [87.8787460327149, 25.858459472656307], [87.88121795654303, 25.85840988159191], [87.88481903076172, 25.864652633666992], [87.89945220947266, 25.859830856323185], [87.90138244628923, 25.856241226196403], [87.90483093261736, 25.853088378906307], [87.91091156005876, 25.85174942016613], [87.89734649658197, 25.839599609375114], [87.8974227905274, 25.834520339965934], [87.89530944824219, 25.83317947387718], [87.89261627197283, 25.835081100463867], [87.88935852050798, 25.832801818847656], [87.88764953613298, 25.832870483398494], [87.88339996337919, 25.82860946655279], [87.88433837890653, 25.827310562133732], [87.89096832275396, 25.82650947570812], [87.89379882812506, 25.829160690307617], [87.89643859863298, 25.829090118408203], [87.8979568481447, 25.82765007019043], [87.89385223388683, 25.825061798095646], [87.89874267578125, 25.820140838623047], [87.90445709228533, 25.81892013549816], [87.91050720214838, 25.81480979919428], [87.90947723388678, 25.810691833496094], [87.90760040283232, 25.809392929077205], [87.9031372070313, 25.81413078308111], [87.90200805664068, 25.813140869140568], [87.9020385742188, 25.811010360717773], [87.90119171142595, 25.810699462890625], [87.89927673339861, 25.81159019470215], [87.89672851562528, 25.81105995178234], [87.89501953125028, 25.80468940734869], [87.8990707397461, 25.80550193786621], [87.90188598632841, 25.803989410400618], [87.90305328369169, 25.801870346069336], [87.90159606933611, 25.800500869751033], [87.89919281005871, 25.800249099731445], [87.89800262451178, 25.799270629882812], [87.90094757080107, 25.780309677124023], [87.89774322509766, 25.77181053161644], [87.89846801757841, 25.769760131836165], [87.90125274658209, 25.76923942565918], [87.90497589111322, 25.77196121215826], [87.91866302490263, 25.774040222167912], [87.9286270141601, 25.767850875854606], [87.92919921874994, 25.772090911865234], [87.93239593505888, 25.771320343017578], [87.93734741210949, 25.76794052124046], [87.93752288818365, 25.758300781250057], [87.94164276123064, 25.755950927734375], [87.94201660156267, 25.75323104858404], [87.93862915039068, 25.748540878296126], [87.94386291503935, 25.74814033508295], [87.9441528320313, 25.743812561035384], [87.95102691650396, 25.738620758056754], [87.95665740966791, 25.735441207885856], [87.96047973632807, 25.73212051391613], [87.96199798583979, 25.72969818115257], [87.96099853515636, 25.72468185424816], [87.97165679931646, 25.72006988525385], [87.97966766357428, 25.71846008300787], [87.98184204101557, 25.721700668335075], [87.98779296875017, 25.72367095947277], [87.98770904541044, 25.720020294189453], [87.9925613403322, 25.71912956237793], [87.9971771240235, 25.711910247802848], [88.00196838378912, 25.7091007232666], [88.00676727294933, 25.706510543823242], [88.01667022705084, 25.704711914062727], [88.01751708984375, 25.70249938964855], [88.0143127441408, 25.697481155395508], [88.0143432617188, 25.694351196289062], [88.01615905761747, 25.691719055175838], [88.02239227294928, 25.6915225982666], [88.02677917480474, 25.69892120361328], [88.03016662597662, 25.698810577392578], [88.03219604492182, 25.696470260620345], [88.0347518920899, 25.694030761718977], [88.03985595703142, 25.698139190674055], [88.04332733154303, 25.694692611694336], [88.04518890380876, 25.690000534057674], [88.04862976074236, 25.690570831298942], [88.05081939697271, 25.685800552368164], [88.04910278320318, 25.681470870971793], [88.04467773437506, 25.676969528198242], [88.04313659667974, 25.673889160156364], [88.04538726806658, 25.659801483154524], [88.04888153076178, 25.657989501953352], [88.04876708984403, 25.655429840087947], [88.04397583007841, 25.65258026123047], [88.04537200927734, 25.64810943603527], [88.04853820800793, 25.643909454345703], [88.04731750488298, 25.64302253723156], [88.04614257812517, 25.644411087036133], [88.04448699951178, 25.642879486084098], [88.0443878173831, 25.63965988159174], [88.04294586181646, 25.638999938964787], [88.04016113281278, 25.641912460327376], [88.03582000732416, 25.640979766845817], [88.03555297851568, 25.63683128356945], [88.04081726074236, 25.636119842529354], [88.04347991943376, 25.63207054138195], [88.05429840087919, 25.632860183716048], [88.0474929809572, 25.627620697021598], [88.0437698364259, 25.62822914123535], [88.03942871093778, 25.627300262451172], [88.0369415283206, 25.622009277343864], [88.03502655029325, 25.61705017089855], [88.03724670410162, 25.615577697753906], [88.04042816162126, 25.61046028137207], [88.03930664062517, 25.608489990234318], [88.04139709472673, 25.605499267578125], [88.03605651855486, 25.602401733398438], [88.02970123291044, 25.60003852844244], [88.0313110351563, 25.598262786865348], [88.0356521606447, 25.596981048583984], [88.03983306884766, 25.59736061096197], [88.03858947753912, 25.595041275024414], [88.03121948242216, 25.591011047363338], [88.03138732910185, 25.587499618530273], [88.0264968872072, 25.585901260375977], [88.02102661132818, 25.586921691894474], [88.02194213867205, 25.582920074462947], [88.03002166748053, 25.574340820312443], [88.02526855468761, 25.569091796875057], [88.02818298339838, 25.566310882568416], [88.03392791748047, 25.565900802612248], [88.03824615478527, 25.563880920410156], [88.03547668457048, 25.560380935669173], [88.03343963623053, 25.561450958252067], [88.02961730957037, 25.55948066711437], [88.03042602539074, 25.557548522949162], [88.02704620361322, 25.55327033996582], [88.02982330322271, 25.55039024353033], [88.03787994384794, 25.546180725097656], [88.03571319580084, 25.536729812622298], [88.0390930175783, 25.533189773559513], [88.04247283935575, 25.532060623168945], [88.04605102539068, 25.53433036804205], [88.04884338378923, 25.5333309173584], [88.05074310302751, 25.530519485473576], [88.0559768676759, 25.529930114746094], [88.05812072753935, 25.528709411621207], [88.05748748779303, 25.525671005249023], [88.06687927246122, 25.516420364379883], [88.06886291503923, 25.513048171997127], [88.06491088867193, 25.508512496948242], [88.06385040283197, 25.506170272827262], [88.06642913818365, 25.50503921508789], [88.07125854492216, 25.504880905151367], [88.07285308837908, 25.50390052795416], [88.06981658935564, 25.501882553100586], [88.06812286376959, 25.496799468994084], [88.06815338134771, 25.4898490905764], [88.07041168212896, 25.48050117492687], [88.06593322753935, 25.48115158081066], [88.06167602539068, 25.48558998107916], [88.05580139160185, 25.48388099670416], [88.05296325683622, 25.48662948608404], [88.04947662353521, 25.486150741577262], [88.04933929443388, 25.482719421386776], [88.04633331298845, 25.48261070251465], [88.04213714599626, 25.485389709472713], [88.03660583496111, 25.486541748046932], [88.03862762451183, 25.49155807495123], [88.03450775146501, 25.492731094360465], [88.03122711181669, 25.485990524291935], [88.0275497436524, 25.486141204833984], [88.02868652343756, 25.488969802856445], [88.02028656005865, 25.495380401611555], [88.01573181152355, 25.500499725341797], [88.0099487304688, 25.5009708404541], [88.00792694091825, 25.502830505371094], [88.01167297363287, 25.507560729980582], [88.00747680664068, 25.510391235351676], [88.00377655029291, 25.50481986999523], [88.00300598144526, 25.499691009521484], [88.00424194335943, 25.49403953552246], [87.9983520507813, 25.495399475097656], [87.99276733398455, 25.497850418090934], [87.98663330078142, 25.50263023376465], [87.98496246337896, 25.508110046386832], [87.98055267334001, 25.515850067138786], [87.98780822753923, 25.520719528198242], [87.98819732666016, 25.522600173950252], [87.98764801025396, 25.523941040039176], [87.98603820800776, 25.524829864502067], [87.97225952148466, 25.523229598999023], [87.96914672851568, 25.526069641113395], [87.96408843994169, 25.533081054687557], [87.95561218261724, 25.538049697876033], [87.95239257812506, 25.5364608764649], [87.94287872314464, 25.534677505493278], [87.9380493164063, 25.53528976440441], [87.9335479736331, 25.534961700439396], [87.92604827880865, 25.536212921142635], [87.92411041259766, 25.535648345947322], [87.9196319580081, 25.530839920044002], [87.91609954833984, 25.531909942626896], [87.91440582275396, 25.53093910217285], [87.91456604003923, 25.52523040771507], [87.91374969482416, 25.52376937866211], [87.90815734863293, 25.524120330810547], [87.9030303955081, 25.51905059814453], [87.90631866455078, 25.51366806030279], [87.9027175903322, 25.511220932006836], [87.90480804443376, 25.507339477539176], [87.90051269531256, 25.50723075866705], [87.8989868164063, 25.504301071166935], [87.89585113525408, 25.50472068786621], [87.89501953125028, 25.50994110107422], [87.88815307617216, 25.512769699096737], [87.88532257080072, 25.517089843750114], [87.87921905517572, 25.515970230102653], [87.8804779052735, 25.513320922851562], [87.88136291503923, 25.50556945800787], [87.86988067626947, 25.503000259399528], [87.86872863769526, 25.49718284606945], [87.8634872436524, 25.493429183959904], [87.86086273193371, 25.486051559448242], [87.86052703857416, 25.477830886840934], [87.86390686035168, 25.47031974792492], [87.86428833007824, 25.46788978576666], [87.86347198486334, 25.465389251708984], [87.85067749023438, 25.468349456787223], [87.84955596923834, 25.464990615844783], [87.8338165283206, 25.464572906494084], [87.83380889892607, 25.458810806274357], [87.827690124512, 25.458831787109432], [87.82559967041044, 25.457540512085075], [87.82734680175776, 25.451589584350643], [87.82496643066412, 25.44939041137701], [87.82578277587919, 25.445261001586857], [87.8217163085938, 25.443021774292106], [87.8209228515625, 25.439771652221793], [87.81922912597662, 25.43753814697277], [87.80864715576166, 25.434190750122013], [87.80680084228533, 25.43477821350092], [87.79830932617216, 25.441869735717887], [87.7933197021485, 25.44219970703125], [87.79260253906278, 25.445619583129996], [87.78652191162104, 25.448699951171875], [87.78132629394543, 25.444650650024528], [87.77964019775419, 25.436599731445426], [87.77651214599615, 25.428970336914176], [87.77011108398466, 25.428768157958984], [87.76586151123053, 25.424291610718], [87.7712020874024, 25.418529510498104], [87.77242279052734, 25.414911270141715], [87.77127075195307, 25.41155815124523], [87.76998138427751, 25.40983009338379], [87.76798248291044, 25.408769607544002], [87.76413726806646, 25.408979415893555], [87.76213836669939, 25.412061691284237], [87.759750366211, 25.41008949279791], [87.75910186767595, 25.40504074096691], [87.76381683349638, 25.404899597168026], [87.76644897460949, 25.403530120849553], [87.76306915283197, 25.39561080932623], [87.76255798339844, 25.388999938964844], [87.76268768310541, 25.386230468750114], [87.7657012939456, 25.377990722656477], [87.77379608154314, 25.37195014953619], [87.7767181396485, 25.370849609375], [87.78882598876953, 25.372249603271428], [87.78736114501959, 25.354860305786076], [87.78486633300798, 25.344600677490178], [87.78159332275408, 25.33839988708496], [87.78398132324224, 25.332429885864315], [87.79144287109403, 25.322330474853516], [87.79728698730474, 25.322080612182674], [87.80162811279314, 25.32340049743658], [87.81107330322277, 25.31916046142578], [87.82035064697266, 25.312820434570426], [87.82892608642595, 25.30342102050787], [87.83114624023466, 25.302160263061523], [87.84037017822283, 25.298379898071403], [87.85041046142607, 25.297437667846737], [87.8513793945312, 25.292499542236442], [87.85330200195312, 25.28936958312994], [87.85501098632812, 25.289529800415266], [87.85616302490234, 25.28297042846691], [87.85652160644526, 25.277772903442496], [87.85428619384783, 25.267910003662223], [87.8513793945312, 25.269069671630803], [87.84996795654303, 25.26728057861328], [87.84974670410162, 25.26148033142084], [87.85103607177751, 25.257961273193473], [87.84925079345732, 25.253427505493164], [87.84729003906256, 25.25225067138672], [87.84555053710943, 25.25225830078125], [87.84158325195318, 25.253580093383732], [87.83553314209013, 25.24981117248535], [87.83228302001982, 25.244649887085075], [87.83024597167986, 25.23966026306175], [87.824935913086, 25.236551284790153], [87.8227767944336, 25.234340667724723], [87.83380126953153, 25.21336936950695], [87.83683776855497, 25.203109741210994], [87.83664703369169, 25.199260711669865], [87.83230590820307, 25.200780868530387], [87.82965850830095, 25.204050064086914], [87.82119750976591, 25.208089828491154], [87.81004333496111, 25.21173286437994], [87.80134582519543, 25.218240737915153], [87.787582397461, 25.22048950195324], [87.78753662109392, 25.22862052917486], [87.78544616699219, 25.23631286621105], [87.78520202636719, 25.240459442138615], [87.78367614746094, 25.24299049377464], [87.78330993652361, 25.2461776733399], [87.76911926269543, 25.246658325195256], [87.76283264160185, 25.249288558959904], [87.73087310791033, 25.25315093994135], [87.72106170654325, 25.25344085693382], [87.70778656005876, 25.25640869140625], [87.7068710327149, 25.259780883789176], [87.70796966552751, 25.27136039733898], [87.7059173583985, 25.274570465088004], [87.70096588134771, 25.277772903442496], [87.69641113281256, 25.278869628906364], [87.69130706787138, 25.281391143798885], [87.68907165527344, 25.284940719604435], [87.69030761718756, 25.291219711303825], [87.69478607177729, 25.295410156250057], [87.69140625000017, 25.298601150512695], [87.69349670410173, 25.303052902221793], [87.68824005126964, 25.304769515991325], [87.68064880371122, 25.304279327392635], [87.68087005615234, 25.307670593261832], [87.684097290039, 25.30805015563965], [87.68415069580095, 25.310131072998047], [87.65878295898455, 25.309730529785213], [87.65178680419928, 25.30724906921398], [87.63403320312506, 25.312351226806754], [87.63179016113293, 25.311861038208065], [87.62597656250017, 25.31861114501953], [87.62622070312506, 25.315719604492188], [87.62267303466825, 25.310800552368107], [87.61361694335943, 25.315538406372184], [87.60688018798845, 25.31138038635254], [87.59989166259771, 25.314662933349553], [87.58925628662121, 25.321889877319393], [87.5892868041995, 25.323789596557674], [87.58116149902361, 25.328039169311637], [87.58046722412115, 25.332321166992188], [87.58766174316412, 25.34054756164545], [87.58007049560553, 25.348390579223633], [87.5789184570313, 25.34678268432623], [87.57948303222662, 25.343931198120117], [87.57144165039062, 25.340509414672965], [87.56710815429693, 25.33389091491705], [87.5474472045899, 25.330940246582145], [87.54680633544939, 25.323650360107422], [87.54412078857422, 25.322900772094783], [87.5411224365235, 25.304250717163086], [87.53849792480474, 25.296230316162166], [87.53974914550798, 25.281618118286076], [87.535629272461, 25.280109405517692], [87.52942657470703, 25.279619216919173], [87.52552032470709, 25.280981063842773], [87.51287078857439, 25.292142868042106], [87.49887084960966, 25.29228973388672], [87.49006652832043, 25.305200576782283], [87.48638153076178, 25.29607009887718], [87.48150634765653, 25.295171737670955], [87.48757934570318, 25.277610778808594], [87.49447631835966, 25.275430679321346], [87.49195861816412, 25.271430969238395], [87.495590209961, 25.265300750732422], [87.49571990966797, 25.262479782104492], [87.49484252929699, 25.25969123840332], [87.48755645751959, 25.26199913024908], [87.47264099121094, 25.24088287353527], [87.47305297851568, 25.231430053710938], [87.4718170166015, 25.222379684448185], [87.47216033935575, 25.1946697235108], [87.46763610839844, 25.193141937255973], [87.4668579101562, 25.195650100708008], [87.46192932128923, 25.19515037536621], [87.4578323364259, 25.1977996826173], [87.45511627197271, 25.197500228882063], [87.41660308837896, 25.214910507202262], [87.40949249267595, 25.21513938903803], [87.40764617919928, 25.219009399414006], [87.402153015137, 25.221410751342887], [87.39662170410185, 25.22571945190441], [87.39177703857428, 25.227518081665096], [87.38648223876959, 25.225709915161246], [87.38330078125028, 25.223470687866268], [87.3771362304688, 25.222618103027287], [87.37394714355497, 25.218530654907227], [87.36988830566412, 25.205049514770565], [87.36846160888689, 25.20689964294445], [87.3580169677735, 25.211219787597656], [87.35507965087885, 25.213409423828182], [87.34777832031261, 25.213172912597713], [87.33045196533232, 25.217069625854492], [87.33053588867205, 25.222190856933707], [87.32345581054705, 25.223091125488338], [87.3183364868164, 25.201240539550895], [87.3159790039062, 25.196950912475643], [87.3157424926759, 25.192989349365234], [87.31711578369169, 25.18868064880371], [87.31601715087908, 25.186300277710075], [87.31064605712885, 25.169820785522518], [87.31301116943365, 25.169260025024357], [87.31437683105474, 25.16736984252941], [87.31503295898432, 25.165040969848746], [87.31436920166021, 25.162759780883903], [87.31041717529325, 25.160329818725643], [87.3096389770509, 25.153551101684627], [87.30797576904291, 25.150291442871207], [87.30229187011736, 25.145320892333984], [87.30171966552751, 25.143899917602482], [87.30343627929705, 25.143209457397575], [87.30239105224621, 25.140590667724666], [87.30342864990251, 25.138141632080305], [87.29988098144537, 25.134590148925838], [87.29791259765642, 25.134660720825423], [87.293266296387, 25.114351272583008], [87.29487609863281, 25.113819122314396], [87.29486846923845, 25.111919403076172], [87.2928085327149, 25.10469055175787], [87.29535675048857, 25.099700927734602], [87.29110717773443, 25.089269638061523], [87.28560638427746, 25.090919494628963], [87.274887084961, 25.092189788818416], [87.27024841308611, 25.093639373779297], [87.26444244384794, 25.097778320312557], [87.26307678222662, 25.100820541381893], [87.25875091552763, 25.104610443115348], [87.25055694580072, 25.105850219726676], [87.24923706054688, 25.1053791046142], [87.24533081054693, 25.09908103942894], [87.24106597900408, 25.100799560546875], [87.23986053466825, 25.099460601806754], [87.23387908935553, 25.08582115173334], [87.22708892822294, 25.0875701904298], [87.21795654296875, 25.08854293823265], [87.21563720703153, 25.090190887451172], [87.21135711669928, 25.089599609375227], [87.2107162475586, 25.0852508544923], [87.20832061767584, 25.083320617675838], [87.19986724853533, 25.079441070556754], [87.1974716186524, 25.07365036010748], [87.18776702880888, 25.066999435424805], [87.18431854248058, 25.067010879516715], [87.17664337158209, 25.06402015686035], [87.17384338378935, 25.058002471923885], [87.17325592041027, 25.05647087097168], [87.16847991943365, 25.048950195312557], [87.16503906250006, 25.04586982727045], [87.16497039794939, 25.042819976806754], [87.15834045410162, 25.0310001373291], [87.15232086181669, 25.02651977539074], [87.14904785156278, 25.0262393951416], [87.14676666259794, 25.024311065673942], [87.14420318603521, 25.017971038818587], [87.14388275146496, 25.01078987121582], [87.14449310302763, 25.006429672241325], [87.14597320556646, 25.00355911254877], [87.14647674560564, 24.99987030029297], [87.1536865234375, 24.99097061157221], [87.15299224853521, 24.98312950134283], [87.15203094482428, 24.974439620971623], [87.15191650390653, 24.968612670898438], [87.15258026123064, 24.962999343872298], [87.15075683593761, 24.955749511718864], [87.14877319335938, 24.94938087463379], [87.14859008789068, 24.942119598388786], [87.15213012695341, 24.936531066894474], [87.15531158447271, 24.93168067932129], [87.15461730957026, 24.92651748657221], [87.15268707275419, 24.9239501953125], [87.14971160888689, 24.921222686767578], [87.14762878417969, 24.917800903320426], [87.14650726318365, 24.91286277770996], [87.14774322509794, 24.9081707000733], [87.14877319335938, 24.90509033203125], [87.15023040771479, 24.90316963195812], [87.15432739257818, 24.90011024475109], [87.15695953369158, 24.89608955383312], [87.15822601318388, 24.889551162719783], [87.15811920166016, 24.885631561279354], [87.15653991699219, 24.880701065063477], [87.15453338623053, 24.876470565795955], [87.14964294433622, 24.872400283813704], [87.14792633056669, 24.867868423462028], [87.14733886718778, 24.862407684326286], [87.15168762207037, 24.863080978393555], [87.15097808837919, 24.858430862426758], [87.14451599121088, 24.859220504760685], [87.13881683349626, 24.859260559082145], [87.13273620605486, 24.859579086303825], [87.12980651855497, 24.857490539550838], [87.12731933593778, 24.854482650756836], [87.12333679199213, 24.85299110412609], [87.11915588378906, 24.853969573974666], [87.11447143554693, 24.85552978515625], [87.10949707031256, 24.85078811645502], [87.10604858398438, 24.84733009338379], [87.10462188720732, 24.844459533691406], [87.10240936279314, 24.83925819396984], [87.09969329833979, 24.83476066589367], [87.09754943847685, 24.829851150512752], [87.09497070312517, 24.826200485229606], [87.09121704101568, 24.823560714721623], [87.0877532958985, 24.823041915893555], [87.08423614501947, 24.823221206665153], [87.08036041259771, 24.82436180114746], [87.07856750488298, 24.82225036621105], [87.07730102539068, 24.818141937255973], [87.07760620117205, 24.814220428466797], [87.07713317871105, 24.81182098388672], [87.07730102539068, 24.808349609374943], [87.08078002929716, 24.809511184692496], [87.08138275146479, 24.807380676269645], [87.0834503173831, 24.80658912658714], [87.08632659912138, 24.805910110473576], [87.08886718750017, 24.804090499878043], [87.09072875976557, 24.802669525146598], [87.09395599365263, 24.8044109344483], [87.09660339355497, 24.80402755737316], [87.09667205810564, 24.801492691040153], [87.09568023681635, 24.797599792480526], [87.09288024902361, 24.79229164123558], [87.09123229980474, 24.788110733032283], [87.08804321289091, 24.78523826599121], [87.0856018066408, 24.782470703125], [87.08284759521496, 24.77922821044922], [87.0825424194336, 24.772970199585075], [87.0825424194336, 24.767982482910156], [87.08339691162115, 24.764520645141545], [87.0848693847658, 24.761499404907227], [87.08631134033232, 24.758319854736328], [87.08508300781256, 24.75580978393549], [87.08309173583979, 24.753660202026595], [87.08097076416044, 24.75168991088873], [87.08120727539062, 24.750759124756087], [87.08161163330095, 24.748340606689567], [87.07982635498075, 24.74658966064453], [87.07646179199236, 24.745491027832088], [87.07454681396501, 24.744720458984432], [87.07359313964861, 24.743070602416935], [87.07398986816423, 24.740549087524414], [87.0763626098634, 24.73992919921875], [87.0757675170899, 24.738149642944336], [87.0756072998048, 24.73641967773449], [87.07704925537126, 24.735660552978572], [87.07847595214872, 24.736150741577262], [87.08040618896513, 24.736980438232422], [87.08132171630871, 24.735942840576286], [87.0811920166015, 24.732650756835938], [87.08138275146479, 24.72925949096691], [87.08235168457031, 24.726999282836914], [87.08185577392584, 24.724540710449276], [87.08029174804705, 24.721969604492188], [87.07772064209013, 24.718799591064396], [87.07660675048822, 24.714599609375057], [87.07367706298834, 24.712520599365234], [87.07264709472673, 24.710910797119197], [87.07125091552763, 24.707349777221793], [87.07138061523443, 24.703130722045955], [87.0708770751956, 24.698850631713867], [87.07063293457037, 24.69449996948248], [87.06932830810575, 24.691249847412337], [87.06701660156261, 24.688472747802678], [87.06381225585966, 24.685039520263615], [87.06131744384794, 24.681520462036246], [87.06017303466825, 24.677219390869084], [87.05892181396501, 24.672250747680664], [87.05473327636736, 24.670600891113395], [87.05532073974615, 24.665090560913086], [87.05475616455084, 24.6606903076173], [87.05237579345732, 24.65551185607916], [87.05101013183622, 24.649271011352653], [87.0503997802735, 24.643440246582088], [87.04881286621111, 24.637010574340877], [87.04580688476568, 24.630897521972713], [87.04440307617205, 24.624031066894588], [87.0459213256836, 24.620170593261776], [87.04670715332048, 24.61740112304699], [87.0467300415039, 24.614210128784237], [87.04834747314482, 24.610149383544922], [87.0504684448245, 24.606769561767635], [87.04463195800781, 24.605398178100586], [87.04300689697294, 24.60893058776867], [87.04086303710943, 24.61104965209961], [87.03872680664068, 24.612541198730526], [87.03671264648466, 24.613250732421875], [87.03592681884777, 24.611770629882812], [87.03497314453136, 24.61010932922369], [87.0326004028322, 24.609897613525334], [87.03011322021501, 24.60951995849632], [87.02751922607428, 24.609319686889762], [87.02643585205107, 24.611232757568303], [87.0264663696289, 24.616050720214957], [87.026351928711, 24.620082855224666], [87.0243530273437, 24.621099472046126], [87.02144622802763, 24.619621276855696], [87.01670074462919, 24.617799758911246], [87.01558685302734, 24.613300323486442], [87.0129165649414, 24.609092712402344], [87.01020050048857, 24.60626029968273], [86.99260711669928, 24.619180679321232], [86.99014282226568, 24.62071037292486], [86.99008941650396, 24.62002944946289], [86.98815155029314, 24.620199203491325], [86.98549652099626, 24.621629714965934], [86.98011779785156, 24.624670028686523], [86.97119140625017, 24.6303005218507], [86.96556091308622, 24.631868362426815], [86.95842742919928, 24.629430770874023], [86.9534759521485, 24.62765121459961], [86.94550323486334, 24.626560211181697], [86.94474792480474, 24.63117027282715], [86.94754791259766, 24.635868072509766], [86.94861602783232, 24.642761230468864], [86.93884277343761, 24.64307022094721], [86.93009185791044, 24.642820358276424], [86.93344116210943, 24.635721206665096], [86.9360580444336, 24.630371093750114], [86.93414306640625, 24.62652015686041], [86.92926788330084, 24.626440048218], [86.92386627197283, 24.624330520629826], [86.91893768310547, 24.619409561157227], [86.91896820068365, 24.613479614257812], [86.91786193847668, 24.61079025268566], [86.9100189208985, 24.601142883300838], [86.908950805664, 24.596988677978516], [86.90467834472662, 24.595140457153434], [86.90123748779303, 24.591569900512695], [86.89807891845697, 24.58654022216797], [86.89795684814453, 24.580530166625977], [86.90065765380865, 24.57615089416504], [86.90322113037138, 24.571529388427848], [86.90122222900396, 24.56679916381836], [86.9063568115235, 24.56336975097662], [86.90644073486357, 24.559890747070312], [86.9065017700197, 24.555299758911076], [86.90629577636719, 24.549261093139762], [86.90715789794928, 24.5433807373048], [86.91117858886724, 24.53867912292486], [86.90583038330084, 24.54097175598156], [86.90117645263689, 24.54449272155773], [86.89842224121122, 24.54975128173828], [86.89308929443388, 24.554838180541992], [86.88672637939459, 24.554029464721793], [86.88414001464872, 24.554479598999023], [86.88398742675781, 24.56035804748558], [86.87909698486334, 24.56305122375494], [86.87639617919939, 24.567319869995345], [86.87320709228521, 24.5649795532226], [86.86949157714844, 24.561380386352653], [86.86161041259794, 24.5602703094483], [86.85745239257807, 24.556610107421875], [86.85463714599626, 24.5504608154298], [86.84710693359386, 24.55297088623047], [86.83880615234392, 24.554069519043082], [86.83869171142584, 24.55862045288086], [86.83857727050776, 24.562780380249137], [86.8370513916015, 24.56828117370611], [86.83152770996094, 24.56805038452154], [86.82559204101591, 24.565999984741268], [86.82147216796875, 24.568319320678825], [86.81825256347662, 24.569339752197322], [86.81358337402338, 24.568201065063533], [86.80871582031256, 24.563770294189453], [86.80499267578153, 24.564121246337834], [86.80029296875017, 24.564601898193587], [86.80018615722668, 24.565929412842024], [86.80033874511724, 24.568700790405387], [86.80120086669922, 24.571968078613338], [86.80322265625006, 24.574359893798942], [86.80761718750011, 24.57685089111328], [86.8062591552735, 24.581140518188704], [86.80488586425787, 24.585380554199162], [86.80446624755876, 24.590650558471793], [86.80577850341797, 24.594501495361328], [86.8017807006836, 24.59745979309082], [86.80018615722668, 24.59857940673828], [86.79866790771513, 24.601142883300838], [86.79808807373058, 24.603469848632926], [86.79749298095709, 24.60573959350586], [86.79660797119135, 24.6085205078125], [86.79435729980486, 24.612091064453068], [86.79184722900385, 24.615310668945426], [86.78560638427751, 24.61720085144043], [86.7858505249024, 24.613092422485295], [86.78736114501959, 24.610929489135742], [86.7903213500976, 24.608449935913086], [86.79251098632818, 24.605180740356673], [86.79429626464872, 24.60070037841797], [86.79437255859392, 24.596830368041992], [86.78690338134766, 24.599370956420955], [86.78647613525419, 24.60457992553711], [86.78407287597673, 24.6102809906007], [86.78085327148443, 24.614839553833008], [86.77712249755888, 24.619760513305607], [86.7751922607423, 24.619510650634822], [86.77551269531256, 24.61557960510254], [86.76912689209013, 24.616481781006087], [86.75405120849638, 24.61475944519043], [86.7508621215822, 24.617979049682617], [86.74459838867205, 24.602880477905217], [86.74565124511747, 24.58950042724615], [86.73950958251959, 24.58649253845215], [86.73507690429693, 24.580841064453125], [86.73158264160156, 24.57579994201683], [86.71862030029297, 24.578212738037223], [86.70990753173834, 24.573539733886832], [86.69536590576189, 24.56891059875494], [86.68663787841803, 24.570440292358512], [86.68151855468756, 24.565069198608512], [86.6776733398438, 24.566112518310604], [86.66839599609403, 24.56064033508295], [86.65593719482428, 24.56319808959961], [86.64575958251953, 24.567222595214957], [86.64126586914068, 24.576118469238338], [86.63420104980474, 24.576679229736442], [86.62716674804693, 24.57962036132824], [86.6182861328125, 24.584491729736442], [86.61885833740234, 24.59469985961914], [86.606918334961, 24.594350814819336], [86.60791778564464, 24.599319458007812], [86.60936737060564, 24.601921081543082], [86.60968017578153, 24.602529525756836], [86.60929870605497, 24.607410430908146], [86.60292053222662, 24.605068206787223], [86.59998321533203, 24.599491119384822], [86.5948562622072, 24.59707069396967], [86.58976745605474, 24.592689514160156], [86.58389282226574, 24.585319519043026], [86.58315277099638, 24.572780609130916], [86.57823944091797, 24.56787109375], [86.56804656982428, 24.56279945373535], [86.5617065429688, 24.5631103515625], [86.55831909179693, 24.55928993225092], [86.55464172363287, 24.55927085876465], [86.55792999267584, 24.548479080200195], [86.55133819580078, 24.54342079162609], [86.54669189453136, 24.5350399017334], [86.54057312011724, 24.53662109375], [86.53614807128912, 24.536439895629883], [86.53044891357428, 24.53293037414562], [86.52352905273455, 24.535749435424748], [86.50572204589872, 24.5177001953125], [86.49752807617216, 24.497978210449332], [86.49812316894531, 24.48727035522461], [86.4953231811524, 24.48527908325201], [86.49028015136747, 24.484371185302848], [86.49080657958996, 24.478750228881836], [86.48877716064453, 24.474269866943303], [86.48974609375017, 24.46760177612299], [86.48448944091803, 24.45882034301752], [86.49112701416021, 24.454050064086914], [86.49098968505865, 24.44695281982422], [86.49194335937506, 24.439300537109375], [86.4881973266601, 24.43386077880865], [86.48858642578125, 24.425001144409237], [86.48207855224638, 24.424980163574162], [86.47339630126959, 24.422761917114258], [86.46582794189464, 24.42188072204584], [86.46367645263678, 24.418500900268555], [86.46568298339838, 24.413789749145508], [86.46366882324224, 24.407751083373967], [86.46711730957037, 24.395160675048828], [86.46568298339838, 24.385000228881893], [86.46179962158209, 24.376720428467024], [86.45504760742205, 24.373968124389762], [86.45220947265625, 24.368629455566463], [86.44632720947271, 24.368440628051758], [86.43415069580084, 24.376859664916935], [86.43070220947271, 24.376131057739315], [86.42514801025396, 24.378118515014705], [86.41558837890625, 24.379209518432617], [86.40101623535185, 24.396270751953352], [86.39869689941435, 24.400289535522575], [86.3812332153322, 24.412349700927734], [86.37326812744146, 24.415851593017635], [86.36789703369158, 24.424249649047795], [86.36271667480486, 24.426790237426758], [86.35350036621122, 24.44206047058117], [86.35072326660173, 24.443710327148438], [86.3478164672851, 24.440498352050838], [86.33273315429716, 24.44019126892084], [86.31949615478521, 24.440160751342887], [86.31555938720732, 24.443910598754826], [86.30375671386713, 24.444839477539062], [86.29957580566406, 24.448989868164176], [86.29882049560564, 24.454261779785384], [86.3009033203125, 24.45680046081543], [86.27913665771513, 24.462001800537166], [86.2818374633789, 24.470478057861328], [86.28557586669933, 24.476802825927734], [86.29387664794939, 24.47643089294428], [86.29773712158209, 24.48252105712902], [86.2982406616211, 24.488998413085994], [86.30162811279325, 24.493539810180664], [86.30349731445318, 24.498271942138786], [86.30973052978516, 24.506362915039176], [86.31241607666021, 24.508470535278548], [86.31056213378918, 24.513822555541992], [86.30751800537121, 24.526359558105696], [86.3033065795899, 24.527730941772404], [86.30133819580078, 24.53197860717796], [86.30816650390642, 24.540832519531307], [86.30983734130888, 24.547340393066634], [86.30404663085943, 24.558290481567496], [86.30982208251982, 24.563100814819393], [86.30809783935575, 24.5657196044923], [86.3109893798831, 24.568180084228516], [86.31936645507841, 24.574459075927734], [86.31857299804699, 24.578920364379996], [86.32269287109392, 24.58056068420416], [86.32286071777361, 24.584091186523438], [86.31223297119146, 24.585880279541016], [86.31005096435541, 24.58156013488781], [86.30166625976562, 24.58315086364769], [86.29263305664074, 24.58609008789074], [86.28835296630876, 24.584339141845646], [86.28040313720709, 24.584180831909123], [86.27378845214872, 24.582748413085938], [86.27612304687517, 24.579080581665153], [86.2768859863283, 24.574199676513786], [86.27348327636736, 24.575620651245117], [86.26970672607428, 24.577800750732536], [86.26625823974615, 24.58195114135765], [86.26413726806658, 24.57583808898937], [86.26152801513678, 24.576900482177678], [86.25747680664068, 24.5831298828125], [86.24855041503912, 24.585130691528377], [86.24288177490263, 24.59213829040533], [86.23874664306658, 24.596799850463867], [86.23026275634777, 24.602270126342887], [86.21737670898455, 24.611770629882812], [86.21656036376982, 24.602800369262695], [86.21570587158209, 24.591171264648438], [86.19493865966803, 24.585161209106502], [86.16565704345697, 24.583681106567496], [86.156967163086, 24.589239120483455], [86.15226745605497, 24.599710464477653], [86.14463043212902, 24.603059768676815], [86.13329315185564, 24.60354042053217], [86.13076019287104, 24.60893058776867], [86.12558746337919, 24.611820220947266], [86.1232299804688, 24.619689941406364], [86.12200927734392, 24.623931884765625], [86.12185668945312, 24.630050659179688], [86.1182479858399, 24.641891479492188], [86.12313079833979, 24.64793014526373], [86.12631988525402, 24.6542205810548], [86.12848663330078, 24.665979385375977], [86.12594604492216, 24.670801162719783], [86.13002777099626, 24.67145919799816], [86.133598327637, 24.675510406494084], [86.13201141357428, 24.680389404296875], [86.12909698486345, 24.690031051635856], [86.1244430541995, 24.70516014099121], [86.118637084961, 24.7116508483889], [86.11596679687506, 24.718879699707145], [86.11094665527361, 24.724027633666992], [86.10929870605474, 24.732240676879996], [86.10553741455107, 24.73596954345726], [86.08657836914068, 24.746320724487248], [86.06318664550793, 24.751670837402457], [86.06041717529314, 24.747680664062614], [86.05503845214838, 24.746349334716854], [86.042709350586, 24.743871688842773], [86.0390701293947, 24.74131965637207], [86.03681945800787, 24.74382972717291], [86.03601074218767, 24.747341156005916], [86.04154968261736, 24.747900009155273], [86.04535675048845, 24.751911163330135], [86.04984283447294, 24.75578117370611], [86.0530014038086, 24.761749267578182], [86.05288696289074, 24.76770973205572], [86.05264282226568, 24.773189544677734], [86.05058288574224, 24.779541015624943], [86.04788208007818, 24.778289794921932], [86.04305267334001, 24.777400970458984], [86.03897857666044, 24.776670455932617], [86.034439086914, 24.776170730590763], [86.03179168701189, 24.77275276184082], [86.02778625488298, 24.770290374755803], [86.022758483887, 24.769380569458065], [86.01967620849615, 24.76776123046875], [86.01397705078136, 24.768999099731502], [86.00956726074224, 24.76799964904785], [86.00611114501959, 24.765680313110295], [85.9999771118164, 24.751380920410156], [85.97725677490251, 24.747631072998047], [85.97589111328125, 24.745969772338867], [85.9727172851563, 24.736289978027344], [85.97016906738281, 24.733579635620117], [85.96613311767607, 24.732290267944393], [85.96064758300798, 24.731700897216854], [85.95030212402372, 24.732118606567383], [85.94270324707031, 24.734420776367244], [85.92767333984392, 24.74049949646019], [85.92096710205078, 24.744560241699446], [85.91050720214861, 24.75366973876953], [85.9045715332033, 24.761280059814567], [85.90168762207026, 24.76986122131342], [85.88717651367216, 24.785589218139762], [85.88967895507812, 24.791650772094727], [85.87777709960943, 24.80029106140131], [85.86402893066412, 24.80542945861822], [85.85381317138666, 24.807640075683594], [85.84194183349638, 24.80805969238287], [85.82721710205084, 24.809642791748047], [85.82257843017595, 24.808950424194393], [85.81803131103521, 24.806961059570426], [85.81260681152338, 24.799360275268555], [85.81066131591825, 24.79449844360363], [85.78572845458984, 24.7986812591555], [85.7792358398437, 24.800489425659123], [85.77723693847662, 24.798950195312614], [85.76940155029303, 24.802871704101562], [85.76859283447283, 24.804040908813477], [85.76879882812517, 24.808811187744254], [85.7654495239259, 24.81250953674339], [85.76074981689453, 24.81507110595703], [85.75827789306658, 24.815088272094727], [85.7472763061524, 24.81991958618164], [85.73674011230486, 24.822650909423885], [85.73500823974626, 24.821382522583008], [85.7325210571289, 24.81648254394537], [85.729789733887, 24.808490753173828], [85.7283096313476, 24.80066108703619], [85.72296905517572, 24.79890823364252], [85.72099304199224, 24.78696060180664], [85.7123107910158, 24.783332824707145], [85.70980072021479, 24.780990600586165], [85.70919799804716, 24.77563858032221], [85.70478057861334, 24.768831253051985], [85.70346832275419, 24.763492584228516], [85.70355987548845, 24.757450103759822], [85.70553588867193, 24.75162124633789], [85.70812988281267, 24.747690200805778], [85.70533752441412, 24.740051269531364], [85.7047729492188, 24.728729248047102], [85.70343780517584, 24.725370407104492], [85.6987533569336, 24.721069335937557], [85.69639587402355, 24.717250823974723], [85.69666290283203, 24.713472366333008], [85.6870574951173, 24.700891494750977], [85.67965698242216, 24.693767547607536], [85.64952850341791, 24.687040328979492], [85.64826202392578, 24.68188095092779], [85.6504669189456, 24.67924118041998], [85.65997314453136, 24.67473030090332], [85.65975952148443, 24.67031288146967], [85.66079711914062, 24.66757965087885], [85.663330078125, 24.664712905883846], [85.66371917724615, 24.660980224609375], [85.66069793701178, 24.650602340698242], [85.66118621826172, 24.646640777587947], [85.66364288330072, 24.644470214843864], [85.66432952880865, 24.641040802001953], [85.6657028198245, 24.63626098632824], [85.66895294189482, 24.630529403686467], [85.67212677001959, 24.619400024414062], [85.67057800292969, 24.599430084228516], [85.67238616943388, 24.598180770874023], [85.67352294921903, 24.595630645751953], [85.67324829101562, 24.592941284179744], [85.67031097412138, 24.588092803955192], [85.66470336914068, 24.58193016052246], [85.64427947998053, 24.578290939331055], [85.63279724121111, 24.58056068420416], [85.62198638916021, 24.58385848999046], [85.61544799804705, 24.58292961120611], [85.60852050781244, 24.58503913879389], [85.60787963867193, 24.590789794921875], [85.59825134277361, 24.597570419311523], [85.5911407470706, 24.597059249877987], [85.58196258544933, 24.600099563598746], [85.57657623291021, 24.60301017761236], [85.56989288330084, 24.600219726562614], [85.56520080566435, 24.59666061401373], [85.5628509521485, 24.591270446777457], [85.56138610839872, 24.583669662475586], [85.56221771240251, 24.58098983764654], [85.56711578369169, 24.578220367431584], [85.56575775146513, 24.5716609954834], [85.56829071044922, 24.565200805664062], [85.56445312500028, 24.561849594116325], [85.5565872192384, 24.56064033508295], [85.55625915527338, 24.556819915771598], [85.55461120605469, 24.556129455566463], [85.5523300170899, 24.559410095214957], [85.54380798339855, 24.564479827880973], [85.53901672363287, 24.565870285034123], [85.5367965698245, 24.56524085998535], [85.53646087646501, 24.563800811767578], [85.53820037841814, 24.561450958251896], [85.53987121582031, 24.556140899658203], [85.54035186767584, 24.55034828186035], [85.53646087646501, 24.5360107421875], [85.5341873168947, 24.53219032287609], [85.51830291748041, 24.52454948425293], [85.5148162841798, 24.527828216552848], [85.50435638427763, 24.529729843139705], [85.50241851806652, 24.53142929077154], [85.50319671630888, 24.535722732544002], [85.5025482177735, 24.54287910461437], [85.49997711181669, 24.543889999389762], [85.49746704101574, 24.546880722045955], [85.49752044677729, 24.548500061035213], [85.49446105957026, 24.550619125366154], [85.4894409179688, 24.54915046691906], [85.4864807128908, 24.550750732421932], [85.48094940185564, 24.548120498657283], [85.47215270996088, 24.547790527343864], [85.45658874511724, 24.539211273193416], [85.44655609130888, 24.539979934692496], [85.44230651855474, 24.539449691772518], [85.44213104248053, 24.539384841919002], [85.43327331542986, 24.53607940673851], [85.42753601074219, 24.537290573120117], [85.41102600097662, 24.545112609863395], [85.40661621093756, 24.545661926269645], [85.40305328369152, 24.544940948486385], [85.39517211914068, 24.541280746459904], [85.38860321044916, 24.537080764770735], [85.38336944580084, 24.53519058227539], [85.38278198242193, 24.532531738281364], [85.37026977539091, 24.52958106994629], [85.36116027832031, 24.52971267700201], [85.34581756591803, 24.527999877929688], [85.33790588378923, 24.527990341186523], [85.33155059814482, 24.52624130249029], [85.32250213623053, 24.525579452514762], [85.31855773925793, 24.524629592895508], [85.3125305175783, 24.52658081054699], [85.297348022461, 24.52864074707054], [85.28804779052763, 24.528400421142692], [85.28251647949247, 24.52668952941889], [85.27935791015642, 24.519100189208928], [85.27980804443365, 24.513881683349666], [85.2819290161134, 24.509160995483455], [85.28237152099604, 24.503759384155273], [85.28103637695307, 24.499750137329215], [85.28196716308622, 24.497200012207088], [85.26956176757841, 24.498371124267578], [85.25444030761724, 24.497930526733512], [85.24649810791044, 24.4952907562257], [85.23941802978544, 24.488822937011832], [85.23532867431646, 24.479850769043082], [85.22853851318388, 24.47941017150879], [85.22392272949224, 24.471189498901595], [85.21578216552763, 24.47254943847662], [85.20326232910173, 24.472949981689396], [85.1992492675783, 24.46739006042486], [85.19052124023443, 24.468580245971793], [85.18260192871122, 24.46866035461437], [85.17632293701166, 24.4679794311524], [85.16987609863298, 24.46609115600586], [85.16750335693388, 24.467359542846737], [85.16323852539068, 24.467189788818473], [85.15289306640642, 24.464149475097713], [85.15067291259771, 24.462869644165096], [85.14927673339861, 24.459280014038086], [85.14990997314459, 24.45585250854498], [85.15260314941412, 24.453750610351676], [85.15872955322294, 24.451250076294173], [85.16133117675787, 24.443290710449162], [85.16372680664057, 24.441419601440487], [85.16484069824247, 24.43580055236839], [85.16625976562517, 24.433490753173828], [85.16883850097685, 24.43178939819336], [85.16938018798834, 24.42947006225586], [85.1643905639649, 24.42769050598139], [85.15785980224626, 24.42416000366211], [85.15529632568388, 24.418010711669865], [85.1479568481447, 24.41818809509283], [85.1269302368164, 24.41151046752941], [85.12066650390642, 24.40843963623047], [85.11898803710943, 24.40913963317871], [85.11505889892607, 24.409019470214844], [85.1093292236331, 24.398820877075252], [85.09867095947294, 24.3939208984375], [85.09594726562506, 24.390771865844783], [85.09245300292986, 24.381521224975643], [85.0894165039063, 24.37919998168968], [85.08068084716803, 24.380750656127987], [85.065483093262, 24.386760711669922], [85.07100677490263, 24.399692535400334], [85.0691986083985, 24.401199340820312], [85.07038879394537, 24.40517997741705], [85.07302093505865, 24.406539916992188], [85.0745468139649, 24.40846252441412], [85.07375335693376, 24.412998199463004], [85.07567596435547, 24.421751022338867], [85.07615661621122, 24.439870834350586], [85.06906890869152, 24.435659408569336], [85.06461334228516, 24.43058967590332], [85.06040954589861, 24.424608230590934], [85.05748748779291, 24.41648292541504], [85.05329132080072, 24.415130615234432], [85.04223632812494, 24.41827964782715], [85.03954315185575, 24.42412757873535], [85.03573608398466, 24.42311286926264], [85.03209686279325, 24.42535018920904], [85.02066802978544, 24.42201995849632], [85.01460266113298, 24.41912078857422], [85.01069641113287, 24.41608047485363], [84.99040222167986, 24.412229537963924], [84.96856689453153, 24.375949859619197], [84.9479370117188, 24.37177085876465], [84.93495178222662, 24.37645912170416], [84.92533874511736, 24.37804031372076], [84.91297912597656, 24.37565040588379], [84.90331268310553, 24.37231063842779], [84.89803314208979, 24.372129440307617], [84.89441680908197, 24.375040054321232], [84.90051269531244, 24.382080078125], [84.89817810058605, 24.393819808960075], [84.89190673828153, 24.398530960083008], [84.88234710693371, 24.417102813720703], [84.87789916992193, 24.422630310058707], [84.88004302978521, 24.432041168213118], [84.87805175781267, 24.443790435791016], [84.88017272949219, 24.462800979614258], [84.87625122070341, 24.46278953552269], [84.87271881103533, 24.4658203125], [84.86744689941412, 24.46692085266119], [84.86293029785185, 24.4576416015625], [84.8597488403322, 24.456640243530273], [84.85703277587885, 24.457582473754996], [84.85733795166021, 24.46076965332037], [84.84748077392607, 24.465930938720703], [84.84198760986345, 24.455471038818416], [84.83439636230469, 24.452520370483455], [84.8306274414063, 24.459209442138615], [84.83273315429693, 24.461160659790096], [84.8334579467774, 24.46958923339855], [84.82718658447271, 24.47011947631836], [84.82792663574224, 24.4860000610351], [84.83262634277344, 24.511480331421012], [84.81949615478533, 24.52482032775879], [84.80164337158209, 24.5211181640625], [84.79532623291021, 24.529491424560604], [84.78970336914057, 24.52154922485363], [84.783676147461, 24.517709732055607], [84.77989959716803, 24.504850387573185], [84.76297760009794, 24.50176811218273], [84.74201965332026, 24.49645805358881], [84.7400665283206, 24.488269805908203], [84.72490692138689, 24.472949981689396], [84.71750640869146, 24.468828201294002], [84.71292877197271, 24.468631744384822], [84.70652770996122, 24.472358703613338], [84.694076538086, 24.46179962158203], [84.68405914306658, 24.459199905395508], [84.67891693115251, 24.45634269714367], [84.6740112304688, 24.441141128540266], [84.66622924804693, 24.431190490722713], [84.66584777832037, 24.42843055725109], [84.66838836669916, 24.42629051208496], [84.66779327392607, 24.41296005249046], [84.6629486083985, 24.41061019897461], [84.6601181030274, 24.39598083496088], [84.658256530762, 24.39374160766613], [84.64305114746111, 24.39861106872553], [84.6288528442384, 24.40017127990734], [84.6228866577149, 24.403949737548828], [84.61929321289068, 24.40205955505371], [84.61521148681658, 24.403810501098746], [84.61251068115229, 24.4012126922608], [84.60096740722662, 24.400978088378906], [84.59420013427729, 24.404010772705135], [84.58992004394537, 24.404380798339787], [84.58184814453142, 24.401460647583065], [84.58006286621122, 24.410419464111328], [84.57247924804705, 24.412340164184798], [84.56539154052729, 24.407470703125], [84.56121826171875, 24.40184020996105], [84.55912017822266, 24.39710807800293], [84.56430816650408, 24.389890670776367], [84.56578063964838, 24.383939743041992], [84.55603790283232, 24.379722595214957], [84.54585266113287, 24.37369918823248], [84.54167938232428, 24.376710891723746], [84.5215225219726, 24.37626075744629], [84.52406311035173, 24.368761062622013], [84.52796173095714, 24.3648300170899], [84.52671051025408, 24.36102104187006], [84.51882171630888, 24.35316085815424], [84.51937866210949, 24.345840454101562], [84.52548980712919, 24.33947944641136], [84.51741027832037, 24.333669662475813], [84.51419067382818, 24.323608398437727], [84.51069641113298, 24.317171096801985], [84.50319671630888, 24.315410614013672], [84.50454711914057, 24.305900573730582], [84.50123596191412, 24.298809051513615], [84.50229644775408, 24.294549942016545], [84.49688720703153, 24.292720794677734], [84.4935379028322, 24.287040710449332], [84.48420715332031, 24.296920776367244], [84.4875106811524, 24.298839569091797], [84.48874664306658, 24.302169799804688], [84.48706054687517, 24.304832458496094], [84.478569030762, 24.302890777587947], [84.47534942626982, 24.30256271362316], [84.46839904785162, 24.305290222168196], [84.46511077880876, 24.308389663696516], [84.46196746826183, 24.3175506591798], [84.45453643798857, 24.338649749755973], [84.44666290283209, 24.339700698852596], [84.44491577148438, 24.33418083190918], [84.41742706298845, 24.331361770629826], [84.41816711425781, 24.34235954284668], [84.42253875732416, 24.359149932861385], [84.39494323730469, 24.36779022216797], [84.39978790283214, 24.3746395111084], [84.3976669311524, 24.377410888671932], [84.39202880859375, 24.375749588012752], [84.3850173950197, 24.379341125488395], [84.38221740722662, 24.389699935913086], [84.37377166748047, 24.390991210937614], [84.36725616455095, 24.386959075927734], [84.36136627197283, 24.386632919311523], [84.35530090332037, 24.390960693359432], [84.34696197509794, 24.392070770263615], [84.33586120605474, 24.39583015441889], [84.33798217773449, 24.4012908935548], [84.3316268920899, 24.40464973449707], [84.32586669921892, 24.410930633545036], [84.32779693603533, 24.41657066345215], [84.3277893066408, 24.422161102295036], [84.32486724853544, 24.42366981506359], [84.31823730468767, 24.42021942138672], [84.31505584716803, 24.423452377319336], [84.31939697265642, 24.429250717163143], [84.32749176025402, 24.4277286529541], [84.33065795898455, 24.42843055725109], [84.3303985595706, 24.431190490722713], [84.31498718261736, 24.447509765625], [84.29321289062494, 24.450822830200195], [84.29022216796892, 24.458080291748047], [84.28526306152361, 24.465919494628963], [84.294189453125, 24.48076057434082], [84.30824279785185, 24.4869003295899], [84.32170867919928, 24.489757537841797], [84.32565307617188, 24.4967098236084], [84.32634735107433, 24.50271987915039], [84.3216857910158, 24.513179779052678], [84.31910705566418, 24.522310256958008], [84.31284332275419, 24.526769638061467], [84.31192779541016, 24.533758163452205], [84.3094482421875, 24.53954124450695], [84.30200958251953, 24.547252655029354], [84.29743194580078, 24.563142776489258], [84.29297637939464, 24.56599044799816], [84.27997589111334, 24.563360214233512], [84.26922607421892, 24.56425285339361], [84.27189636230486, 24.554021835327262], [84.28009033203142, 24.55191993713379], [84.27828216552746, 24.547470092773438], [84.26859283447294, 24.54685974121088], [84.26944732666021, 24.541368484497013], [84.26474761962902, 24.540571212768555], [84.26274108886736, 24.53711128234869], [84.25846862792997, 24.53769111633312], [84.25714111328153, 24.530750274658203], [84.24852752685558, 24.531589508056697], [84.24994659423845, 24.53573989868164], [84.24829864501959, 24.538761138916016], [84.24108886718761, 24.543220520019474], [84.23426055908232, 24.543579101562614], [84.23500823974638, 24.553180694580135], [84.22068023681652, 24.550331115722656], [84.21749114990229, 24.535169601440373], [84.20892333984375, 24.537160873413143], [84.20620727539091, 24.54533004760765], [84.20050048828153, 24.549440383911133], [84.19991302490263, 24.557020187378157], [84.18830108642607, 24.55532073974615], [84.18695831298857, 24.54930114746105], [84.1815872192384, 24.547060012817496], [84.17288208007812, 24.54713058471674], [84.17282104492216, 24.541980743408146], [84.18239593505854, 24.52360916137701], [84.18641662597656, 24.522499084472656], [84.1822586059572, 24.518341064453352], [84.18226623535173, 24.515630722046126], [84.1792602539063, 24.510419845581055], [84.17137145996111, 24.509790420532283], [84.16114044189459, 24.512582778930664], [84.15364074707048, 24.51764106750494], [84.15589141845697, 24.51948165893549], [84.15571594238281, 24.524339675903434], [84.16440582275396, 24.53371238708496], [84.160659790039, 24.538240432739315], [84.14955902099638, 24.540300369262752], [84.1460571289063, 24.540300369262752], [84.13629150390642, 24.52936172485363], [84.13701629638672, 24.518180847168026], [84.13996124267584, 24.50480079650879], [84.13654327392584, 24.502540588378963], [84.12901306152344, 24.50068092346197], [84.12490844726568, 24.498319625854606], [84.12258148193365, 24.486669540405387], [84.10977935791033, 24.481399536132926], [84.10092163085966, 24.487901687622127], [84.09696960449219, 24.49572181701666], [84.08909606933622, 24.50412750244135], [84.08658599853521, 24.514631271362305], [84.08969116210966, 24.533929824829045], [84.08870697021513, 24.53607940673851], [84.08429718017584, 24.53870010375988], [84.07833862304693, 24.545009613037223], [84.07723999023443, 24.55248069763195], [84.07367706298822, 24.55758094787592], [84.07467651367205, 24.564750671386832], [84.07247924804699, 24.56960105896019], [84.06774139404325, 24.57102966308605], [84.0652618408206, 24.575059890747127], [84.0597457885745, 24.576980590820256], [84.0626525878908, 24.583719253539982], [84.0613632202149, 24.589370727539176], [84.05808258056658, 24.58836174011242], [84.05293273925798, 24.587961196899414], [84.0514221191408, 24.5915203094483], [84.05311584472673, 24.59469985961914], [84.04785919189459, 24.60650825500511], [84.04487609863276, 24.606960296630916], [84.04673767089855, 24.612289428710938], [84.0382385253908, 24.619409561157227], [84.03324890136713, 24.618959426879996], [84.0320510864259, 24.621578216552734], [84.02899169921886, 24.622640609741268], [84.02678680419939, 24.62774276733404], [84.02416992187506, 24.62906074523937], [84.0196380615235, 24.626819610595817], [84.01566314697294, 24.627601623535156], [84.01452636718778, 24.63163948059082], [84.001968383789, 24.63540077209467], [83.99221038818388, 24.63803291320812], [83.97924041748075, 24.61512947082531], [83.97235107421886, 24.596628189087028], [83.96488189697271, 24.58764076232916], [83.95758056640642, 24.576328277587834], [83.9481811523437, 24.566511154174805], [83.93649291992199, 24.55591964721674], [83.93300628662115, 24.551742553710994], [83.92845916748053, 24.54791069030773], [83.92407226562506, 24.546209335327262], [83.9179306030274, 24.545789718627987], [83.90274810791044, 24.54244041442871], [83.87885284423834, 24.53650093078619], [83.86804199218778, 24.532880783080998], [83.85768890380865, 24.537559509277344], [83.84807586669939, 24.53631019592291], [83.8414916992188, 24.534500122070312], [83.82740020751982, 24.53314971923828], [83.81623077392595, 24.531259536743107], [83.80895233154297, 24.528949737548885], [83.79901123046903, 24.529880523681868], [83.79448699951189, 24.52944946289074], [83.78803253173834, 24.52717018127464], [83.78174591064459, 24.52358055114746], [83.74865722656278, 24.510530471801758], [83.73073577880854, 24.508790969848633], [83.71669006347656, 24.504949569702376], [83.70236968994158, 24.507339477539176], [83.69567871093767, 24.510610580444336], [83.68245697021513, 24.51558113098156], [83.67080688476591, 24.514770507812614], [83.66252899169928, 24.51568031311035], [83.6448364257813, 24.516180038452205], [83.6001586914063, 24.513240814208984], [83.59240722656261, 24.514890670776424], [83.57121276855474, 24.517009735107365], [83.5472564697265, 24.52403068542486], [83.54244232177763, 24.526180267333984], [83.53504180908197, 24.525579452514762], [83.52384185791033, 24.525920867920036], [83.50950622558594, 24.527540206909123], [83.49816894531256, 24.527059555053768], [83.49761962890653, 24.528970718383732], [83.49320220947271, 24.53607940673851], [83.49341583251964, 24.542070388794002], [83.50495910644548, 24.54438972473156], [83.51718139648438, 24.54916954040533], [83.51793670654314, 24.554941177368164], [83.52458953857439, 24.567300796508732], [83.52400207519531, 24.57502174377447], [83.525146484375, 24.580198287963867], [83.52498626709001, 24.58503913879389], [83.52350616455084, 24.58782005310053], [83.5199966430664, 24.59101104736351], [83.51721954345709, 24.598730087280273], [83.51743316650396, 24.603229522705078], [83.52555847167986, 24.613689422607536], [83.53453063964861, 24.615600585937557], [83.53843688964872, 24.621629714965934], [83.54171752929682, 24.62455940246582], [83.54141235351568, 24.62618064880371], [83.53890991210955, 24.62774276733404], [83.52068328857433, 24.6300106048584], [83.5241928100586, 24.642099380493164], [83.52394104003935, 24.644350051879996], [83.52169036865229, 24.64453125], [83.51590728759771, 24.642820358276424], [83.50717163085966, 24.649370193481445], [83.50251007080084, 24.648710250854492], [83.49971771240263, 24.649410247802734], [83.49752044677751, 24.651660919189396], [83.49704742431669, 24.659219741821403], [83.49948120117193, 24.66847991943365], [83.50218200683605, 24.671581268310604], [83.51319122314459, 24.678920745849723], [83.51370239257812, 24.681150436401367], [83.51264953613287, 24.683410644531193], [83.50917053222656, 24.68474960327154], [83.49990081787121, 24.69453048706066], [83.49571228027372, 24.69622039794922], [83.49498748779291, 24.702680587768555], [83.4920501708985, 24.70516014099121], [83.48960876464872, 24.705858230590877], [83.48589324951189, 24.702711105346737], [83.48335266113276, 24.702959060668945], [83.48071289062517, 24.705732345581055], [83.47997283935564, 24.70993804931635], [83.4803695678711, 24.716209411621207], [83.48327636718756, 24.72277069091797], [83.48332214355497, 24.731069564819336], [83.4824523925783, 24.734939575195312], [83.4798431396485, 24.737831115722656], [83.47532653808622, 24.738019943237532], [83.47174835205095, 24.73567008972168], [83.4669570922851, 24.734527587890568], [83.4624328613283, 24.735130310058594], [83.45308685302751, 24.73332023620617], [83.44467163085955, 24.74044990539562], [83.4414672851563, 24.744029998779297], [83.43424224853521, 24.75684928894043], [83.4254226684572, 24.763111114501953], [83.41941833496122, 24.769870758056754], [83.41129302978533, 24.775320053100586], [83.40344238281244, 24.776670455932617], [83.39409637451166, 24.7794704437257], [83.38680267334013, 24.78421974182129], [83.38633728027344, 24.78659057617199], [83.38849639892584, 24.791540145874023], [83.39254760742216, 24.797109603881836], [83.38990020751947, 24.801851272583065], [83.39006042480497, 24.804420471191463], [83.39559936523466, 24.810991287231502], [83.39566802978533, 24.815599441528434], [83.39492797851568, 24.820209503173885], [83.39131164550787, 24.823158264160213], [83.389633178711, 24.827150344848633], [83.39038848876959, 24.833080291748047], [83.38915252685547, 24.83607101440441], [83.38527679443388, 24.840070724487532], [83.38250732421892, 24.840259552002067], [83.3807601928711, 24.84303092956543], [83.38101959228521, 24.844459533691406], [83.37864685058588, 24.846139907837028], [83.3682708740235, 24.863180160522575], [83.3557510375976, 24.868650436401424], [83.35399627685575, 24.870611190795955], [83.35724639892607, 24.873527526855582], [83.36316680908232, 24.876970291137923], [83.364242553711, 24.878580093383732], [83.36386871337896, 24.880439758300724], [83.36180114746105, 24.882339477539176], [83.35623168945318, 24.8843097686767], [83.35489654541021, 24.885538101196346], [83.35505676269531, 24.887479782104492], [83.35617828369158, 24.889219284057617], [83.3596267700197, 24.890180587768555], [83.36001586914062, 24.891849517822266], [83.35138702392578, 24.903060913086165], [83.35121154785173, 24.90623283386236], [83.35202789306646, 24.907840728759766], [83.3559875488283, 24.90983963012701], [83.3573074340822, 24.91140174865717], [83.35803222656278, 24.913990020751953], [83.35735321044928, 24.919240951538143], [83.35852050781256, 24.93740081787115], [83.3576126098634, 24.945989608764762], [83.35790252685564, 24.951629638671875], [83.3570175170899, 24.95535278320324], [83.34938049316412, 24.959529876708984], [83.3462982177735, 24.96294975280773], [83.3439331054687, 24.963880538940487], [83.33846282958984, 24.963550567626953], [83.34052276611345, 24.97481918334961], [83.34040832519537, 24.979219436645565], [83.345932006836, 24.992090225219727], [83.34619903564482, 24.995960235595703], [83.34487915039057, 25.002620697021428], [83.34387207031261, 25.01048278808605], [83.34208679199219, 25.011461257934627], [83.339096069336, 25.01189041137701], [83.32765197753912, 25.016321182250977], [83.31965637207043, 25.015541076660156], [83.3181762695312, 25.01732063293457], [83.31607055664091, 25.02733993530279], [83.31649780273455, 25.038381576538086], [83.31784057617205, 25.04165077209484], [83.32345581054693, 25.048051834106502], [83.32145690917986, 25.05243110656744], [83.32192230224615, 25.05583000183117], [83.32495117187506, 25.055971145629826], [83.32624053955095, 25.055389404296875], [83.32711791992216, 25.0533905029298], [83.33016967773466, 25.050979614257812], [83.33210754394526, 25.050500869750977], [83.33380889892607, 25.050991058349666], [83.33360290527372, 25.058031082153434], [83.3312377929688, 25.05982971191412], [83.3277816772461, 25.06100082397461], [83.3312072753908, 25.073352813720817], [83.33222198486334, 25.082460403442496], [83.33351135253912, 25.084791183471737], [83.3366928100586, 25.086349487304915], [83.33802795410156, 25.08806037902832], [83.34031677246094, 25.09864997863781], [83.34012603759766, 25.112400054931697], [83.34288787841803, 25.112480163574446], [83.3478393554688, 25.110799789428654], [83.35375976562506, 25.110372543335075], [83.3573608398438, 25.1241912841798], [83.35762786865263, 25.12792015075695], [83.35212707519526, 25.13121986389183], [83.35399627685575, 25.14017105102539], [83.35343933105497, 25.149160385131836], [83.3524703979495, 25.15182113647461], [83.3508071899414, 25.153390884399528], [83.34320831298845, 25.158670425415096], [83.3450927734375, 25.166690826416016], [83.34673309326183, 25.169599533081055], [83.34813690185547, 25.178600311279354], [83.34224700927751, 25.178859710693303], [83.33801269531244, 25.179910659790153], [83.33535766601562, 25.181392669677734], [83.3358612060548, 25.183570861816406], [83.34121704101591, 25.185550689697266], [83.34394836425781, 25.187402725219727], [83.34739685058611, 25.193040847778377], [83.34960937500028, 25.19894027709961], [83.35597229003923, 25.19866180419922], [83.36026000976568, 25.19635009765625], [83.36662292480463, 25.20033073425293], [83.37210083007824, 25.20111083984375], [83.37455749511724, 25.202510833740178], [83.3777084350586, 25.209659576416243], [83.37957763671903, 25.211750030517635], [83.38173675537126, 25.210798263549805], [83.38535308837908, 25.206029891967773], [83.38822174072283, 25.207008361816406], [83.38999176025396, 25.211639404296932], [83.38990020751947, 25.214120864868164], [83.39113616943365, 25.21558952331543], [83.39505004882807, 25.216909408569336], [83.39597320556669, 25.22252082824707], [83.39727783203136, 25.22521018981945], [83.40151214599638, 25.230030059814453], [83.40233612060564, 25.237550735473576], [83.40416717529325, 25.242410659790096], [83.40690612792986, 25.24724960327154], [83.40927124023443, 25.249280929565373], [83.41706848144537, 25.24611091613781], [83.41934204101568, 25.24636077880865], [83.41854858398455, 25.2520694732666], [83.41934204101568, 25.253320693969783], [83.42251586914057, 25.252241134643782], [83.42872619628912, 25.24448966979992], [83.43136596679693, 25.24450111389166], [83.43115234375017, 25.250080108642635], [83.43321990966814, 25.253561019897518], [83.43979644775396, 25.2592010498048], [83.44294738769548, 25.259260177612305], [83.45355224609386, 25.251279830932674], [83.45729064941406, 25.25041007995617], [83.46028137207026, 25.251970291137752], [83.46325683593756, 25.25640869140625], [83.47043609619158, 25.262678146362305], [83.47191619873041, 25.265459060668945], [83.47004699707048, 25.26922988891613], [83.47101593017595, 25.272148132324276], [83.48026275634794, 25.282409667968807], [83.4820632934572, 25.282890319824162], [83.48619842529325, 25.279502868652344], [83.48961639404325, 25.28116989135748], [83.49127960205084, 25.286590576171875], [83.49476623535185, 25.287290573120117], [83.49572753906278, 25.284402847290096], [83.49688720703153, 25.283000946044865], [83.49820709228544, 25.28297042846691], [83.50260162353544, 25.28957176208496], [83.50807189941412, 25.286199569702376], [83.51117706298857, 25.287820816040266], [83.51795196533209, 25.293239593505973], [83.51690673828153, 25.298469543457088], [83.51693725585938, 25.300609588623047], [83.51806640624994, 25.30248069763195], [83.5200271606447, 25.303321838378906], [83.52310180664068, 25.300451278686523], [83.52561187744146, 25.299539566039982], [83.52879333496111, 25.301441192627067], [83.53118133544933, 25.304510116577376], [83.54257965087896, 25.3093204498291], [83.54531097412138, 25.30985069274925], [83.54664611816435, 25.311609268188477], [83.54435729980497, 25.313142776489258], [83.53314971923828, 25.312871932983455], [83.53465270996122, 25.315200805664062], [83.53946685791033, 25.317649841308594], [83.54747772216814, 25.31585121154808], [83.55123138427763, 25.313892364501896], [83.55430603027338, 25.31406974792486], [83.56088256835943, 25.316080093383903], [83.56426239013689, 25.31585121154808], [83.56289672851557, 25.309658050537223], [83.56417083740246, 25.30814933776861], [83.56938171386713, 25.310131072998047], [83.57224273681635, 25.317619323730412], [83.57788085937506, 25.316648483276367], [83.57882690429693, 25.31726837158203], [83.58081817626947, 25.322349548339957], [83.58389282226562, 25.32489013671875], [83.58805847167997, 25.32644081115717], [83.60320281982422, 25.331569671630916], [83.60721588134771, 25.332309722900618], [83.6106567382813, 25.332590103149414], [83.6146469116211, 25.331661224365234], [83.62005615234386, 25.328580856323356], [83.62238311767607, 25.329521179199276], [83.62477111816412, 25.33493804931652], [83.62835693359392, 25.336250305175895], [83.62898254394537, 25.337909698486442], [83.62847900390653, 25.341131210327376], [83.6299667358399, 25.34324073791504], [83.63182830810553, 25.342050552368278], [83.63877105712919, 25.340152740478572], [83.64250183105474, 25.341119766235295], [83.64440155029297, 25.345001220703182], [83.64657592773449, 25.34720039367687], [83.64351654052746, 25.354440689087028], [83.64540863037115, 25.357641220092773], [83.6502227783206, 25.359100341797102], [83.65059661865263, 25.36157035827648], [83.64965820312528, 25.365440368652457], [83.65020751953153, 25.367959976196403], [83.6561660766601, 25.363660812377987], [83.65879821777372, 25.36302947998047], [83.66020202636736, 25.36387062072754], [83.65791320800798, 25.369211196899414], [83.66020965576189, 25.371000289916992], [83.66477966308611, 25.366899490356445], [83.66908264160168, 25.364461898803825], [83.67221832275408, 25.364589691162223], [83.67899322509777, 25.366580963134766], [83.68628692626982, 25.369449615478516], [83.68897247314447, 25.37128829956066], [83.6878433227539, 25.374141693115348], [83.67681884765642, 25.37675094604515], [83.67520141601591, 25.37839126586914], [83.67626953125006, 25.381700515747184], [83.68940734863298, 25.385850906372298], [83.69277954101557, 25.39377021789545], [83.69458007812506, 25.396099090576115], [83.69628143310547, 25.396350860595703], [83.69893646240251, 25.388191223144474], [83.70140838623064, 25.385850906372298], [83.70400238037138, 25.38614845275879], [83.70947265625006, 25.395250320434684], [83.71540069580084, 25.39923286437994], [83.71806335449224, 25.399810791015568], [83.72531127929693, 25.39767074584961], [83.72717285156267, 25.398500442504996], [83.72944641113298, 25.406219482422102], [83.73250579834001, 25.410600662231445], [83.73494720458984, 25.409330368041992], [83.73784637451189, 25.400890350341797], [83.74060058593761, 25.400209426879996], [83.74198150634794, 25.40059089660656], [83.74809265136713, 25.404340744018498], [83.75070190429693, 25.404970169067496], [83.75332641601568, 25.40416908264183], [83.75805664062517, 25.401210784912223], [83.7588729858399, 25.40051078796398], [83.75195312500017, 25.39839172363304], [83.7497177124024, 25.39677047729515], [83.74973297119146, 25.392061233520508], [83.76193237304693, 25.387910842895508], [83.76225280761736, 25.391141891479606], [83.76346588134771, 25.3986110687257], [83.76518249511724, 25.399660110473746], [83.77068328857428, 25.400199890136662], [83.78227233886736, 25.398729324340763], [83.7966079711914, 25.408279418945312], [83.799369812012, 25.410980224609602], [83.80327606201189, 25.418109893798885], [83.80522155761724, 25.424530029297102], [83.80319213867216, 25.42692947387701], [83.79270172119169, 25.430158615112305], [83.79435729980474, 25.431619644165096], [83.7967071533206, 25.432792663574332], [83.8029403686524, 25.432859420776424], [83.81762695312506, 25.437320709228516], [83.82064819335943, 25.43761062622076], [83.8240814208985, 25.433240890502987], [83.83020019531256, 25.43358993530296], [83.83837127685564, 25.4368896484375], [83.83937072753912, 25.438779830932845], [83.83943939209013, 25.442110061645565], [83.83751678466825, 25.446229934692383], [83.8333816528322, 25.450149536132926], [83.83043670654308, 25.45108032226574], [83.82150268554716, 25.451580047607536], [83.818588256836, 25.452947616577262], [83.81381988525396, 25.453899383544865], [83.81037139892584, 25.454250335693473], [83.80793762207043, 25.453252792358455], [83.80555725097673, 25.453701019287053], [83.80671691894531, 25.458509445190373], [83.8102264404298, 25.465919494629134], [83.81233978271513, 25.4679012298584], [83.81474304199224, 25.468320846557674], [83.82256317138678, 25.462022781372184], [83.82467651367193, 25.461240768432617], [83.82935333251947, 25.46149063110363], [83.83378601074236, 25.462961196899528], [83.84787750244158, 25.471002578735295], [83.85111999511736, 25.473720550537053], [83.85491943359375, 25.484859466552734], [83.85977935791021, 25.489200592041016], [83.8644332885745, 25.490619659424055], [83.86672973632807, 25.493499755859375], [83.8712615966798, 25.503192901611385], [83.8682098388673, 25.51163291931158], [83.87296295166021, 25.52040290832514], [83.87692260742193, 25.521408081054744], [83.88247680664068, 25.521459579467717], [83.88810729980469, 25.523210525512752], [83.89280700683605, 25.52546119689947], [83.89626312255888, 25.528272628784293], [83.89942169189459, 25.531770706176985], [83.91356658935553, 25.554340362548885], [83.91705322265653, 25.558490753173885], [83.9209823608399, 25.561729431152457], [83.92530059814453, 25.563152313232536], [83.93966674804693, 25.565431594848576], [83.94432067871122, 25.567340850830192], [83.95587921142584, 25.57542991638178], [83.99156951904303, 25.60102272033697], [84.00004577636747, 25.607719421386662], [84.01423645019531, 25.61613082885748], [84.02822113037115, 25.62273979187006], [84.05683135986334, 25.63222122192377], [84.07650756835966, 25.637531280517692], [84.0796966552735, 25.65273094177246], [84.074028015137, 25.67250061035162], [84.07356262207037, 25.683572769165096], [84.06964874267607, 25.695610046386832], [84.0828933715822, 25.71269035339361], [84.09439086914068, 25.72038078308117], [84.10787200927751, 25.723640441894645], [84.12309265136719, 25.72394943237316], [84.13511657714844, 25.73163032531744], [84.13669586181646, 25.727540969848576], [84.13675689697277, 25.723751068115348], [84.1315002441408, 25.72393035888672], [84.12654876709001, 25.71851921081543], [84.12930297851568, 25.71735954284668], [84.13572692871111, 25.716882705688477], [84.14453125000006, 25.720609664916992], [84.14834594726568, 25.726011276245174], [84.14524841308611, 25.728609085083235], [84.14823150634794, 25.730960845947322], [84.15550994873041, 25.725940704345703], [84.16750335693388, 25.72175025939947], [84.17398071289091, 25.715740203857536], [84.19431304931646, 25.70342063903803], [84.19719696044928, 25.692230224609375], [84.1995086669923, 25.672349929809627], [84.20291137695318, 25.6696395874024], [84.21707916259794, 25.664060592651424], [84.23322296142584, 25.663959503173828], [84.24759674072294, 25.66281127929699], [84.2684326171875, 25.663259506225643], [84.27291870117193, 25.661689758300724], [84.2855758666995, 25.661529541015625], [84.29013061523466, 25.66283035278326], [84.2928009033206, 25.668529510498047], [84.28218841552751, 25.674610137939453], [84.28357696533209, 25.677139282226506], [84.28777313232428, 25.676322937011776], [84.29212951660173, 25.67704963684082], [84.29477691650408, 25.674158096313477], [84.29876708984375, 25.67179107666027], [84.31212615966814, 25.67242813110363], [84.31339263916044, 25.668909072876204], [84.31858825683588, 25.671939849853516], [84.32071685791033, 25.68208122253418], [84.32356262207031, 25.704000473022404], [84.32318878173845, 25.723131179809684], [84.32443237304693, 25.733270645141545], [84.32562255859403, 25.73710060119629], [84.33129119873053, 25.74457168579096], [84.33748626708984, 25.745130538940487], [84.35440826416044, 25.743619918823356], [84.3661727905274, 25.73843955993658], [84.36950683593744, 25.73600959777832], [84.3716888427735, 25.738300323486328], [84.36757659912138, 25.741701126098633], [84.3695373535158, 25.74373054504406], [84.37296295166016, 25.742269515991268], [84.38001251220703, 25.74868965148937], [84.38852691650402, 25.74427986145031], [84.3844833374024, 25.737680435180664], [84.38117218017595, 25.734251022338924], [84.39364624023443, 25.728902816772518], [84.393119812012, 25.72602081298828], [84.39546966552734, 25.72439956665039], [84.40043640136736, 25.716890335083008], [84.39710998535168, 25.709070205688477], [84.40187835693371, 25.699501037597656], [84.41089630126947, 25.69847106933605], [84.42360687255865, 25.695079803467024], [84.42417144775396, 25.711719512939567], [84.4324722290039, 25.71207809448248], [84.43855285644526, 25.710680007934798], [84.44877624511724, 25.714490890502873], [84.44901275634794, 25.71138000488287], [84.45516967773438, 25.71031188964855], [84.45865631103521, 25.703210830688533], [84.4587783813476, 25.698432922363338], [84.46319580078142, 25.69864273071289], [84.46276092529325, 25.695882797241268], [84.46031951904297, 25.690710067749023], [84.46650695800787, 25.685510635376033], [84.48934173584001, 25.69108963012701], [84.48838806152361, 25.67785072326666], [84.49903106689453, 25.677391052246094], [84.50576782226568, 25.68226051330589], [84.51638031005854, 25.677709579467773], [84.52458953857422, 25.684350967407454], [84.52794647216803, 25.715370178222713], [84.5304718017581, 25.724620819091854], [84.53586578369158, 25.726490020751953], [84.53138732910168, 25.692832946777344], [84.5523300170899, 25.684030532837028], [84.55639648437528, 25.688570022583065], [84.55860900878912, 25.700981140136662], [84.5589675903322, 25.721651077270508], [84.55562591552763, 25.736408233642578], [84.59552001953153, 25.739110946655273], [84.61305999755888, 25.730739593505916], [84.62419128417986, 25.727909088134822], [84.63059997558622, 25.728340148925838], [84.62989807128923, 25.733110427856445], [84.62628173828142, 25.741601943969783], [84.62232971191412, 25.747318267822322], [84.61487579345709, 25.75283813476574], [84.60318756103533, 25.75757026672369], [84.60053253173845, 25.76062965393072], [84.6028900146485, 25.77243995666504], [84.61013793945318, 25.777280807495117], [84.61466979980469, 25.77242279052757], [84.62075042724626, 25.772380828857536], [84.61905670166016, 25.788970947265625], [84.62111663818376, 25.792360305786246], [84.62021636962896, 25.794090270996094], [84.61682891845709, 25.795549392700423], [84.61089324951178, 25.800659179687727], [84.59819793701166, 25.809650421142578], [84.587158203125, 25.81960105895996], [84.57141876220709, 25.829839706421012], [84.55654907226568, 25.837511062622298], [84.54685211181669, 25.841320037841797], [84.54425048828142, 25.82998085021967], [84.53292083740246, 25.832229614257812], [84.52697753906256, 25.834329605102653], [84.52625274658232, 25.855409622192383], [84.51999664306635, 25.86115074157709], [84.52825927734392, 25.864730834960994], [84.53990936279303, 25.860361099243164], [84.54055023193371, 25.86211967468256], [84.53164672851562, 25.87272071838379], [84.52864074707048, 25.87774085998541], [84.50652313232422, 25.872379302978516], [84.48528289794916, 25.889249801635742], [84.47867584228516, 25.88836097717285], [84.46655273437528, 25.883689880371207], [84.46105194091825, 25.888731002807845], [84.45066070556646, 25.890220642089844], [84.44371795654297, 25.889669418335018], [84.43118286132812, 25.892669677734318], [84.42768859863276, 25.891189575195312], [84.4233169555664, 25.89242172241211], [84.42417144775396, 25.89833831787115], [84.42151641845709, 25.902208328247184], [84.41754150390653, 25.911439895629883], [84.4092864990235, 25.92438125610363], [84.40830230712896, 25.931350708007926], [84.3862915039062, 25.938180923461914], [84.36501312255865, 25.950532913208008], [84.35138702392572, 25.95934104919445], [84.34880065917974, 25.95998191833496], [84.34371185302746, 25.958730697632063], [84.3138504028322, 25.947969436645565], [84.30927276611345, 25.946889877319393], [84.30310821533232, 25.94639015197754], [84.29633331298828, 25.946989059448185], [84.29155731201189, 25.948280334472884], [84.28366088867216, 25.955600738525447], [84.27536773681646, 25.961290359497127], [84.26458740234403, 25.967260360717773], [84.25466918945341, 25.971088409423885], [84.24455261230497, 25.976818084716854], [84.24048614501959, 25.98275947570795], [84.23522949218744, 25.986000061035156], [84.22344207763689, 25.991170883178768], [84.21412658691406, 25.99620056152355], [84.20181274414091, 26.000560760498047], [84.1947479248048, 25.991300582885742], [84.19227600097685, 25.989538192749023], [84.17640686035162, 25.99775123596197], [84.1724395751956, 25.99879074096691], [84.17024230957048, 25.991661071777287], [84.16622924804705, 25.991500854492188], [84.16600799560547, 26.002700805664176], [84.16726684570318, 26.025470733642692], [84.15902709960943, 26.032241821289176], [84.13667297363298, 26.047010421752987], [84.12792205810553, 26.055530548095703], [84.11605072021501, 26.074880599975813], [84.10717010498053, 26.081712722778434], [84.09104156494135, 26.096540451049805], [84.08113861083984, 26.09976959228527], [84.06923675537121, 26.09912109375], [84.04905700683622, 26.099700927734432], [84.04824829101568, 26.103830337524528], [84.04514312744146, 26.10631942749029], [84.04223632812517, 26.11162185668951], [84.04361724853521, 26.117170333862305], [84.0418777465822, 26.120500564575195], [84.0452423095706, 26.120420455932617], [84.0423965454101, 26.131549835205192], [84.03362274169916, 26.137479782104606], [84.0181427001956, 26.14512062072754], [84.02363586425787, 26.15414047241211], [84.02731323242216, 26.153030395507756], [84.02841186523443, 26.159620285034293], [84.02784729003918, 26.16296005249046], [84.0228958129884, 26.165348052978516], [84.01970672607416, 26.164062500000114], [84.01381683349626, 26.16698074340826], [84.00302124023443, 26.17823028564453], [84.0040664672851, 26.180690765381087], [84.00211334228544, 26.19013977050804], [84.00901031494169, 26.199558258056697], [84.01499938964844, 26.197429656982422], [84.02044677734403, 26.197559356689396], [84.02359008789068, 26.20092010498047], [84.02323913574224, 26.204490661621207], [84.01950073242216, 26.206010818481673], [84.01902008056646, 26.209289550781193], [84.02091217041016, 26.214220046997298], [84.02426910400419, 26.21976089477539], [84.02047729492188, 26.22364997863764], [84.01676940917974, 26.22161293029785], [84.00946044921892, 26.22392082214367], [84.00820159912121, 26.225311279296818], [84.00551605224615, 26.234069824218864], [84.01091003417997, 26.23581123352062], [84.010482788086, 26.238790512085075], [84.01152038574219, 26.240682601928825], [84.01412200927746, 26.24058914184593], [84.01838684082031, 26.238780975341797], [84.02050018310564, 26.241630554199446], [84.02400207519537, 26.23958969116211], [84.0313262939456, 26.23907089233404], [84.03115844726562, 26.235670089721907], [84.0336303710937, 26.232088088989258], [84.04680633544922, 26.230190277099553], [84.04943847656278, 26.225570678710938], [84.05726623535185, 26.225210189819393], [84.05835723876959, 26.22674942016596], [84.07357788085943, 26.22488021850586], [84.07367706298822, 26.22103118896507], [84.07936859130888, 26.22121047973627], [84.08014678955107, 26.224420547485295], [84.08190155029297, 26.227100372314567], [84.07952117919928, 26.23184013366705], [84.08738708496122, 26.236539840698242], [84.09137725830107, 26.234029769897575], [84.09229278564459, 26.240221023559684], [84.10035705566435, 26.239280700683594], [84.10135650634766, 26.243070602416992], [84.11045837402372, 26.241830825805664], [84.11270141601568, 26.2496795654298], [84.10994720459001, 26.253097534179744], [84.11234283447277, 26.256572723388672], [84.11295318603544, 26.261920928955135], [84.12375640869146, 26.258819580078182], [84.12594604492182, 26.26144981384283], [84.14140319824219, 26.257749557495117], [84.14533996582043, 26.261659622192383], [84.15347290039062, 26.245269775390682], [84.15730285644537, 26.24413108825695], [84.15934753417986, 26.245901107788086], [84.15570831298828, 26.25254058837902], [84.15512847900385, 26.25772094726574], [84.1574020385745, 26.26091957092291], [84.16365051269543, 26.26136970520031], [84.16761779785162, 26.264020919799805], [84.17135620117188, 26.267730712890625], [84.17099761962908, 26.270500183105582], [84.16815948486328, 26.27367973327648], [84.16964721679705, 26.277231216430778], [84.17096710205078, 26.28664016723627], [84.16874694824224, 26.292869567871094], [84.17150878906278, 26.30369186401373], [84.17944335937506, 26.311780929565657], [84.18173980712896, 26.317039489746207], [84.17681884765636, 26.322490692138615], [84.16720581054688, 26.33810997009283], [84.16723632812506, 26.3602294921875], [84.1696166992187, 26.36256027221674], [84.17135620117188, 26.373979568481445], [84.15634155273443, 26.378259658813533], [84.15402984619158, 26.376159667968864], [84.13078308105474, 26.382190704345646], [84.1284408569336, 26.384210586547965], [84.116752624512, 26.3852481842041], [84.1151962280274, 26.387569427490234], [84.09654235839872, 26.387910842895508], [84.09230041503912, 26.390430450439453], [84.08970642089838, 26.387519836425838], [84.08767700195318, 26.390119552612305], [84.08116912841814, 26.389669418335075], [84.08055877685547, 26.38622093200695], [84.07884216308594, 26.385721206665153], [84.07721710205084, 26.38396263122553], [84.07200622558611, 26.384469985961914], [84.07061767578153, 26.38689041137701], [84.06151580810564, 26.390090942382926], [84.06181335449247, 26.394279479980582], [84.05507659912115, 26.400247573852653], [84.05497741699247, 26.402048110961914], [84.04509735107439, 26.404071807861385], [84.0449829101563, 26.405290603637695], [84.04126739501953, 26.405550003051815], [84.04087066650385, 26.40849113464361], [84.03826141357439, 26.410400390625], [84.03618621826178, 26.407840728759822], [84.03056335449247, 26.41300964355463], [84.03318023681646, 26.413780212402344], [84.021781921387, 26.42504119873047], [84.02052307128923, 26.428840637206974], [84.0164031982423, 26.431922912597656], [84.01494598388672, 26.439470291137923], [84.01611328125017, 26.441970825195426], [84.01098632812517, 26.448459625244197], [84.009033203125, 26.44498062133789], [84.00170135498053, 26.44359016418457], [83.99263000488281, 26.44761085510254], [83.99044799804693, 26.44762992858898], [83.98346710205072, 26.434900283813704], [83.9819564819336, 26.434619903564567], [83.96129608154325, 26.43714904785162], [83.94626617431635, 26.43810844421398], [83.93607330322271, 26.441680908203125], [83.91902160644548, 26.445529937744084], [83.9081192016601, 26.449501037597656], [83.9022827148438, 26.450250625610295], [83.90302276611345, 26.461040496826172], [83.90154266357428, 26.467309951782283], [83.90323638916021, 26.472270965576172], [83.9049682617188, 26.494348526000977], [83.90746307373053, 26.50037956237793], [83.90679168701166, 26.506759643554915], [83.90175628662115, 26.510440826416016], [83.90084075927763, 26.513711929321403], [83.90220642089838, 26.51807975769043], [83.9146728515625, 26.520240783691406], [83.93048858642595, 26.524780273437443], [83.93499755859403, 26.524440765380973], [83.9392395019533, 26.521280288696346], [83.94584655761747, 26.518421173095703], [83.94352722167974, 26.515899658203182], [83.94271850585943, 26.51347923278803], [83.94565582275419, 26.510200500488338], [83.95616912841825, 26.50819969177246], [83.9625473022461, 26.508600234985295], [83.9654159545899, 26.511739730835075], [83.966552734375, 26.520950317382756], [83.96810913085943, 26.5258407592774], [83.97054290771501, 26.529439926147575], [83.97418975830084, 26.531940460205078], [83.98359680175793, 26.531461715698242], [83.99030303955107, 26.530141830444393], [83.99835205078125, 26.527381896972713], [83.99864959716803, 26.525030136108455], [84.00068664550798, 26.525011062622013], [84.01448059082037, 26.5320205688476], [84.02004241943388, 26.5320796966555], [84.03082275390642, 26.535551071167106], [84.04300689697283, 26.54096031188965], [84.04776000976562, 26.54348945617687], [84.04878234863287, 26.5503311157226], [84.04814147949219, 26.557519912719783], [84.04931640625017, 26.56159019470215], [84.05474853515636, 26.567689895629996], [84.0569076538086, 26.57341003417963], [84.06285095214861, 26.57969284057623], [84.06772613525419, 26.581300735473633], [84.07122039794922, 26.584480285644474], [84.07028961181658, 26.58925819396984], [84.07914733886724, 26.59435081481928], [84.08252716064459, 26.599599838257063], [84.08178710937506, 26.603111267089957], [84.08476257324219, 26.610559463501204], [84.08280181884794, 26.61505126953125], [84.08352661132818, 26.618259429931697], [84.0796203613283, 26.62370109558117], [84.08213806152344, 26.626550674438477], [84.08383941650408, 26.631410598754996], [84.0805969238283, 26.633920669555607], [84.0813827514649, 26.63677978515625], [84.0804214477539, 26.6407527923584], [84.08177947998053, 26.642860412597656], [84.08448791503912, 26.640132904052734], [84.09407806396513, 26.638320922851562], [84.0949325561524, 26.636480331421012], [84.099349975586, 26.635570526123104], [84.099349975586, 26.633968353271428], [84.10431671142584, 26.632661819458065], [84.10607910156278, 26.637231826782227], [84.11563110351591, 26.637430191040096], [84.12146759033209, 26.63462066650402], [84.1209869384765, 26.637550354003906], [84.1241302490235, 26.637411117553825], [84.12906646728521, 26.63850021362316], [84.13742065429705, 26.636480331421012], [84.13951110839861, 26.639030456542912], [84.1520309448245, 26.63850021362316], [84.15345764160173, 26.633670806884822], [84.14853668212896, 26.62774848937994], [84.16725158691412, 26.62417030334484], [84.16779327392584, 26.626291275024357], [84.176986694336, 26.624540328979492], [84.18467712402372, 26.62585067749029], [84.20198822021496, 26.624340057373274], [84.20388031005865, 26.620531082153434], [84.20681762695307, 26.620950698852482], [84.21569824218756, 26.61868095397955], [84.22199249267584, 26.615680694580078], [84.2230529785158, 26.613090515136662], [84.22866821289068, 26.6132106781007], [84.23094940185553, 26.609790802001953], [84.2400970458985, 26.610040664672965], [84.25063323974621, 26.607940673828068], [84.25888824462885, 26.607322692871207], [84.26291656494158, 26.603021621704045], [84.27221679687528, 26.59936141967796], [84.27346801757818, 26.601350784301758], [84.27741241455095, 26.600738525390625], [84.27934265136736, 26.60658073425293], [84.28679656982422, 26.603921890258903], [84.28919982910185, 26.60699081420921], [84.29313659667974, 26.605510711670036], [84.29502105712896, 26.606630325317496], [84.29702758789057, 26.61569976806652], [84.3026733398438, 26.617471694946403], [84.30651855468761, 26.61703109741211], [84.31076049804682, 26.61457252502464], [84.32549285888689, 26.615320205688533], [84.33007049560564, 26.618320465087834], [84.3509368896485, 26.620428085327262], [84.370590209961, 26.615390777587947], [84.37885284423822, 26.62183952331543], [84.3834381103515, 26.62150955200201], [84.39499664306646, 26.625738143920955], [84.4005661010745, 26.62413024902355], [84.41439819335938, 26.62717056274414], [84.40737152099615, 26.638059616088867], [84.40479278564447, 26.6427516937257], [84.40223693847662, 26.671222686767578], [84.36675262451178, 26.678810119629134], [84.35484313964861, 26.678880691528605], [84.3501205444336, 26.681400299072322], [84.34480285644537, 26.680429458618278], [84.33706665039091, 26.68144035339361], [84.32566070556658, 26.68425750732422], [84.32334136962919, 26.688478469848576], [84.31851196289068, 26.716230392455998], [84.31101989746094, 26.73360252380388], [84.30561828613276, 26.737680435180607], [84.30664825439459, 26.73957061767578], [84.29802703857439, 26.753271102905273], [84.2867507934572, 26.75144004821783], [84.27861022949224, 26.751239776611442], [84.27130126953142, 26.744541168213175], [84.26677703857428, 26.742071151733626], [84.2593612670899, 26.740819931030387], [84.25528717041033, 26.738960266113395], [84.25448608398466, 26.734268188476562], [84.25234222412121, 26.731470108032454], [84.2473831176759, 26.729290008545206], [84.24227905273466, 26.73077011108421], [84.23398590087896, 26.739530563354492], [84.23320770263678, 26.74510955810547], [84.22460937500017, 26.75710105895996], [84.23548889160156, 26.7669811248781], [84.24112701416044, 26.775430679321573], [84.24848937988287, 26.792680740356445], [84.24935150146479, 26.802272796631087], [84.25229644775396, 26.808679580688477], [84.24680328369146, 26.814540863037394], [84.248519897461, 26.820898056030387], [84.24283599853544, 26.821819305420036], [84.24646759033232, 26.827579498291186], [84.251029968262, 26.830699920654524], [84.25041961669928, 26.837820053100813], [84.25211334228521, 26.84492111206049], [84.24563598632818, 26.858722686767578], [84.24109649658232, 26.86243057250988], [84.23538208007841, 26.86433982849144], [84.22863769531256, 26.869810104370117], [84.22196197509771, 26.87018013000494], [84.22109985351591, 26.87223815917997], [84.20922088623053, 26.870990753173885], [84.19655609130876, 26.861181259155217], [84.1895599365235, 26.859819412231445], [84.18531799316423, 26.860090255737475], [84.18080902099615, 26.857379913330078], [84.1764678955081, 26.853340148925838], [84.17694854736334, 26.8493785858156], [84.17533111572294, 26.845939636230582], [84.17740631103544, 26.84266090393089], [84.17471313476574, 26.83578109741228], [84.1689224243164, 26.8345184326173], [84.15727996826189, 26.836360931396655], [84.15054321289057, 26.839469909668253], [84.13165283203153, 26.85569000244152], [84.13183593750028, 26.870559692383097], [84.1392974853515, 26.87404060363798], [84.1375274658206, 26.876300811767805], [84.13861846923834, 26.883069992065714], [84.14073944091803, 26.883911132812784], [84.14083862304705, 26.88758087158203], [84.13024902343756, 26.88527107238781], [84.12301635742193, 26.88902091979992], [84.12201690673834, 26.892650604248047], [84.11164093017572, 26.891889572143498], [84.10941314697266, 26.89443016052246], [84.1064071655274, 26.895090103149585], [84.10063171386736, 26.9008407592774], [84.09922027587919, 26.89521026611328], [84.10106658935553, 26.893831253051815], [84.09986877441423, 26.887990951538313], [84.09683227539068, 26.886339187622298], [84.09262084960955, 26.877830505371037], [84.09002685546886, 26.87715148925787], [84.08651733398455, 26.878919601440373], [84.08789062500006, 26.882352828979435], [84.08550262451166, 26.88524246215843], [84.0762557983399, 26.87878036499046], [84.07155609130888, 26.881870269775675], [84.06008911132841, 26.886461257934513], [84.05905151367205, 26.890779495239315], [84.052001953125, 26.89170074462919], [84.04898071289068, 26.89994049072277], [84.050796508789, 26.90164947509794], [84.04737854003923, 26.90621948242199], [84.04514312744146, 26.90474128723156], [84.0423965454101, 26.909128189087028], [84.04408264160185, 26.90979957580589], [84.04924011230497, 26.914590835571516], [84.0476684570313, 26.931829452514876], [84.045219421387, 26.93042182922386], [84.03846740722662, 26.930879592895792], [84.03655242919922, 26.93301963806158], [84.03866577148443, 26.93828964233421], [84.03630828857422, 26.94113159179716], [84.02980804443354, 26.93956947326666], [84.02880859375028, 26.941200256347827], [84.02490234375017, 26.94272041320795], [84.02636718750028, 26.948961257934855], [84.0316925048831, 26.949331283569336], [84.03514862060541, 26.94872093200695], [84.03909301757818, 26.95430946350126], [84.03861999511736, 26.95775985717796], [84.04086303710966, 26.95745277404785], [84.04415893554705, 26.96087074279785], [84.04666137695312, 26.961940765381087], [84.04599761962919, 26.96809005737333], [84.04125976562494, 26.96801185607933], [84.04345703125006, 26.980390548705998], [84.04250335693365, 26.981571197509993], [84.03643035888683, 26.984031677246207], [84.03901672363298, 26.988019943237248], [84.0459671020509, 26.987159729003906], [84.04952239990234, 26.990810394287223], [84.04432678222673, 26.997680664062727], [84.04516601562506, 26.999731063843], [84.04270172119146, 27.003120422363565], [84.03993225097656, 27.005872726440657], [84.03044891357422, 27.01181983947771], [84.03572845458979, 27.019319534301985], [84.03595733642595, 27.029012680053995], [84.04030609130854, 27.03530120849615], [84.0408172607423, 27.04467964172386], [84.03563690185553, 27.046510696411133], [84.03125762939459, 27.046461105346907], [84.02426910400419, 27.04471969604515], [84.01217651367193, 27.05379104614275], [83.99489593505888, 27.061250686645735], [83.99076080322283, 27.068590164184855], [83.99109649658197, 27.07129287719738], [84.00559234619135, 27.071939468383846], [84.01194000244158, 27.081279754638672], [84.01689147949236, 27.083761215210075], [84.01831817626982, 27.087238311767805], [84.01609802246111, 27.091760635376204], [84.01892852783232, 27.093441009521598], [84.02072143554688, 27.095481872558594], [84.01422119140642, 27.100080490112532], [84.01162719726568, 27.10488128662132], [84.00531768798834, 27.104030609130916], [84.00251007080107, 27.10028076171875], [83.99751281738287, 27.09848022460949], [83.99265289306658, 27.1001491546632], [83.99017333984392, 27.098840713501204], [83.9812316894533, 27.093820571899414], [83.9778671264649, 27.092620849609375], [83.97120666503935, 27.09194183349632], [83.9549407958985, 27.08612060546892], [83.94777679443388, 27.08620071411127], [83.94409942626959, 27.087251663208292], [83.94082641601568, 27.089620590210018], [83.93942260742205, 27.092992782592773], [83.94034576416044, 27.1023006439209], [83.93856811523443, 27.107320785522518], [83.93839263916027, 27.111022949218807], [83.93955993652372, 27.11667060852045], [83.94143676757818, 27.119831085205078], [83.9476623535158, 27.123620986938704], [83.95081329345732, 27.126340866088867], [83.9524765014649, 27.128982543945426], [83.95363616943365, 27.131940841675032], [83.95079803466825, 27.139080047607422], [83.95091247558594, 27.140880584716854], [83.95864868164091, 27.14867019653343], [83.96658325195318, 27.160842895507926], [83.96830749511724, 27.165599822998217], [83.979721069336, 27.17340278625511], [83.98419952392607, 27.178710937500227], [83.98512268066418, 27.181762695312727], [83.97878265380865, 27.200439453125227], [83.97660827636719, 27.203420639038086], [83.96457672119135, 27.211009979248047], [83.96167755126982, 27.213760375976733], [83.9603118896485, 27.216659545898494], [83.9632873535158, 27.221080780029297], [83.96411895751959, 27.22319030761747], [83.96376037597668, 27.225269317627124], [83.96153259277338, 27.227951049804744], [83.95501708984403, 27.231069564819506], [83.95585632324236, 27.233520507812614], [83.95448303222656, 27.23504066467308], [83.94814300537138, 27.23833084106468], [83.92531585693376, 27.242530822754077], [83.91175842285156, 27.24650192260765], [83.90762329101568, 27.248029708862305], [83.90190124511724, 27.25213050842285], [83.89795684814464, 27.25942993164091], [83.89549255371122, 27.26815032959007], [83.89615631103533, 27.27707099914562], [83.89804077148455, 27.278989791870345], [83.90406799316435, 27.28117179870617], [83.9105072021485, 27.285631179809684], [83.9188308715822, 27.29265975952171], [83.9218826293947, 27.29635810852068], [83.92565155029325, 27.304189682006893], [83.92534637451189, 27.30952072143566], [83.92359924316423, 27.316431045532227], [83.91668701171903, 27.325330734252987], [83.9080429077149, 27.330390930176065], [83.89758300781278, 27.330129623413143], [83.89356231689459, 27.32905006408697], [83.8879470825197, 27.32646942138672], [83.87240600585966, 27.31620979309082], [83.85907745361357, 27.311670303344727], [83.85463714599615, 27.31122970581066], [83.85051727294916, 27.31209945678711], [83.84797668457037, 27.313970565796183], [83.84741973876982, 27.31686019897461], [83.84523773193376, 27.31965255737316], [83.84252929687517, 27.321311950683594], [83.83625793457048, 27.31948089599632], [83.83058929443365, 27.321359634399414], [83.82895660400419, 27.32275962829584], [83.82849121093756, 27.324670791626204], [83.8283309936524, 27.325918197632063], [83.82933807373075, 27.327470779418945], [83.84934234619169, 27.335609436035327], [83.85498809814459, 27.340330123901538], [83.85624694824213, 27.347721099853686], [83.85640716552763, 27.348211288452376], [83.85850524902372, 27.350961685180664], [83.86479187011747, 27.346393585205078], [83.873519897461, 27.351615905761662], [83.88989257812506, 27.35819816589367], [83.89352416992193, 27.362545013427848], [83.89421844482439, 27.36751556396507], [83.89945983886724, 27.370004653930664], [83.905517578125, 27.376214981079386], [83.9084091186524, 27.384296417236442], [83.9072875976563, 27.38951683044428], [83.8883132934572, 27.390617370605696], [83.88827514648466, 27.390619277954272], [83.87523651123053, 27.391912460327376], [83.87681579589872, 27.40031623840349], [83.87760925292963, 27.40566825866705], [83.87758636474638, 27.40569877624523], [83.87352752685553, 27.41222190856928], [83.87350463867193, 27.412263870239542], [83.86938476562528, 27.425430297851506], [83.87024688720709, 27.428506851196573], [83.87448120117193, 27.430894851684798], [83.87451934814482, 27.430915832519645], [83.88282012939453, 27.434514999389933], [83.89759826660185, 27.43761062622093], [83.9154891967774, 27.44121360778803], [83.9331359863283, 27.449378967285384], [83.93321990966803, 27.449415206909123], [83.93326568603544, 27.449405670166016], [83.94432067871122, 27.44755172729515], [83.9452667236331, 27.44672584533714], [83.94530487060575, 27.44669532775896], [83.94631195068376, 27.445812225342024], [83.94532012939447, 27.443326950073413], [83.9480056762697, 27.44100570678711], [83.94805145263672, 27.44096565246582], [83.9647064208985, 27.443822860718058], [83.96630859375, 27.44502639770525], [83.96818542480497, 27.446434020996094], [83.96821594238281, 27.446413040161246], [83.97472381591814, 27.44186592102062], [83.97477722167974, 27.44185066223156], [83.9748153686524, 27.44183921813965], [83.97982025146513, 27.442214965820256], [83.9798660278322, 27.442207336425724], [83.97961425781278, 27.439115524291935], [83.98609161376982, 27.443681716919002], [83.99361419677751, 27.44392967224138], [83.99366760253912, 27.443931579589787], [83.99826049804693, 27.445936203003043], [83.99883270263678, 27.445589065551815], [83.9989166259765, 27.445615768432788], [83.99894714355486, 27.445522308349723], [83.99950408935564, 27.445190429687557], [83.99983978271513, 27.443031311035156], [84.00024414062494, 27.44046783447277], [84.00063323974604, 27.44139671325678], [84.00086975097673, 27.441959381103516], [84.00191497802763, 27.44127655029314], [84.00411224365251, 27.441070556640568], [84.00447082519548, 27.441959381103516], [84.00583648681658, 27.44108963012701], [84.00757598876959, 27.441959381103516], [84.00745391845732, 27.440721511840934], [84.00751495361345, 27.44071578979498], [84.00874328613287, 27.440492630005167], [84.00968933105474, 27.44034385681158], [84.009780883789, 27.440155029296875], [84.01103973388678, 27.437524795532227], [84.01401519775408, 27.43861579895048], [84.01791381835943, 27.434616088867188], [84.02101898193388, 27.435914993286417], [84.02348327636747, 27.43399047851591], [84.02510833740234, 27.43274688720726], [84.02941894531278, 27.433629989624194], [84.02940368652372, 27.433773040771655], [84.0279617309572, 27.438230514526595], [84.02893066406256, 27.43889808654808], [84.02897644042974, 27.438932418823413], [84.02994537353527, 27.439598083496094], [84.03077697753906, 27.439407348632812], [84.03318023681646, 27.438852310180664], [84.0334777832033, 27.440122604370117], [84.03379821777372, 27.441461563110465], [84.03778076171903, 27.440717697143782], [84.04100799560558, 27.442457199096907], [84.0412902832033, 27.44243240356451], [84.04535675048834, 27.442083358764876], [84.04557037353521, 27.44271469116211], [84.04573059082037, 27.443202972412394], [84.05354309082037, 27.442628860473746], [84.05418395996122, 27.442581176757926], [84.05419921875028, 27.442621231079386], [84.05681610107428, 27.449159622192383], [84.05683135986334, 27.44920158386259], [84.05894470214872, 27.451162338256836], [84.06390380859403, 27.45576286315918], [84.06064605712896, 27.46097373962408], [84.061820983887, 27.461429595947436], [84.06288146972662, 27.461843490600586], [84.06412506103544, 27.466690063476562], [84.06871795654291, 27.46941566467308], [84.07057952880888, 27.473281860351847], [84.07059478759794, 27.473318099975586], [84.07111358642584, 27.479114532470646], [84.07231140136747, 27.480903625488395], [84.07269287109403, 27.481481552124023], [84.07604980468756, 27.480607986450366], [84.07804107666044, 27.48212814331066], [84.08031463623075, 27.48383331298828], [84.08612060546892, 27.48309326171875], [84.08856964111328, 27.48412513732933], [84.09292602539091, 27.485960006713924], [84.09317779541033, 27.486940383911303], [84.09357452392595, 27.488685607910213], [84.09362792968756, 27.488695144653377], [84.09754943847673, 27.4894313812257], [84.10079193115251, 27.502321243286417], [84.10079956054705, 27.502361297607536], [84.09928894042986, 27.504842758178768], [84.10012054443365, 27.505119323730582], [84.10191345214838, 27.51021575927757], [84.09979248046903, 27.51677322387718], [84.09983062744158, 27.516788482666243], [84.10961151123053, 27.521036148071232], [84.11071777343767, 27.52151489257824], [84.11100006103521, 27.521217346191406], [84.11296081542997, 27.519258499145792], [84.11880493164068, 27.51913261413597], [84.11958312988287, 27.514129638672046], [84.11967468261736, 27.513540267944336], [84.11972045898443, 27.513521194458065]]], [[[87.30621337890653, 27.84321594238304], [87.30680084228544, 27.836589813232422], [87.30617523193365, 27.843217849731445], [87.30621337890653, 27.84321594238304]]], [[[87.26291656494169, 27.850715637207315], [87.25248718261736, 27.842866897583008], [87.25118255615251, 27.84306144714367], [87.25131988525385, 27.843114852905273], [87.26291656494169, 27.850715637207315]]], [[[87.26291656494169, 27.850715637207315], [87.26721191406267, 27.8501167297365], [87.26628112792974, 27.849452972412166], [87.26291656494169, 27.850715637207315]]]]}}