{"type": "Feature", "properties": {"ID_0": 105, "ISO": "IND", "NAME_0": "India", "ID_1": 13, "NAME_1": "Haryana", "NL_NAME_1": null, "VARNAME_1": null, "TYPE_1": "State", "ENGTYPE_1": "State"}, "geometry": {"type": "Polygon", "coordinates": [[[76.83715057373058, 30.878871917724837], [76.85243225097685, 30.870689392089844], [76.86178588867216, 30.873550415039062], [76.86962890624994, 30.878160476684513], [76.87858581542963, 30.885982513427848], [76.88655090332043, 30.8882999420166], [76.9021606445313, 30.89722824096691], [76.90706634521501, 30.890991210937727], [76.91584014892595, 30.86932945251465], [76.92661285400419, 30.85444068908697], [76.92780303955072, 30.84814071655279], [76.92751312255865, 30.83735275268566], [76.93370056152372, 30.83196258544922], [76.94283294677763, 30.829189300537053], [76.94764709472656, 30.82316970825201], [76.95375061035156, 30.81121063232439], [76.96180725097673, 30.808990478515682], [76.96864318847673, 30.807960510253906], [76.97910308837885, 30.798812866211108], [76.98264312744146, 30.804300308227653], [76.98477172851574, 30.81047248840332], [76.9865264892581, 30.81324958801281], [76.98845672607416, 30.815000534057674], [76.99266052246094, 30.818300247192383], [76.99584197998058, 30.816709518432617], [76.99796295166044, 30.814291000366268], [76.99851989746122, 30.809730529785384], [76.99974060058611, 30.804901123046875], [77.0003509521485, 30.797622680664006], [76.99973297119158, 30.793979644775447], [77.00003051757824, 30.789020538330135], [76.99487304687506, 30.78507041931158], [76.99095916748064, 30.780651092529524], [76.9886016845706, 30.77707099914545], [76.99121093750006, 30.773452758789062], [76.99524688720709, 30.77103996276884], [76.99883270263678, 30.769151687622298], [77.00238800048828, 30.767950057983512], [77.00446319580107, 30.76634979248047], [77.00582122802734, 30.76175117492687], [77.00466156005854, 30.757352828979492], [77.00470733642595, 30.75248908996582], [77.0064468383789, 30.74950981140131], [77.00939178466825, 30.745710372924805], [77.01309967041033, 30.742208480835075], [77.01805114746111, 30.74044990539545], [77.02401733398443, 30.74162101745611], [77.02828979492216, 30.74344062805187], [77.03037261962919, 30.746339797973917], [77.03032684326178, 30.7517604827882], [77.03370666503923, 30.755420684814624], [77.0380172729495, 30.75313949584961], [77.04705810546892, 30.748670578002987], [77.05497741699247, 30.74674034118675], [77.06170654296875, 30.746128082275618], [77.06971740722656, 30.746982574462834], [77.0768432617188, 30.74476051330572], [77.08627319335966, 30.739942550659293], [77.09111785888689, 30.7362117767334], [77.0961303710938, 30.73462104797369], [77.10056304931669, 30.732387542724837], [77.10234832763689, 30.730779647827262], [77.10021209716825, 30.726390838623047], [77.09990692138672, 30.722280502319506], [77.10317230224615, 30.720449447631893], [77.10957336425776, 30.722682952880916], [77.11744689941423, 30.717910766601562], [77.12223815917974, 30.712160110473746], [77.12512207031256, 30.707099914550838], [77.1338195800783, 30.70215988159174], [77.14037322998053, 30.697570800781307], [77.14743804931646, 30.693479537964038], [77.15177154541033, 30.690509796142692], [77.1535263061524, 30.688720703125], [77.15020751953125, 30.684551239013786], [77.15068817138678, 30.681198120117244], [77.15386199951189, 30.676942825317383], [77.15519714355486, 30.66806030273449], [77.152641296387, 30.658760070800724], [77.15273284912126, 30.65419960021984], [77.15619659423834, 30.647920608520792], [77.1604461669923, 30.642400741577205], [77.16236114501982, 30.63865089416504], [77.15986633300793, 30.631481170654354], [77.15863037109392, 30.61380958557129], [77.15847778320318, 30.6074600219726], [77.15863800048845, 30.603141784668026], [77.15748596191423, 30.599550247192383], [77.15409851074224, 30.596321105957088], [77.15122222900396, 30.592830657959098], [77.1469268798831, 30.58896064758312], [77.13984680175793, 30.58320045471214], [77.13268280029314, 30.57845115661621], [77.12587738037115, 30.57369041442871], [77.12378692626959, 30.572692871093864], [77.12059020996122, 30.57118034362793], [77.1151428222658, 30.569841384887923], [77.11289215087896, 30.56824111938505], [77.11149597167969, 30.56728935241705], [77.11370086669928, 30.562440872192496], [77.11650848388678, 30.55743980407709], [77.12233734130888, 30.548231124878043], [77.13105773925787, 30.541509628296126], [77.13758087158232, 30.5385799407959], [77.14553833007818, 30.537799835205078], [77.1520385742188, 30.536912918091105], [77.16368865966808, 30.534120559692553], [77.16953277587896, 30.532880783081225], [77.17455291748058, 30.53051948547369], [77.18534851074236, 30.525880813598633], [77.19082641601557, 30.51932907104498], [77.19589233398443, 30.511770248413313], [77.19966125488281, 30.50659942626953], [77.19957733154325, 30.499139785766715], [77.20030975341808, 30.48904991149908], [77.19904327392578, 30.484542846679915], [77.20260620117216, 30.4803409576416], [77.21190643310553, 30.48187065124523], [77.21885681152338, 30.485982894897518], [77.2267684936524, 30.488611221313533], [77.2334594726563, 30.487470626831055], [77.24186706542974, 30.48536109924322], [77.25177764892584, 30.484411239624023], [77.25659179687528, 30.48142051696783], [77.2608413696289, 30.476119995117244], [77.26193237304716, 30.471040725708235], [77.26358032226568, 30.46667098999029], [77.27455902099604, 30.464040756225586], [77.28244018554688, 30.4619197845459], [77.29373931884771, 30.459131240844727], [77.30069732666016, 30.456598281860465], [77.31069946289068, 30.453620910644588], [77.3167724609375, 30.45762062072754], [77.32238769531278, 30.46211814880388], [77.32625579833984, 30.46318244934082], [77.33267974853527, 30.46422958374046], [77.33937835693388, 30.46360015869152], [77.34607696533197, 30.461900711059627], [77.34970092773432, 30.457281112671183], [77.35349273681669, 30.44856071472168], [77.35679626464861, 30.442060470581055], [77.36965179443365, 30.445842742919922], [77.37621307373041, 30.446250915527457], [77.38038635253935, 30.446140289306754], [77.38186645507818, 30.439271926879826], [77.39409637451183, 30.43427085876482], [77.39679718017607, 30.43046951293968], [77.3954620361331, 30.42094039916998], [77.40061187744169, 30.418750762939453], [77.4076385498048, 30.427881240844897], [77.417236328125, 30.43383979797386], [77.42620086669922, 30.441118240356502], [77.43559265136736, 30.451009750366154], [77.4456863403322, 30.465669631958065], [77.45053863525396, 30.46523094177269], [77.45629119873075, 30.458190917968807], [77.45677185058594, 30.451559066772745], [77.45429992675787, 30.446060180664176], [77.45334625244146, 30.440361022949332], [77.4420471191408, 30.429889678955305], [77.43972015380888, 30.424400329590014], [77.42569732666021, 30.42000007629406], [77.42092895507818, 30.416822433471793], [77.41590118408203, 30.412830352783203], [77.41644287109403, 30.408391952514876], [77.43041229248064, 30.40747833251976], [77.43495178222685, 30.403671264648665], [77.44301605224626, 30.40460014343273], [77.45311737060564, 30.40480041503929], [77.46098327636724, 30.405380249023665], [77.46797180175781, 30.411779403686523], [77.4775161743164, 30.413349151611442], [77.48255920410162, 30.41521835327154], [77.48683166503935, 30.41261291503912], [77.49134826660162, 30.41735076904297], [77.49118804931669, 30.42498016357422], [77.49294281005854, 30.433048248291016], [77.50115203857416, 30.443679809570312], [77.50534057617182, 30.44836044311529], [77.5098495483399, 30.448829650878906], [77.51436614990251, 30.439422607421818], [77.51803588867193, 30.430870056152344], [77.52577209472656, 30.417140960693473], [77.5292587280274, 30.41350173950201], [77.53563690185575, 30.40905952453636], [77.53874206542969, 30.401912689209098], [77.54289245605497, 30.39723014831543], [77.55248260498064, 30.393360137939396], [77.5579223632813, 30.390369415283203], [77.56534576416021, 30.384889602661246], [77.5748901367188, 30.384519577026424], [77.58444213867199, 30.381361007690543], [77.59012603759771, 30.377260208129996], [77.59201812744146, 30.370861053466797], [77.58278656005854, 30.35843849182129], [77.57463073730486, 30.346950531005973], [77.56989288330084, 30.337110519409293], [77.57009887695318, 30.331550598144588], [77.57501220703142, 30.326070785522404], [77.57386779785173, 30.318910598754996], [77.57035064697294, 30.311229705810604], [77.56355285644548, 30.306081771850586], [77.5557708740235, 30.30257034301752], [77.54531860351568, 30.29413986206066], [77.54042053222685, 30.290969848632926], [77.53218078613293, 30.28685760498047], [77.52677917480474, 30.282312393188477], [77.52468109130865, 30.27798080444336], [77.52250671386713, 30.266199111938704], [77.5198364257812, 30.260131835937443], [77.50550842285185, 30.24224090576172], [77.49598693847685, 30.23363113403343], [77.49372100830078, 30.227470397949332], [77.48853302001982, 30.218740463257006], [77.48390197753912, 30.21008110046398], [77.47997283935541, 30.202159881592024], [77.47677612304705, 30.195011138916016], [77.47326660156278, 30.188591003418082], [77.46021270751959, 30.183788299560717], [77.45598602294939, 30.180961608886832], [77.45153808593778, 30.173629760742415], [77.44684600830095, 30.168609619140625], [77.4403381347658, 30.169208526611442], [77.43517303466797, 30.16995811462425], [77.43061065673845, 30.166429519653548], [77.42354583740251, 30.16847991943382], [77.4153213500976, 30.156690597534293], [77.41142272949224, 30.14969062805187], [77.4108276367188, 30.14587974548357], [77.41490173339872, 30.14348030090332], [77.41783905029314, 30.141181945800838], [77.41552734375, 30.133499145507812], [77.41261291503935, 30.127710342407454], [77.40865325927734, 30.12320137023937], [77.40326690673857, 30.121059417724666], [77.39800262451189, 30.11872291564947], [77.40061187744169, 30.113260269165153], [77.40603637695312, 30.111309051513842], [77.41008758544928, 30.111089706421012], [77.41419219970703, 30.11111068725586], [77.4144287109375, 30.10713005065918], [77.40857696533209, 30.10255241394043], [77.39673614501959, 30.095760345459098], [77.39245605468767, 30.094411849975643], [77.38034057617193, 30.093040466308537], [77.37342834472662, 30.09301948547369], [77.36849975585943, 30.091558456420955], [77.35697937011736, 30.08415031433111], [77.34842681884783, 30.076698303222656], [77.3371658325197, 30.068241119384822], [77.3317413330081, 30.064451217651367], [77.32480621337896, 30.061801910400504], [77.31291198730469, 30.060539245605696], [77.30290985107428, 30.06058120727539], [77.29759216308622, 30.060319900512695], [77.29184722900396, 30.058490753173828], [77.28610992431646, 30.0574893951416], [77.28041839599621, 30.052511215210075], [77.27625274658232, 30.05047035217308], [77.27040863037126, 30.048339843750057], [77.2698822021485, 30.044229507446403], [77.27176666259771, 30.0399112701416], [77.27313995361334, 30.03404045105009], [77.26969146728521, 30.02746963500988], [77.26759338378912, 30.022109985351562], [77.26544189453142, 30.018030166626033], [77.2643432617188, 30.01305961608915], [77.26191711425793, 30.007320404052734], [77.26154327392607, 30.005619049072266], [77.26316070556658, 30.002149581909293], [77.25512695312517, 29.995969772338867], [77.25476074218767, 29.993160247802848], [77.25047302246105, 29.988451004028377], [77.2354812622072, 29.981172561645508], [77.23310852050793, 29.973630905151367], [77.23194885253912, 29.966321945190543], [77.22957611084001, 29.961902618408317], [77.22489929199224, 29.95858955383312], [77.2237396240235, 29.95475006103527], [77.21112823486334, 29.94071006774925], [77.20256805419928, 29.931089401245117], [77.19557189941435, 29.927270889282283], [77.18913269042986, 29.922042846679744], [77.18689727783209, 29.917480468750227], [77.18591308593767, 29.913051605224723], [77.18016815185564, 29.9062118530274], [77.17955780029325, 29.902269363403548], [77.18485260009777, 29.894901275634822], [77.1849670410158, 29.89030838012718], [77.18229675292986, 29.881589889526424], [77.18245697021501, 29.873279571533203], [77.18006134033209, 29.869140625], [77.17810821533203, 29.862159729004134], [77.16758728027361, 29.846389770507926], [77.16703796386736, 29.843709945678654], [77.16903686523466, 29.82958030700695], [77.16526794433588, 29.824489593506087], [77.15564727783209, 29.816789627075252], [77.15396881103544, 29.813781738281364], [77.15209960937494, 29.807661056518498], [77.15171813964838, 29.803470611572266], [77.15400695800776, 29.797689437866325], [77.15238189697271, 29.793279647827205], [77.14222717285173, 29.787570953369254], [77.13743591308594, 29.782201766968], [77.13199615478521, 29.778980255127237], [77.12349700927729, 29.777849197387695], [77.11828613281261, 29.775550842285213], [77.11704254150408, 29.770900726318587], [77.11889648437528, 29.764221191406193], [77.1178588867188, 29.760431289673136], [77.1142196655274, 29.754291534423885], [77.11295318603527, 29.748600006103572], [77.11515808105486, 29.744960784912337], [77.1225662231447, 29.742820739746207], [77.12255859375, 29.736038208007983], [77.14021301269537, 29.717271804809627], [77.143325805664, 29.705970764160213], [77.14260101318376, 29.701639175415096], [77.13987731933622, 29.700229644775334], [77.1321868896485, 29.699480056762695], [77.12552642822271, 29.696910858154354], [77.12110137939459, 29.69156074523937], [77.11917114257812, 29.68584060668968], [77.1199798583985, 29.680259704589957], [77.13114166259766, 29.666349411010742], [77.1313018798831, 29.662990570068473], [77.1294174194336, 29.658590316772518], [77.12180328369158, 29.653539657592717], [77.10970306396496, 29.647239685058707], [77.10782623291044, 29.63996124267601], [77.10489654541021, 29.635578155517578], [77.10106658935553, 29.63307952880865], [77.10160064697283, 29.624919891357422], [77.10047912597656, 29.622272491455078], [77.09452819824236, 29.61776924133312], [77.09388732910185, 29.612970352172965], [77.09218597412138, 29.608671188354606], [77.08561706542974, 29.600799560546875], [77.08680725097662, 29.596469879150334], [77.089897155762, 29.59043121337902], [77.0937805175783, 29.587209701538086], [77.10198211669939, 29.576999664306754], [77.10675811767595, 29.56636047363287], [77.10971832275419, 29.552989959716797], [77.10443115234375, 29.548910140991268], [77.09529876709001, 29.547649383544922], [77.08941650390625, 29.54469108581543], [77.08622741699224, 29.53949928283714], [77.0849075317384, 29.53359031677246], [77.0864868164062, 29.52826118469244], [77.09761047363298, 29.512012481689453], [77.10340881347668, 29.5095405578615], [77.11451721191435, 29.503158569335938], [77.11989593505876, 29.497329711914176], [77.12332153320312, 29.486061096191463], [77.12039184570324, 29.480060577392692], [77.11544799804716, 29.475402832031364], [77.11402130126953, 29.470291137695256], [77.11429595947294, 29.461860656738395], [77.11783599853516, 29.45646095275879], [77.12413787841803, 29.452941894531193], [77.13198089599615, 29.450490951538143], [77.13774871826183, 29.446590423583984], [77.13938903808594, 29.442100524902344], [77.13845062255865, 29.43686294555664], [77.13577270507818, 29.432220458984432], [77.12487792968767, 29.4221706390382], [77.12586975097662, 29.410640716552848], [77.12908935546875, 29.402490615844897], [77.13346099853533, 29.398439407348576], [77.1400680541995, 29.39472007751459], [77.14597320556669, 29.39248085021984], [77.14679718017595, 29.389770507812614], [77.13864898681646, 29.383909225463867], [77.13105010986334, 29.38070106506342], [77.12046813964861, 29.378770828247355], [77.11694335937506, 29.37668037414562], [77.11669921875006, 29.372579574585075], [77.11884307861334, 29.36195945739763], [77.11752319335949, 29.35715103149414], [77.12003326416044, 29.349790573120174], [77.12368774414057, 29.344989776611555], [77.12757873535162, 29.344339370727596], [77.14644622802734, 29.3450603485108], [77.15186309814464, 29.33929061889654], [77.15394592285162, 29.335479736328125], [77.15001678466797, 29.331691741943473], [77.15104675292974, 29.325519561767635], [77.15360260009794, 29.32225990295416], [77.15421295166016, 29.316921234130916], [77.14231109619146, 29.301511764526367], [77.1443710327149, 29.296199798584098], [77.13761901855469, 29.2874698638916], [77.12948608398443, 29.272790908813647], [77.13498687744158, 29.266492843628043], [77.14247894287115, 29.251600265502987], [77.14402008056646, 29.243331909179688], [77.14279937744158, 29.237791061401538], [77.12722015380865, 29.228141784668026], [77.1252212524414, 29.22487068176264], [77.12770080566406, 29.218420028686637], [77.13262939453153, 29.213119506835994], [77.13616180419928, 29.207450866699332], [77.1381378173831, 29.20106124877941], [77.13999176025396, 29.18208122253418], [77.13240814208996, 29.17181015014671], [77.12734222412126, 29.162910461425838], [77.12661743164068, 29.154020309448242], [77.13858032226562, 29.134769439697322], [77.13620758056646, 29.127840042114258], [77.12441253662138, 29.11346054077154], [77.12204742431646, 29.10576820373558], [77.12438201904303, 29.10148811340332], [77.13176727294928, 29.09464836120617], [77.14160156250028, 29.086811065673942], [77.1492996215822, 29.083240509033203], [77.1571884155274, 29.077531814575423], [77.16232299804693, 29.065372467041243], [77.161636352539, 29.05244064331066], [77.16263580322283, 29.048570632934684], [77.17652130126947, 29.03647041320818], [77.19159698486328, 29.021291732788086], [77.2037963867187, 29.01671981811529], [77.21113586425787, 29.011381149291992], [77.21404266357433, 29.006690979003963], [77.21418762207037, 29.00596046447754], [77.20790863037115, 28.991060256958008], [77.20375061035185, 28.982299804687727], [77.19095611572277, 28.961650848388786], [77.19013977050787, 28.95566177368164], [77.19078826904325, 28.946861267089957], [77.20442199707048, 28.939979553222713], [77.20536804199236, 28.936460494995174], [77.19676971435564, 28.920930862426985], [77.20204925537138, 28.915559768676758], [77.21602630615251, 28.911430358886832], [77.22149658203153, 28.908130645751953], [77.22119140625017, 28.904132843017578], [77.21687316894537, 28.90034294128418], [77.20530700683622, 28.894609451294173], [77.19909667968756, 28.892681121826172], [77.18177032470709, 28.889801025390852], [77.1780395507812, 28.88556289672863], [77.17829132080095, 28.88004112243658], [77.18318939208979, 28.87177085876482], [77.18686676025408, 28.866819381713867], [77.18363952636719, 28.862300872802848], [77.16458892822271, 28.86063003540039], [77.15959930419939, 28.85744285583496], [77.15065002441412, 28.848449707031364], [77.14237976074213, 28.842470169067383], [77.13919830322266, 28.841669082641715], [77.1338119506836, 28.844722747802848], [77.13558959960943, 28.852689743041992], [77.1350860595706, 28.858489990234432], [77.12854003906256, 28.86539077758789], [77.10970306396496, 28.86613273620617], [77.10713195800798, 28.868450164794922], [77.09945678710932, 28.87244033813471], [77.08335113525396, 28.87461853027355], [77.07585144042986, 28.884511947631836], [77.07013702392595, 28.880010604858455], [77.06565856933622, 28.87300109863287], [77.04975891113287, 28.873189926147575], [77.03766632080072, 28.8527774810791], [77.03153991699247, 28.83679008483898], [77.02466583251982, 28.83628082275402], [77.0188064575197, 28.837062835693587], [77.00662994384783, 28.83526039123535], [76.98972320556646, 28.83916091918968], [76.98349761962885, 28.839080810546932], [76.97955322265625, 28.836700439453125], [76.97368621826178, 28.82583045959501], [76.97056579589861, 28.82510185241722], [76.96083068847673, 28.83167076110834], [76.95800781250006, 28.830329895019645], [76.95578002929699, 28.820020675659293], [76.94822692871094, 28.817661285400504], [76.94230651855469, 28.820680618286417], [76.93736267089861, 28.809150695800895], [76.93746948242199, 28.803501129150618], [76.94309234619158, 28.795120239257812], [76.94233703613298, 28.78775978088379], [76.94396972656278, 28.778530120849666], [76.94657135009771, 28.77403068542492], [76.93820953369146, 28.75962066650385], [76.94744110107416, 28.75113105773943], [76.9503173828125, 28.746650695800724], [76.94919586181658, 28.741502761840934], [76.95066070556669, 28.736459732055664], [76.94126129150396, 28.717029571533203], [76.95095825195318, 28.70976066589367], [76.95459747314459, 28.705371856689453], [76.95421600341803, 28.7005290985108], [76.94999694824224, 28.694129943847713], [76.94838714599638, 28.687990188598633], [76.9459533691408, 28.68348121643089], [76.94725036621088, 28.677160263061637], [76.94255065917969, 28.675111770629996], [76.92973327636736, 28.674419403076286], [76.92310333251959, 28.66921043396013], [76.91748809814482, 28.65727043151861], [76.91821289062511, 28.65327072143566], [76.93390655517572, 28.63764953613304], [76.92597961425787, 28.629249572754134], [76.92366027832048, 28.628650665283317], [76.91034698486334, 28.637830734253043], [76.90400695800798, 28.637939453125], [76.897270202637, 28.63280105590826], [76.8936767578125, 28.632751464843864], [76.87793731689459, 28.637630462646598], [76.86090087890642, 28.602510452270508], [76.85481262207031, 28.59235191345215], [76.8502273559572, 28.590118408203125], [76.83502960205084, 28.591400146484375], [76.83291625976568, 28.582508087158317], [76.83761596679705, 28.55698966980009], [76.85674285888678, 28.547821044922102], [76.85920715332037, 28.541919708251953], [76.87631225585938, 28.52840042114275], [76.87946319580084, 28.523998260498047], [76.87380981445341, 28.51439094543457], [76.8793716430664, 28.509050369262695], [76.88681030273438, 28.51122856140131], [76.89372253417969, 28.516141891479606], [76.89745330810575, 28.517770767212028], [76.90847778320324, 28.51490974426281], [76.92265319824213, 28.519269943237305], [76.93321990966803, 28.51604080200201], [76.94462585449236, 28.513629913330192], [76.96846771240251, 28.527580261230526], [76.97653198242193, 28.523809432983512], [76.99027252197271, 28.519781112671012], [77.00554656982428, 28.514440536499137], [77.01093292236357, 28.518030166625977], [77.01139831542986, 28.524110794067326], [77.00499725341808, 28.528739929199446], [76.99820709228533, 28.532150268554744], [76.99594879150408, 28.536899566650504], [77.0002059936524, 28.54199981689453], [77.00609588623053, 28.542779922485636], [77.01566314697271, 28.5333194732666], [77.0196380615235, 28.53327178955078], [77.03314208984392, 28.528339385986442], [77.04165649414091, 28.518960952758732], [77.04876708984392, 28.515241622924748], [77.05696105957048, 28.513860702514762], [77.06746673584001, 28.520650863647518], [77.07247924804693, 28.52028083801281], [77.08598327636719, 28.510860443115234], [77.09031677246094, 28.505451202392692], [77.1035232543947, 28.49745941162132], [77.10766601562494, 28.49386978149414], [77.10334014892578, 28.483108520507812], [77.10154724121122, 28.476478576660384], [77.10273742675798, 28.470449447631836], [77.10604858398443, 28.465900421142805], [77.10874938964855, 28.457351684570483], [77.1125106811524, 28.450231552124023], [77.11830139160185, 28.442430496215934], [77.12407684326172, 28.43923759460472], [77.13138580322271, 28.438701629638615], [77.14243316650408, 28.435710906982422], [77.15186309814464, 28.428319931030273], [77.1543426513673, 28.421302795410327], [77.16577148437506, 28.40846061706543], [77.17948913574224, 28.412370681762695], [77.19522094726562, 28.412530899047795], [77.2059097290039, 28.41340065002464], [77.21530914306646, 28.415740966796875], [77.22274780273443, 28.41897010803234], [77.24061584472656, 28.428859710693416], [77.24318695068365, 28.43367958068876], [77.24430084228521, 28.441669464111555], [77.24327850341791, 28.447490692138672], [77.23986816406267, 28.45360755920416], [77.23311614990246, 28.459449768066577], [77.22643280029308, 28.460260391235522], [77.22574615478516, 28.464010238647518], [77.22763061523432, 28.469749450683764], [77.23239898681635, 28.475799560546818], [77.23673248291027, 28.47969055175787], [77.24265289306652, 28.48460006713873], [77.25396728515625, 28.48554039001465], [77.26010131835955, 28.48842811584484], [77.27111053466825, 28.49703025817894], [77.2780532836914, 28.49814987182623], [77.28578948974638, 28.49627113342285], [77.29627227783232, 28.491149902343807], [77.30094909667974, 28.49011993408203], [77.306869506836, 28.490680694580305], [77.3148803710938, 28.494569778442383], [77.32170104980486, 28.499389648437557], [77.32668304443376, 28.50345039367687], [77.32898712158209, 28.50831985473627], [77.33447265625017, 28.5110893249514], [77.33773803710955, 28.508970260620117], [77.3431930541995, 28.50361061096214], [77.36048126220709, 28.497859954833984], [77.3639602661134, 28.492900848388672], [77.3641204833985, 28.48565101623541], [77.3693618774414, 28.480688095092887], [77.37600708007841, 28.476160049438533], [77.388168334961, 28.47281837463379], [77.39789581298834, 28.471170425415096], [77.40003204345732, 28.46669960021967], [77.3948364257813, 28.46279907226574], [77.39779663085955, 28.458641052246037], [77.40828704834001, 28.455600738525618], [77.41813659667997, 28.455789566040153], [77.42578125000028, 28.45454025268549], [77.42829895019531, 28.444061279297102], [77.4359970092774, 28.431610107421875], [77.4439926147461, 28.42897033691412], [77.4514770507813, 28.424858093262003], [77.45610046386747, 28.420988082885856], [77.46869659423857, 28.417530059814396], [77.47455596923834, 28.413511276245174], [77.47386169433622, 28.403812408447266], [77.46684265136736, 28.399681091308878], [77.46953582763689, 28.394300460815543], [77.48589324951166, 28.379701614380167], [77.49205780029297, 28.369520187377873], [77.49423980712919, 28.35826110839855], [77.48517608642595, 28.35021018981945], [77.46640777587919, 28.341209411621094], [77.46375274658232, 28.33801078796398], [77.46592712402344, 28.33394050598139], [77.47355651855469, 28.327880859375057], [77.48185729980497, 28.323619842529354], [77.49578857421903, 28.307041168213004], [77.49417114257818, 28.300260543823526], [77.49476623535162, 28.29261016845726], [77.49273681640653, 28.28063011169428], [77.48808288574224, 28.27911949157715], [77.4722518920899, 28.281209945678654], [77.46481323242193, 28.27742958068859], [77.46730041503912, 28.269720077514762], [77.48707580566423, 28.261760711669922], [77.50206756591825, 28.25784111022972], [77.51062011718756, 28.254890441894645], [77.51159667968778, 28.254550933838118], [77.51225280761736, 28.254329681396484], [77.52501678466814, 28.253429412841854], [77.53878021240251, 28.254409790039233], [77.54120635986322, 28.24774169921875], [77.53562164306652, 28.240520477295036], [77.51557922363287, 28.22976112365734], [77.51703643798845, 28.221389770507812], [77.52157592773438, 28.21739006042486], [77.52327728271479, 28.207170486450195], [77.51911926269548, 28.201780319214095], [77.51281738281267, 28.20168113708496], [77.51056671142584, 28.20633125305187], [77.49759674072271, 28.213020324707202], [77.48912048339872, 28.211990356445426], [77.49061584472685, 28.193059921264762], [77.49211883544928, 28.18510055541998], [77.501518249512, 28.187191009521484], [77.50566101074224, 28.19547080993675], [77.52082061767595, 28.191740036010856], [77.53018951416033, 28.19294929504406], [77.53794860839872, 28.190891265869254], [77.54236602783203, 28.181659698486328], [77.53176879882818, 28.17025947570812], [77.51159667968778, 28.164890289306697], [77.4989089965822, 28.163009643554688], [77.49636840820341, 28.159870147705078], [77.49529266357439, 28.145811080932617], [77.48986816406278, 28.144380569458008], [77.48725128173845, 28.14143180847168], [77.48796081542997, 28.138780593872184], [77.4984664916995, 28.135692596435547], [77.49964141845703, 28.127359390259073], [77.49939727783232, 28.122591018677042], [77.49137115478527, 28.11271095275879], [77.49324035644537, 28.108179092407227], [77.49373626709001, 28.102270126342887], [77.49230957031256, 28.098011016845817], [77.4901428222658, 28.095291137695256], [77.48602294921886, 28.097391128540153], [77.48278045654308, 28.107852935791072], [77.47823333740263, 28.107971191406477], [77.47479248046903, 28.104280471802042], [77.47306823730497, 28.103719711303768], [77.46887207031278, 28.086011886596737], [77.47001647949247, 28.083730697631893], [77.471733093262, 28.078750610351562], [77.47683715820318, 28.07331275939964], [77.48290252685547, 28.060710906982422], [77.48284912109375, 28.057649612426815], [77.47763824462902, 28.049100875854492], [77.4791107177735, 28.044162750244197], [77.48970794677729, 28.03932189941429], [77.49517059326178, 28.034299850464095], [77.49743652343756, 28.0306396484375], [77.50177001953142, 28.027379989624023], [77.50652313232439, 28.022340774536133], [77.50937652587908, 28.01772117614769], [77.51188659667986, 28.01025009155279], [77.52011108398443, 28.00654983520525], [77.5352172851563, 27.99333000183117], [77.53215026855474, 27.988849639892635], [77.52667999267607, 27.984020233154297], [77.51344299316412, 27.977439880371094], [77.50958251953142, 27.973331451416016], [77.51059722900396, 27.968208312988395], [77.51502990722685, 27.965480804443473], [77.52900695800781, 27.966249465942383], [77.5359191894533, 27.96554946899414], [77.53733825683605, 27.95776939392107], [77.53613281250006, 27.9493026733399], [77.53137207031256, 27.941818237304744], [77.5192108154298, 27.931880950927848], [77.51375579833984, 27.936340332031307], [77.5111694335938, 27.937421798706282], [77.50585937500011, 27.93614006042492], [77.4977798461914, 27.931411743164176], [77.49537658691418, 27.930770874023494], [77.49225616455084, 27.93180847167997], [77.49060058593761, 27.93394851684576], [77.48796081542997, 27.94145011901867], [77.48474884033197, 27.94391250610363], [77.47766113281278, 27.94021034240734], [77.46872711181635, 27.932910919189453], [77.46845245361334, 27.931880950927848], [77.47059631347685, 27.92789268493658], [77.47086334228533, 27.92061042785656], [77.47245025634771, 27.919200897216797], [77.47461700439482, 27.912061691284237], [77.47248840332043, 27.901201248168945], [77.46981811523449, 27.89472961425804], [77.45848846435547, 27.885299682617188], [77.44584655761719, 27.878408432006836], [77.44219970703153, 27.878480911254883], [77.43033599853527, 27.888841629028377], [77.42220306396484, 27.894479751587028], [77.41423034667986, 27.896520614624023], [77.41229248046892, 27.896158218383903], [77.41104125976568, 27.895019531249943], [77.40709686279325, 27.889129638671875], [77.40409088134783, 27.88661003112793], [77.40155029296903, 27.88190078735363], [77.40453338623053, 27.87582969665533], [77.40512847900396, 27.87174987792963], [77.4062957763673, 27.86967086791998], [77.41369628906256, 27.862600326538086], [77.41442108154314, 27.860691070556868], [77.41239166259771, 27.859071731567383], [77.40377807617193, 27.85824012756359], [77.392822265625, 27.85894966125494], [77.38208007812511, 27.863090515136776], [77.37388610839872, 27.86370277404808], [77.37001037597662, 27.863130569458235], [77.36483001709001, 27.860591888427678], [77.3526458740235, 27.856441497802905], [77.34406280517584, 27.85898971557623], [77.33933258056646, 27.85959053039545], [77.33265686035162, 27.854890823364315], [77.33120727539057, 27.852680206299055], [77.32924652099621, 27.851989746093807], [77.32406616210943, 27.84086990356451], [77.32733154296886, 27.837720870971793], [77.32211303710938, 27.834720611572322], [77.31719207763678, 27.83324050903326], [77.31292724609392, 27.830051422119425], [77.30632019042974, 27.832000732421932], [77.30481719970709, 27.831230163574446], [77.29915618896479, 27.8313827514649], [77.28888702392595, 27.829139709472713], [77.29062652587908, 27.81970977783203], [77.28970336914068, 27.817832946777344], [77.28347778320341, 27.815919876098633], [77.27934265136719, 27.811981201171932], [77.27707672119158, 27.806739807128906], [77.27577972412115, 27.806549072265625], [77.26748657226591, 27.811960220336914], [77.26249694824247, 27.816110610961914], [77.25805664062506, 27.80929946899414], [77.25699615478544, 27.805250167846737], [77.25284576416033, 27.797639846801758], [77.24794769287115, 27.79375076293968], [77.24088287353521, 27.790359497070312], [77.23455810546892, 27.78581047058117], [77.23174285888678, 27.785800933838175], [77.22724914550776, 27.7886581420899], [77.22870635986334, 27.79310035705572], [77.22685241699247, 27.796100616455362], [77.22215270996111, 27.797649383544865], [77.21684265136724, 27.79549980163597], [77.206771850586, 27.801059722900675], [77.2057113647461, 27.805480957031477], [77.20210266113298, 27.81257057189964], [77.19676208496111, 27.819440841674748], [77.19384765625028, 27.821939468383846], [77.18747711181646, 27.81504821777355], [77.1865997314456, 27.81048011779808], [77.18894195556658, 27.798429489135856], [77.17555999755854, 27.787221908569336], [77.16870117187494, 27.784900665283203], [77.16400909423834, 27.786911010742188], [77.16216278076183, 27.790590286255053], [77.16660308837885, 27.795919418335075], [77.169242858887, 27.800569534301985], [77.17814636230474, 27.802520751953125], [77.18044281005865, 27.80443191528343], [77.18065643310558, 27.808652877807674], [77.17587280273443, 27.81445121765148], [77.17237854003923, 27.81632041931158], [77.16108703613281, 27.81318855285656], [77.15666198730497, 27.813600540161417], [77.15209960937494, 27.815771102905387], [77.15061950683611, 27.815559387207088], [77.14972686767584, 27.812431335449162], [77.15354156494146, 27.802431106567383], [77.15329742431658, 27.797859191894588], [77.1514282226563, 27.79181098937994], [77.14727783203136, 27.78665924072294], [77.14142608642572, 27.786230087280558], [77.13535308837908, 27.783950805664176], [77.12652587890653, 27.776460647583008], [77.12520599365229, 27.776931762695597], [77.12467193603533, 27.784839630127067], [77.12210845947277, 27.78830909729004], [77.11997222900396, 27.789470672607422], [77.11741638183611, 27.790191650390682], [77.11476898193376, 27.789880752563704], [77.10748291015625, 27.78665924072294], [77.10263061523443, 27.78518104553251], [77.10116577148466, 27.78549194335949], [77.09362792968756, 27.789701461791992], [77.0802307128908, 27.800390243530273], [77.0766372680664, 27.801469802856445], [77.074272155762, 27.804351806640682], [77.07241058349626, 27.809520721435717], [77.06848144531256, 27.81157112121599], [77.06529235839872, 27.812580108642578], [77.05625152587896, 27.811460494995117], [77.05182647705095, 27.815160751343], [77.04682159423822, 27.818090438842887], [77.04514312744158, 27.816980361938533], [77.03827667236345, 27.820041656494197], [77.03504943847673, 27.81666183471691], [77.03539276123047, 27.814100265502873], [77.03457641601591, 27.81252288818382], [77.03038024902372, 27.811429977416935], [77.02398681640642, 27.798170089721907], [77.02304840087896, 27.787189483642578], [77.0197525024414, 27.780321121215877], [77.02066802978544, 27.77812004089361], [77.02276611328153, 27.777948379516545], [77.02408599853544, 27.777009963989258], [77.02672576904303, 27.77791023254406], [77.02841186523443, 27.780298233032227], [77.0394363403322, 27.774900436401595], [77.04692840576178, 27.767980575561523], [77.05010223388689, 27.76104164123535], [77.05422973632841, 27.761899948120117], [77.05603027343767, 27.764379501342773], [77.06181335449224, 27.765689849853572], [77.06733703613287, 27.76375961303711], [77.07070159912126, 27.758840560913086], [77.07118988037138, 27.75192260742199], [77.07253265380888, 27.749099731445256], [77.07840728759771, 27.742879867553768], [77.07943725585932, 27.74019050598139], [77.07921600341825, 27.738410949707145], [77.07797241210938, 27.73734092712425], [77.07113647460943, 27.735740661621207], [77.06572723388689, 27.732410430908146], [77.05944824218767, 27.731359481811523], [77.053207397461, 27.72785949707037], [77.05065917968767, 27.728111267089957], [77.0442733764649, 27.732240676879883], [77.04271697998053, 27.73590278625511], [77.04028320312511, 27.738359451294002], [77.03932189941418, 27.741590499878043], [77.03649902343778, 27.744621276855696], [77.03196716308611, 27.748411178588924], [77.02894592285173, 27.749370574951456], [77.0248565673831, 27.7471294403079], [77.0168075561524, 27.747760772705135], [77.01140594482422, 27.74651908874523], [77.00502014160185, 27.739139556884936], [77.00337219238298, 27.738550186157283], [77.00099182128918, 27.738519668579272], [76.99437713623047, 27.74204254150385], [76.99353790283209, 27.741701126098746], [76.99135589599626, 27.73642921447754], [76.98912811279303, 27.73377990722662], [76.98744964599621, 27.72928047180187], [76.98277282714861, 27.7185001373291], [76.97910308837885, 27.706159591674805], [76.9760818481447, 27.692850112915153], [76.973129272461, 27.68042182922369], [76.9722976684572, 27.672870635986442], [76.97033691406244, 27.665451049804744], [76.97049713134794, 27.65714263916027], [76.96022796630854, 27.662420272827262], [76.95153808593756, 27.66625022888195], [76.94478607177734, 27.670570373535327], [76.93844604492216, 27.673669815063647], [76.93419647216803, 27.675100326538256], [76.93028259277338, 27.67170906066889], [76.92684173583979, 27.665430068969727], [76.92385101318376, 27.660730361938533], [76.91899108886747, 27.66148185729992], [76.91382598876964, 27.65960121154808], [76.909477233887, 27.656801223754996], [76.90540313720709, 27.655969619751033], [76.9026260375976, 27.658519744873274], [76.9005279541015, 27.66344070434576], [76.9000930786134, 27.668039321899528], [76.89715576171875, 27.67243003845232], [76.89322662353527, 27.6768798828125], [76.89164733886724, 27.679889678955135], [76.89401245117216, 27.68333053588873], [76.8967361450197, 27.685960769653434], [76.8947372436524, 27.689659118652344], [76.88862609863287, 27.692840576171818], [76.88311767578136, 27.695499420166072], [76.88092041015642, 27.69936943054222], [76.8828430175783, 27.703371047973576], [76.8880233764649, 27.701679229736442], [76.89350891113298, 27.698261260986442], [76.90030670166044, 27.694629669189737], [76.90600585937511, 27.695840835571516], [76.9103622436524, 27.696649551391715], [76.91456604003912, 27.700820922851676], [76.91220092773455, 27.706100463867415], [76.90830993652372, 27.712089538574332], [76.9027862548831, 27.71644020080589], [76.89539337158203, 27.718509674072266], [76.88854217529314, 27.71955108642578], [76.88334655761747, 27.724422454833984], [76.88407897949247, 27.730909347534293], [76.88786315917974, 27.737211227417276], [76.89060974121088, 27.742019653320426], [76.89140319824236, 27.761190414428768], [76.89232635498041, 27.772031784057674], [76.89363861084013, 27.779251098632812], [76.89560699462908, 27.78614044189453], [76.89865112304705, 27.791080474853743], [76.90392303466825, 27.794889450073242], [76.90280151367216, 27.801280975341797], [76.90660095214872, 27.80765914917015], [76.90524291992199, 27.81255912780773], [76.90038299560564, 27.821149826049748], [76.90106964111357, 27.825418472290153], [76.90377807617188, 27.832660675049055], [76.90788269042974, 27.83591842651373], [76.9149932861331, 27.834619522094727], [76.92193603515642, 27.831830978393498], [76.92664337158232, 27.83422088623064], [76.92809295654303, 27.84398078918457], [76.9299087524414, 27.855230331420955], [76.92829895019537, 27.867130279541016], [76.92478179931658, 27.876791000366325], [76.92610931396501, 27.888370513916072], [76.9260864257812, 27.894420623779354], [76.93817901611334, 27.895990371704215], [76.93673706054716, 27.90754127502447], [76.93881988525419, 27.919029235840128], [76.9299392700197, 27.921360015869197], [76.92127990722685, 27.92105293273943], [76.91909790039068, 27.92486000061035], [76.9190902709961, 27.94082069397001], [76.91954040527355, 27.952831268310604], [76.92276763916021, 27.965770721435604], [76.92492675781278, 27.978361129760742], [76.92231750488298, 27.98582839965826], [76.91864776611322, 27.997610092163086], [76.92163085937506, 28.005689620971907], [76.92658233642584, 28.01250076293951], [76.93074035644537, 28.030500411987532], [76.93186187744158, 28.04202270507824], [76.93364715576178, 28.04813003540056], [76.93802642822271, 28.059610366821403], [76.94252777099626, 28.066820144653548], [76.9465560913086, 28.0713405609132], [76.94806671142595, 28.07867050170904], [76.95107269287104, 28.096088409423942], [76.95551300048845, 28.11174964904785], [76.95582580566435, 28.12371826171875], [76.96176147460938, 28.144010543823356], [76.95654296875011, 28.14600944519043], [76.94174194335938, 28.148700714111555], [76.94052886962902, 28.150920867919922], [76.94156646728533, 28.155170440673885], [76.93781280517584, 28.155349731445597], [76.92753601074224, 28.158912658691634], [76.92105102539068, 28.162250518799055], [76.9120483398438, 28.171859741210994], [76.89913940429699, 28.179321289062727], [76.89009094238298, 28.187828063964844], [76.88404846191412, 28.191659927368107], [76.88387298583996, 28.19473075866705], [76.88574218750006, 28.196741104126033], [76.89984893798834, 28.20476913452171], [76.8966827392581, 28.20763015747093], [76.88668823242193, 28.21049118042015], [76.8792572021485, 28.210380554199276], [76.86618041992216, 28.211521148681925], [76.86580657958979, 28.217958450317667], [76.8636322021485, 28.224639892578125], [76.8577270507813, 28.223171234130803], [76.85433959960966, 28.22524070739769], [76.85048675537115, 28.22666931152355], [76.83342742919939, 28.224849700927848], [76.82724761962919, 28.217491149902457], [76.82382965087919, 28.214700698852653], [76.81896209716803, 28.214691162109318], [76.813232421875, 28.21631240844721], [76.80580902099615, 28.215890884399414], [76.80136871337908, 28.211601257324332], [76.80246734619169, 28.204631805420036], [76.80560302734375, 28.200380325317496], [76.80261230468756, 28.196071624756144], [76.79788970947294, 28.19437980651867], [76.79384613037121, 28.19955062866211], [76.79309844970732, 28.198329925537223], [76.79025268554716, 28.193759918213004], [76.79225921630865, 28.18292045593273], [76.79228973388678, 28.175661087036133], [76.79614257812511, 28.170480728149357], [76.79148864746094, 28.157241821289176], [76.78306579589861, 28.155679702758846], [76.77294158935547, 28.15142059326172], [76.7621688842774, 28.15002059936529], [76.75508117675787, 28.146610260009993], [76.73912811279325, 28.129039764404354], [76.73295593261724, 28.12857246398943], [76.73159790039062, 28.128450393676815], [76.7200469970706, 28.131530761718693], [76.70996093750028, 28.13236045837408], [76.70899200439482, 28.1313800811767], [76.70543670654314, 28.12772750854515], [76.6987609863283, 28.11571121215843], [76.69494628906267, 28.115299224853572], [76.6902465820313, 28.114789962768782], [76.68949890136724, 28.113500595092887], [76.68564605712896, 28.106880187988395], [76.68218231201189, 28.097770690917912], [76.6779098510745, 28.0978107452392], [76.66393280029303, 28.09785079956066], [76.65798950195318, 28.099071502685547], [76.65122985839838, 28.096759796142578], [76.64785003662126, 28.092210769653377], [76.64697265625006, 28.08510971069336], [76.64804077148455, 28.079080581665153], [76.64792633056646, 28.06767082214361], [76.64892578125028, 28.061710357666072], [76.65162658691406, 28.055482864379883], [76.65099334716808, 28.044460296630803], [76.65341949462896, 28.039920806884766], [76.65962219238276, 28.033670425415153], [76.6614608764649, 28.0293025970459], [76.66240692138678, 28.022941589355582], [76.66007232666016, 28.01905059814453], [76.65455627441412, 28.01556968688965], [76.64671325683611, 28.01262092590332], [76.63687896728527, 28.01066017150879], [76.62534332275408, 28.010469436645508], [76.615966796875, 28.01128959655773], [76.60389709472685, 28.01079177856468], [76.59896850585932, 28.00984001159685], [76.59523773193365, 28.006149291992244], [76.59175872802751, 28.003658294677734], [76.58381652832037, 28.00031089782715], [76.57727050781267, 27.99487113952648], [76.57382965087908, 27.9890193939209], [76.56749725341791, 27.983579635620345], [76.55979156494146, 27.981782913208065], [76.55343627929705, 27.975030899048022], [76.5465927124024, 27.971370697021598], [76.53819274902344, 27.97054100036621], [76.53350067138683, 27.97372817993164], [76.53103637695341, 27.979328155517805], [76.53193664550787, 27.98570060729992], [76.53553771972662, 27.993061065674055], [76.53640747070307, 28.004730224609375], [76.53845214843761, 28.005371093750227], [76.53774261474604, 28.007511138916016], [76.53861999511724, 28.012060165405558], [76.53855133056658, 28.01670074462885], [76.53553009033209, 28.025711059570312], [76.53852081298828, 28.039119720458928], [76.53124237060575, 28.043111801147575], [76.52585601806646, 28.04544830322277], [76.51859283447271, 28.038961410522575], [76.5114059448245, 28.03536033630371], [76.50522613525396, 28.03503036499046], [76.499496459961, 28.036359786987305], [76.49848937988298, 28.040180206299055], [76.49604797363287, 28.04364013671875], [76.4922180175783, 28.04709815979004], [76.48307037353516, 28.04632949829113], [76.47570800781261, 28.044059753418026], [76.4617004394533, 28.04457283020031], [76.45574188232422, 28.04648017883312], [76.45372772216803, 28.049669265747298], [76.45403289794922, 28.055072784423885], [76.45797729492216, 28.06197166442894], [76.4712982177735, 28.06110954284668], [76.48381805419939, 28.058280944824162], [76.48957824707037, 28.059240341186694], [76.49453735351568, 28.061071395874137], [76.49765777587919, 28.06473159790039], [76.49537658691435, 28.06764030456543], [76.48590087890642, 28.075120925903263], [76.46988677978533, 28.08632087707531], [76.46360778808611, 28.084068298339844], [76.45881652832048, 28.085000991821403], [76.45343017578153, 28.087789535522575], [76.4485702514649, 28.09317016601591], [76.45121765136719, 28.09766006469738], [76.45390319824224, 28.10589027404785], [76.4568862915039, 28.110389709472656], [76.46092987060564, 28.111900329589844], [76.46623229980469, 28.11297035217291], [76.4725418090822, 28.11271095275879], [76.47728729248041, 28.10598945617687], [76.4887466430664, 28.104730606079272], [76.49780273437506, 28.106620788574276], [76.49729156494169, 28.11597824096674], [76.49809265136719, 28.12253952026373], [76.48689270019537, 28.12281036376953], [76.4857406616211, 28.12812042236328], [76.48972320556658, 28.13367843627941], [76.48509216308622, 28.134901046753043], [76.48329162597662, 28.134847640991268], [76.47722625732433, 28.134670257568303], [76.47319030761724, 28.13573074340843], [76.46996307373053, 28.138500213623047], [76.47233581542969, 28.149600982666186], [76.47099304199213, 28.154741287231502], [76.46517944335943, 28.15561103820795], [76.46109008789062, 28.152370452880973], [76.45604705810553, 28.15142822265625], [76.43712615966803, 28.152151107788143], [76.43135833740251, 28.14757156372076], [76.42729187011747, 28.145940780639762], [76.4122467041015, 28.147478103637752], [76.39704132080095, 28.147792816162223], [76.39302825927751, 28.141050338745117], [76.3885116577149, 28.13952064514166], [76.384033203125, 28.139860153198356], [76.3767700195312, 28.138071060180664], [76.35983276367205, 28.1433811187747], [76.357406616211, 28.147851943969727], [76.355972290039, 28.159780502319393], [76.35324859619152, 28.166191101074332], [76.34259796142607, 28.173931121826286], [76.33590698242216, 28.177341461181754], [76.32595825195318, 28.17743110656744], [76.30871582031267, 28.183361053466967], [76.30496215820318, 28.18386077880865], [76.29802703857439, 28.182870864868278], [76.28885650634766, 28.182672500610636], [76.27906799316435, 28.178720474243164], [76.2767868041995, 28.172760009765625], [76.27818298339861, 28.16857147216797], [76.29300689697294, 28.16527938842779], [76.29852294921903, 28.162548065185547], [76.29846954345709, 28.159448623657227], [76.29506683349615, 28.157051086425895], [76.29590606689453, 28.15467071533203], [76.3015594482423, 28.1510009765625], [76.3082122802735, 28.150880813598633], [76.31111907959013, 28.15467071533203], [76.31732940673834, 28.15306091308622], [76.32274627685575, 28.149217605591048], [76.33100891113281, 28.138969421386662], [76.33759307861334, 28.134847640991268], [76.34321594238281, 28.13277053833002], [76.34934234619158, 28.132150650024357], [76.35560607910156, 28.128450393676815], [76.34350585937506, 28.113218307495288], [76.33954620361357, 28.109699249267578], [76.33188629150402, 28.106718063354492], [76.31417846679716, 28.11212921142578], [76.30802917480474, 28.11128044128418], [76.30132293701178, 28.106201171875], [76.29740142822294, 28.10104942321783], [76.30716705322266, 28.09645271301281], [76.31344604492182, 28.09467124938959], [76.32054901123064, 28.09431266784668], [76.32488250732416, 28.092159271240234], [76.3287963867188, 28.087760925293196], [76.33126831054693, 28.081649780273665], [76.33213806152338, 28.076789855956974], [76.33734893798828, 28.073060989379883], [76.3443679809572, 28.073869705200252], [76.35048675537126, 28.075780868530217], [76.35459899902372, 28.07420158386242], [76.35328674316435, 28.065572738647518], [76.34591674804705, 28.045789718628043], [76.3412628173831, 28.03605079650879], [76.33679962158209, 28.029661178588867], [76.32995605468756, 28.02487945556652], [76.32367706298834, 28.023841857910213], [76.31659698486334, 28.0209903717041], [76.29715728759771, 28.025960922241325], [76.29012298583996, 28.02989959716797], [76.2881164550783, 28.04204940795904], [76.29007720947271, 28.04911041259794], [76.28202819824236, 28.058929443359432], [76.2717895507813, 28.06638908386242], [76.26492309570318, 28.068740844726676], [76.25109863281267, 28.070920944214095], [76.24356842041021, 28.06893920898449], [76.23336791992205, 28.05642127990717], [76.22593688964861, 28.055189132690373], [76.20833587646513, 28.055561065673828], [76.20363616943376, 28.05952072143549], [76.19991302490263, 28.06075096130371], [76.19284820556652, 28.05981063842796], [76.17733764648443, 28.059259414672965], [76.17545318603521, 28.054250717163086], [76.17688751220703, 28.048959732055778], [76.18318176269531, 28.043020248413086], [76.19342803955107, 28.035230636596737], [76.19818115234386, 28.034948348999308], [76.20416259765625, 28.04224967956543], [76.21356201171875, 28.040180206299055], [76.21382904052746, 28.03168106079096], [76.20346069335943, 28.03036117553711], [76.20038604736345, 28.025671005249194], [76.19587707519537, 28.021738052368164], [76.19068145751959, 28.021419525146484], [76.183891296387, 28.023540496826172], [76.17955780029297, 28.023292541504134], [76.17426300048845, 28.021909713745345], [76.16938781738293, 28.01685905456543], [76.15872192382841, 28.004550933838004], [76.15493774414057, 27.9989910125733], [76.1538696289063, 27.992530822754077], [76.16246795654303, 27.98830986022955], [76.16098022460943, 27.980100631713867], [76.16703796386724, 27.979152679443416], [76.1742172241211, 27.97521018981945], [76.17946624755865, 27.972841262817496], [76.1781768798831, 27.96747016906744], [76.17629241943388, 27.96105957031267], [76.17693328857439, 27.955060958862305], [76.1763687133789, 27.948310852050838], [76.17476654052763, 27.941249847412394], [76.17037200927763, 27.93329048156744], [76.16765594482428, 27.92835044860834], [76.1660766601563, 27.920989990234375], [76.16645812988287, 27.915069580078125], [76.16974639892584, 27.90974998474144], [76.17516326904291, 27.907100677490348], [76.1826171875, 27.905071258544922], [76.19095611572294, 27.902690887451286], [76.19863891601562, 27.898990631103516], [76.2001266479495, 27.89231109619152], [76.19975280761747, 27.88809967041027], [76.19444274902344, 27.88394165039074], [76.19032287597662, 27.88157844543457], [76.18901062011724, 27.876369476318473], [76.19135284423857, 27.869428634643555], [76.19310760498047, 27.86391258239746], [76.19895172119152, 27.8596706390382], [76.20507049560575, 27.855520248413086], [76.20594787597662, 27.847990036010856], [76.2106323242187, 27.84481811523449], [76.22328186035173, 27.840930938720817], [76.2138061523438, 27.832588195800895], [76.20773315429716, 27.8284912109375], [76.20054626464844, 27.828910827636776], [76.19412994384771, 27.831211090087834], [76.19040679931669, 27.826761245727823], [76.18624114990234, 27.819049835205078], [76.18041992187506, 27.812410354614315], [76.17292022705095, 27.807460784912166], [76.16734313964838, 27.80914115905756], [76.16284179687506, 27.814840316772745], [76.15319061279325, 27.82129287719721], [76.14267730712902, 27.827831268310717], [76.1277694702149, 27.83320045471197], [76.128227233887, 27.83784103393566], [76.12845611572283, 27.846921920776367], [76.12213897705072, 27.854400634765625], [76.11258697509794, 27.858581542968693], [76.10334777832037, 27.86237907409668], [76.09577178955107, 27.864799499511946], [76.08806610107428, 27.868448257446346], [76.08563995361334, 27.865222930908203], [76.08476257324219, 27.856389999389762], [76.08009338378912, 27.851070404052734], [76.06002807617193, 27.85717964172369], [76.05478668212919, 27.85182189941429], [76.04962921142607, 27.847860336303654], [76.04368591308605, 27.848850250244197], [76.03839874267572, 27.852500915527344], [76.0338363647461, 27.85418128967291], [76.0296173095706, 27.853889465332088], [76.02079010009771, 27.857521057128963], [76.00930786132818, 27.86260986328125], [76.00524902343767, 27.857440948486555], [75.99662017822294, 27.86016845703125], [75.99447631835949, 27.860919952392692], [75.98427581787126, 27.86286926269537], [75.97544860839872, 27.864629745483512], [75.96308135986328, 27.864730834960938], [75.96425628662126, 27.871509552002124], [75.97345733642584, 27.877452850341854], [75.9728012084961, 27.88537979125971], [75.97518920898443, 27.893091201782283], [75.96724700927763, 27.89931106567377], [75.97738647460938, 27.909259796142578], [75.96753692626959, 27.91537094116211], [75.95588684082037, 27.91954994201666], [75.94174957275408, 27.919080734252987], [75.92883300781256, 27.91680908203142], [75.92877960205095, 27.926481246948242], [75.92362213134783, 27.933090209960994], [75.92858886718767, 27.94174957275385], [75.9385070800783, 27.95109176635765], [75.94169616699213, 27.946340560913086], [75.9446105957033, 27.940088272094727], [75.95394897460955, 27.939439773559627], [75.96317291259771, 27.936950683593864], [75.97319793701189, 27.95800018310547], [75.96833038330084, 27.96231079101574], [75.97384643554693, 27.969938278198242], [75.98182678222662, 27.978311538696346], [75.98647308349621, 27.981109619140682], [75.98690795898432, 27.984630584716797], [75.98207855224621, 27.98698043823248], [75.97316741943354, 27.983961105346907], [75.9656600952149, 27.986570358276538], [75.95546722412126, 27.988639831543082], [75.95527648925798, 27.994180679321346], [75.9563980102539, 28.001020431518498], [75.96051788330084, 28.002099990844727], [75.96452331542974, 28.00266075134283], [75.96687316894526, 28.00222969055187], [75.97226715087908, 28.00134086608898], [75.9798889160158, 28.001451492309684], [75.98911285400396, 28.00432968139654], [75.99053955078125, 28.010171890259016], [75.98581695556658, 28.014749526977766], [75.97915649414068, 28.015459060668945], [75.97267913818365, 28.018140792846793], [75.97083282470714, 28.023750305175895], [75.96998596191423, 28.030948638916016], [75.97435760498064, 28.03693962097168], [75.98050689697271, 28.038709640502987], [75.99105072021496, 28.03991127014166], [76.01007843017584, 28.036710739135742], [76.01088714599621, 28.047040939331055], [76.00995635986357, 28.049909591674805], [76.00535583496105, 28.054531097412223], [76.01667022705078, 28.056110382080078], [76.02229309082037, 28.06230926513672], [76.03311920166033, 28.06865119934082], [76.035629272461, 28.073980331421126], [76.03420257568354, 28.0799503326416], [76.03121185302751, 28.083892822265796], [76.01564788818371, 28.088851928711108], [76.01486206054693, 28.081079483032397], [76.01242828369169, 28.076351165771484], [76.00192260742199, 28.06073188781761], [75.99762725830095, 28.05746841430664], [75.99106597900419, 28.05645179748535], [75.98455047607428, 28.050741195678825], [75.97740936279314, 28.052200317382812], [75.97458648681646, 28.05705070495617], [75.98763275146513, 28.07058906555193], [75.98206329345709, 28.08022117614763], [75.97706604003912, 28.084180831909123], [75.958969116211, 28.084060668945312], [75.93608856201178, 28.093530654907454], [75.94249725341814, 28.105630874633732], [75.94740295410185, 28.109689712524585], [75.95749664306669, 28.11555099487316], [75.96761322021513, 28.119390487670955], [75.97706604003912, 28.12720108032238], [75.9911117553711, 28.128179550171012], [75.99429321289074, 28.131111145019645], [75.99571990966814, 28.13532066345215], [75.99466705322277, 28.150600433349837], [75.99975585937506, 28.156440734863338], [76.00602722167986, 28.156562805175952], [76.01119995117193, 28.157672882080305], [76.0161972045899, 28.161079406738395], [76.02774810791033, 28.172721862792912], [76.06072998046875, 28.16998100280773], [76.06635284423834, 28.16777038574213], [76.06540679931646, 28.155649185180664], [76.06366729736334, 28.149890899658317], [76.06505584716808, 28.144470214843864], [76.0749130249024, 28.14195060730009], [76.08319854736357, 28.142250061035156], [76.0879364013673, 28.14353942871088], [76.09179687500028, 28.14641952514671], [76.09287261962896, 28.151620864868164], [76.09288787841803, 28.155218124389705], [76.08042907714844, 28.168109893798828], [76.07480621337919, 28.17242813110363], [76.07157135009794, 28.179229736328125], [76.06929779052729, 28.194250106811523], [76.0656127929688, 28.198949813842887], [76.05665588378918, 28.20123100280773], [76.04506683349638, 28.202930450439567], [76.04382324218756, 28.2054901123048], [76.04975128173834, 28.209831237793196], [76.05227661132824, 28.214439392089957], [76.05300903320318, 28.224229812622184], [76.03634643554705, 28.227109909057674], [76.02577972412138, 28.235919952392692], [76.01119232177734, 28.241750717163086], [76.00740051269537, 28.253152847290096], [76.01872253417997, 28.280958175659293], [75.99124145507824, 28.29519081115734], [75.98657226562517, 28.295890808105582], [75.97933197021501, 28.306331634521428], [75.9747085571289, 28.31586074829113], [75.96762847900419, 28.324092864990234], [75.95466613769526, 28.318531036377067], [75.9544906616211, 28.32870864868164], [75.951431274414, 28.333499908447322], [75.95659637451172, 28.33558082580589], [75.95630645751959, 28.338371276855526], [75.92740631103516, 28.345100402832145], [75.92840576171892, 28.356019973754996], [75.92498016357422, 28.364698410034293], [75.92237854003918, 28.368909835815543], [75.90467071533232, 28.376060485839844], [75.89713287353516, 28.380081176757812], [75.89686584472685, 28.389999389648438], [75.88922882080107, 28.393659591675032], [75.88353729248047, 28.39199066162132], [75.8831558227539, 28.386699676513672], [75.87213134765642, 28.390850067138672], [75.84120178222656, 28.397279739379883], [75.83508300781244, 28.397701263427678], [75.82823944091814, 28.409072875976562], [75.81813812255876, 28.405889511108512], [75.81671142578136, 28.41150093078619], [75.80258941650396, 28.41422843933111], [75.79405212402372, 28.4098796844483], [75.78759002685541, 28.404441833496207], [75.78256225585943, 28.40723037719721], [75.77031707763678, 28.407619476318303], [75.76544952392607, 28.42078018188471], [75.77683258056646, 28.430471420288313], [75.78513336181658, 28.439210891723917], [75.78515625000017, 28.450740814208984], [75.77822875976591, 28.457611083984432], [75.74713897705107, 28.469379425048942], [75.73500061035173, 28.472640991210994], [75.73654937744146, 28.487201690674], [75.72395324707037, 28.491292953491268], [75.70069122314459, 28.495330810546932], [75.69007873535185, 28.499099731445312], [75.67109680175798, 28.5169296264649], [75.66393280029308, 28.520860671997013], [75.66548919677763, 28.533279418945312], [75.66333007812506, 28.536111831665153], [75.65355682373064, 28.54057121276867], [75.6435165405274, 28.54290962219261], [75.63665008544928, 28.54751014709484], [75.62909698486328, 28.545970916748104], [75.62525939941435, 28.558509826660213], [75.61904907226568, 28.588729858398438], [75.62001800537115, 28.599229812622184], [75.6180496215822, 28.602209091186467], [75.6093368530274, 28.60588073730463], [75.58495330810553, 28.606380462646484], [75.57699584960966, 28.616670608520508], [75.55570983886736, 28.614591598511026], [75.54901123046892, 28.643121719360295], [75.53956604003912, 28.648870468139705], [75.5407180786134, 28.6552791595459], [75.53793334960938, 28.661289215087834], [75.53980255126982, 28.67601966857916], [75.53663635253923, 28.68217086791998], [75.53547668457048, 28.688390731811637], [75.53148651123064, 28.7172908782959], [75.53093719482428, 28.73282051086443], [75.52603149414074, 28.742919921875057], [75.52892303466825, 28.750280380249023], [75.52195739746094, 28.756151199341048], [75.51608276367193, 28.772228240966854], [75.50502777099615, 28.78279113769554], [75.49854278564459, 28.787660598754996], [75.50392150878935, 28.796739578247127], [75.50312042236334, 28.809289932250977], [75.50878906250017, 28.815290451049805], [75.51336669921892, 28.836589813232422], [75.51049804687517, 28.84342002868658], [75.50267791748064, 28.845979690551985], [75.49915313720732, 28.8503608703615], [75.49771881103533, 28.856189727783317], [75.48799133300798, 28.859649658203182], [75.48842620849615, 28.89831924438488], [75.48462677001959, 28.901660919189453], [75.46707916259771, 28.926250457763672], [75.46888732910156, 28.937990188598746], [75.49756622314459, 28.941488265991325], [75.50354766845732, 28.95182037353527], [75.50293731689459, 28.96148109436035], [75.50891876220697, 28.965738296508846], [75.51651763916044, 28.975389480590763], [75.51525115966814, 28.9910507202149], [75.51113891601568, 29.003320693969783], [75.51107025146501, 29.004140853882006], [75.51110076904303, 29.010829925537337], [75.50511932373047, 29.015150070190373], [75.483627319336, 29.018850326538143], [75.47342681884794, 29.020200729370174], [75.4586791992188, 29.020151138305778], [75.43473815917969, 29.016540527343693], [75.4326400756836, 29.022069931030444], [75.44055938720709, 29.04152107238781], [75.4375, 29.050479888916072], [75.42975616455107, 29.05617904663086], [75.4302597045899, 29.06472015380865], [75.39025115966825, 29.068229675292912], [75.38065338134771, 29.070320129394474], [75.3821868896485, 29.083599090576172], [75.38138580322266, 29.089670181274414], [75.38315582275396, 29.095371246338004], [75.3813018798831, 29.102569580078125], [75.38069915771496, 29.11071968078636], [75.391342163086, 29.11931991577154], [75.39620971679688, 29.128440856933707], [75.38508605957043, 29.134160995483512], [75.37380981445318, 29.137060165405273], [75.36115264892595, 29.14262008667015], [75.36763000488298, 29.15042114257824], [75.36895751953142, 29.16995811462408], [75.3784561157226, 29.171520233154297], [75.38857269287104, 29.170700073242358], [75.39438629150396, 29.174270629882756], [75.40065002441406, 29.18890953063959], [75.39985656738298, 29.201482772827433], [75.39646148681646, 29.213420867920036], [75.3922958374024, 29.218070983886776], [75.3861160278322, 29.221242904663313], [75.38729858398438, 29.22904014587408], [75.39366149902355, 29.23423957824707], [75.39936828613287, 29.240270614624194], [75.39968109130876, 29.246778488159237], [75.39868927001953, 29.254989624023438], [75.39570617675787, 29.261940002441463], [75.38797760009794, 29.264352798461857], [75.37954711914074, 29.263931274414062], [75.37246704101568, 29.260030746460075], [75.35797882080084, 29.25461006164562], [75.35016632080084, 29.247381210327376], [75.34719848632812, 29.230119705200423], [75.34530639648455, 29.22616004943859], [75.3345413208009, 29.228830337524528], [75.31492614746122, 29.235960006713924], [75.32318115234392, 29.251750946045036], [75.32537078857428, 29.27831077575695], [75.32424926757841, 29.290189743041935], [75.31926727294928, 29.293439865112248], [75.308578491211, 29.288917541503906], [75.29969024658197, 29.28198051452648], [75.28968811035162, 29.277700424194563], [75.27937316894537, 29.27682113647461], [75.2767181396485, 29.27345085144043], [75.27172851562506, 29.254369735717773], [75.24946594238293, 29.256460189819336], [75.2352294921875, 29.251939773559684], [75.22345733642578, 29.234951019287166], [75.21195983886719, 29.234529495239315], [75.19531250000028, 29.244220733642578], [75.18850708007812, 29.25863075256342], [75.1799926757813, 29.268619537353516], [75.16401672363293, 29.26437950134283], [75.1608200073245, 29.25374984741211], [75.147476196289, 29.24584960937517], [75.12467193603521, 29.24496078491211], [75.11374664306658, 29.242900848388672], [75.10817718505888, 29.22677040100092], [75.09250640869169, 29.22911262512224], [75.07807922363298, 29.232450485229663], [75.0627059936524, 29.238920211791992], [75.06532287597673, 29.24661064147972], [75.06062316894537, 29.25331115722662], [75.05094146728544, 29.263711929321346], [75.05066680908209, 29.26888084411638], [75.0504760742188, 29.272399902343807], [75.0399169921875, 29.287149429321516], [75.0238571166995, 29.29153060913103], [75.00586700439459, 29.283809661865348], [74.9910430908206, 29.27174949645996], [74.9829177856447, 29.278261184692496], [74.97690582275402, 29.281118392944393], [74.96806335449219, 29.282440185546875], [74.95996093750028, 29.2801513671875], [74.95310974121122, 29.28194046020502], [74.94753265380871, 29.288158416748274], [74.9425659179688, 29.295181274414347], [74.94010925292997, 29.304819107055664], [74.94584655761747, 29.311027526855412], [74.95056915283209, 29.31851005554205], [74.95096588134777, 29.32607078552246], [74.94608306884766, 29.332809448242188], [74.93592071533232, 29.337949752807674], [74.92714691162138, 29.364639282226562], [74.92196655273443, 29.36603164672863], [74.91021728515625, 29.371152877807674], [74.89907073974615, 29.378219604492358], [74.89530944824247, 29.384109497070312], [74.88848114013672, 29.386671066284293], [74.87058258056658, 29.385112762451456], [74.86656951904314, 29.38846015930187], [74.86393737792974, 29.396350860595817], [74.85719299316406, 29.39937019348173], [74.84951782226591, 29.402790069580305], [74.84113311767607, 29.404069900512923], [74.83510589599626, 29.401479721069393], [74.80954742431658, 29.398479461669865], [74.7987823486331, 29.384651184081974], [74.78578186035162, 29.37054061889671], [74.77591705322294, 29.36015129089367], [74.75663757324247, 29.355960845947266], [74.73169708251953, 29.35378837585455], [74.72255706787126, 29.360849380493278], [74.71688842773443, 29.366359710693587], [74.71124267578153, 29.368909835815543], [74.6886825561524, 29.365159988403548], [74.67601776123064, 29.36817169189476], [74.65851593017584, 29.369979858398438], [74.65017700195324, 29.37236976623535], [74.64370727539091, 29.354400634765682], [74.64412689208979, 29.335348129272575], [74.64182281494169, 29.331199645996207], [74.60603332519548, 29.327579498291186], [74.59577941894537, 29.328311920166016], [74.60003662109403, 29.35433006286638], [74.59671783447271, 29.36219024658203], [74.59053802490229, 29.370670318603516], [74.57978057861334, 29.378730773925895], [74.57289886474615, 29.38644981384283], [74.56909942626959, 29.397300720214844], [74.5700302124024, 29.40615844726574], [74.56439971923822, 29.41077995300293], [74.55780792236334, 29.418630599975643], [74.55216979980497, 29.42240142822294], [74.54113769531244, 29.423149108886832], [74.53129577636724, 29.424980163574276], [74.52955627441423, 29.434999465942496], [74.529106140137, 29.449539184570312], [74.530746459961, 29.45754814147955], [74.53462982177763, 29.465032577514705], [74.54280853271513, 29.466569900512695], [74.5503768920899, 29.464479446411303], [74.55947113037126, 29.464370727539176], [74.57170867919939, 29.46230125427246], [74.57891082763672, 29.45862007141136], [74.58042144775385, 29.463499069213924], [74.58553314209013, 29.46898269653326], [74.59156036376959, 29.47985076904297], [74.59030914306669, 29.48612976074213], [74.5926589965822, 29.492122650146598], [74.60074615478521, 29.503549575805664], [74.60452270507812, 29.51044082641596], [74.61168670654325, 29.520008087158203], [74.61440277099626, 29.527111053466854], [74.61142730712896, 29.5314998626709], [74.59948730468778, 29.536869049072493], [74.59117889404303, 29.543420791625977], [74.58178710937517, 29.547689437866154], [74.57174682617193, 29.555580139160156], [74.5665359497072, 29.56349945068365], [74.57060241699224, 29.568540573120117], [74.57028198242216, 29.585918426513786], [74.57467651367216, 29.614410400390852], [74.57699584960932, 29.620822906494254], [74.57536315917974, 29.627321243286076], [74.58127593994146, 29.630540847778605], [74.58603668212896, 29.6352596282959], [74.58203887939459, 29.644069671631087], [74.57852172851557, 29.654752731323242], [74.58513641357433, 29.675029754638956], [74.59085083007818, 29.682720184326172], [74.59387207031256, 29.691432952881144], [74.59287261962908, 29.700719833374023], [74.59902954101568, 29.706211090087947], [74.60037994384771, 29.713108062744368], [74.60347747802763, 29.72142982482916], [74.60161590576172, 29.74066925048851], [74.60598754882807, 29.746650695801065], [74.6054000854495, 29.752880096435547], [74.59751129150396, 29.75797080993675], [74.59253692626959, 29.76671981811529], [74.58663940429693, 29.768510818481616], [74.57816314697283, 29.766960144043026], [74.5713958740235, 29.753248214721793], [74.5640258789062, 29.754610061645565], [74.549331665039, 29.754800796508846], [74.53778839111334, 29.753860473632926], [74.53185272216797, 29.74934959411621], [74.5258331298831, 29.74136924743658], [74.51155853271513, 29.740682601928825], [74.49680328369146, 29.741821289062727], [74.48319244384783, 29.744029998779354], [74.47200012207037, 29.744029998779354], [74.46911621093756, 29.758239746093807], [74.46526336669939, 29.787549972534407], [74.47056579589838, 29.802000045776367], [74.48060607910162, 29.815250396728516], [74.49166870117193, 29.826509475708008], [74.5058898925783, 29.832580566406307], [74.53253173828153, 29.83928108215332], [74.54747009277361, 29.856920242309684], [74.55356597900408, 29.865640640259016], [74.55179595947294, 29.873519897460938], [74.54521942138678, 29.880729675293082], [74.54345703125017, 29.888719558716048], [74.53369140624994, 29.902620315551815], [74.5255126953125, 29.902561187744254], [74.51091003417974, 29.9042911529541], [74.50502777099621, 29.907760620117415], [74.51278686523443, 29.930038452148494], [74.51906585693376, 29.943349838256893], [74.524642944336, 29.951560974121094], [74.53024291992216, 29.944971084594783], [74.54901885986328, 29.933162689209155], [74.55200195312494, 29.929229736328125], [74.56183624267584, 29.929309844970703], [74.5729522705081, 29.925888061523494], [74.58084869384783, 29.918302536010742], [74.58580017089861, 29.914760589599723], [74.62201690673828, 29.907779693603516], [74.62638854980463, 29.90600967407255], [74.6326370239259, 29.90566253662132], [74.639633178711, 29.903949737548828], [74.64697265625028, 29.904670715332088], [74.63886260986334, 29.914449691772745], [74.63986206054693, 29.9224910736084], [74.64892578125017, 29.93092918395996], [74.66570281982422, 29.94169044494629], [74.68096160888672, 29.949190139770735], [74.68319702148466, 29.96107292175293], [74.69078826904303, 29.96927070617687], [74.69550323486328, 29.971530914306697], [74.69737243652361, 29.971149444580135], [74.70613861083984, 29.968870162963867], [74.72400665283232, 29.96186065673828], [74.73723602294939, 29.96904945373541], [74.75071716308622, 29.971229553222656], [74.75868225097662, 29.973630905151367], [74.76737213134783, 29.972721099853572], [74.77599334716797, 29.974399566650447], [74.78421783447271, 29.980421066284293], [74.79440307617216, 29.989610671997127], [74.80117797851568, 29.992572784423942], [74.80902862548834, 29.99047088623047], [74.81668090820318, 29.984519958496037], [74.8196868896485, 29.979459762573356], [74.8213882446289, 29.973051071166992], [74.8289871215822, 29.96947097778326], [74.83660888671892, 29.964160919189567], [74.84963226318365, 29.959129333496378], [74.859359741211, 29.961170196533203], [74.8656616210938, 29.958890914917276], [74.87195587158209, 29.959129333496378], [74.87741088867188, 29.962568283081055], [74.88149261474615, 29.968349456787223], [74.88543701171892, 29.96233940124506], [74.88976287841825, 29.959030151367244], [74.89435577392607, 29.95293998718273], [74.8930969238283, 29.94725990295416], [74.88960266113276, 29.945011138916072], [74.88523864746094, 29.939109802246207], [74.89437866210932, 29.939441680908203], [74.91573333740229, 29.94915962219244], [74.92408752441435, 29.94153022766119], [74.92859649658209, 29.929161071777457], [74.93192291259794, 29.922779083252067], [74.93566894531256, 29.915412902832145], [74.94317626953153, 29.90253829956066], [74.95786285400419, 29.897739410400618], [74.96988677978544, 29.889921188354492], [74.96946716308605, 29.88067054748535], [74.9899291992187, 29.85646057128912], [74.99411010742216, 29.86320114135748], [75.00566101074224, 29.867570877075252], [75.01412963867216, 29.864629745483512], [75.02348327636747, 29.872869491577433], [75.03749847412115, 29.881780624389705], [75.05175781250017, 29.874860763549805], [75.06040191650396, 29.876119613647575], [75.06548309326172, 29.879039764404524], [75.07000732421903, 29.893350601196403], [75.0777359008789, 29.912309646606445], [75.0848007202149, 29.915140151977482], [75.0897827148438, 29.91171073913597], [75.09475708007818, 29.905071258544865], [75.10267639160156, 29.897020339965763], [75.10309600830095, 29.8767795562747], [75.10420989990251, 29.873191833496094], [75.10058593750017, 29.867889404297102], [75.08468627929716, 29.85859107971214], [75.08098602294928, 29.85414123535162], [75.0812530517581, 29.849372863769588], [75.08574676513672, 29.84481048584007], [75.09895324707037, 29.84142112731928], [75.1040878295899, 29.838010787963867], [75.1071166992188, 29.826530456543082], [75.09333801269548, 29.819311141967773], [75.0890502929688, 29.812829971313533], [75.09017944335943, 29.806661605835075], [75.09552764892584, 29.80434989929205], [75.10228729248047, 29.802551269531193], [75.12491607666027, 29.80562019348156], [75.13141632080107, 29.784860610961857], [75.13545989990229, 29.78038024902355], [75.14171600341825, 29.777008056640625], [75.15405273437506, 29.78101921081543], [75.15918731689459, 29.784219741821346], [75.15486145019543, 29.789100646972713], [75.14951324462896, 29.791641235351676], [75.14894866943371, 29.796119689941577], [75.15130615234375, 29.80183982849144], [75.15542602539068, 29.81981086730957], [75.15995788574224, 29.823640823364258], [75.16699981689453, 29.824951171875057], [75.17517089843767, 29.829519271850643], [75.17603302001964, 29.83506965637207], [75.17855834960966, 29.836908340454215], [75.18234252929716, 29.838701248169116], [75.18860626220709, 29.83457946777372], [75.20091247558611, 29.829999923706055], [75.20250701904303, 29.821350097656477], [75.19777679443371, 29.81344032287609], [75.19645690917997, 29.80511093139677], [75.1979598999024, 29.796220779419173], [75.20536041259771, 29.790000915527344], [75.21238708496111, 29.78652000427246], [75.21617889404314, 29.77989959716797], [75.21673583984375, 29.771499633789062], [75.22328186035162, 29.763538360595817], [75.22733306884771, 29.756120681762695], [75.23097991943388, 29.75206756591797], [75.22136688232428, 29.73307037353527], [75.21660614013678, 29.729990005493164], [75.21067047119158, 29.730890274047795], [75.2061614990235, 29.735250473022518], [75.19809722900396, 29.73080062866211], [75.19368743896501, 29.725200653076286], [75.18724822998053, 29.7119197845459], [75.18840789794928, 29.7037410736084], [75.19243621826183, 29.69952964782715], [75.19766998291033, 29.696470260620117], [75.19528198242193, 29.687759399414062], [75.18888854980469, 29.680828094482422], [75.1798629760745, 29.678302764892578], [75.17531585693388, 29.67805099487316], [75.16783905029308, 29.67327117919922], [75.15892028808588, 29.669361114501953], [75.15783691406267, 29.662710189819336], [75.16275787353516, 29.658029556274357], [75.16854858398443, 29.65423011779785], [75.1733016967774, 29.649480819702262], [75.17244720459013, 29.638629913330078], [75.17333984375006, 29.630081176757926], [75.18473052978533, 29.62254142761236], [75.19937133789062, 29.622690200805778], [75.2212371826173, 29.60655021667486], [75.22321319580078, 29.598890304565487], [75.21936798095732, 29.59250259399414], [75.21118927001947, 29.58239936828636], [75.21788787841814, 29.578460693359375], [75.2217864990235, 29.5702800750733], [75.2281723022461, 29.558557510376204], [75.22432708740263, 29.5500297546389], [75.22348022460943, 29.546171188354492], [75.23806762695341, 29.551540374755916], [75.25453948974626, 29.554180145263672], [75.2674865722658, 29.559289932250977], [75.27503204345714, 29.561109542846737], [75.29064941406256, 29.5617618560791], [75.29606628417963, 29.56808090209961], [75.30304718017584, 29.579050064087028], [75.30486297607439, 29.58361053466797], [75.30451202392595, 29.588478088378963], [75.3020324707033, 29.591989517212028], [75.29361724853533, 29.597671508789176], [75.28034973144537, 29.603250503540153], [75.2805633544923, 29.610109329223746], [75.287857055664, 29.619768142700252], [75.3010559082033, 29.627090454101562], [75.30753326416033, 29.632560729980582], [75.31169891357416, 29.648759841919002], [75.3162307739259, 29.66082191467291], [75.31772613525396, 29.6707000732423], [75.32260894775408, 29.672409057617244], [75.3301467895509, 29.6722793579101], [75.34149169921892, 29.662130355834904], [75.34680938720703, 29.658889770507926], [75.34850311279325, 29.659070968627873], [75.35044860839861, 29.659280776977766], [75.34932708740251, 29.665639877319393], [75.34603881835932, 29.671421051025334], [75.33384704589844, 29.68805122375494], [75.33535003662104, 29.693849563598746], [75.34121704101574, 29.695240020752067], [75.35269165039091, 29.704490661621207], [75.35855865478521, 29.70576095581049], [75.36194610595709, 29.712890625000284], [75.37003326416044, 29.713060379028548], [75.37877655029303, 29.711299896240234], [75.38359069824247, 29.72030258178728], [75.3821868896485, 29.72705841064453], [75.38372039794928, 29.73401069641119], [75.39087677001953, 29.738599777221793], [75.39679718017595, 29.748670578003043], [75.39723205566412, 29.761020660400504], [75.40999603271484, 29.775320053100643], [75.41976928710943, 29.774379730224723], [75.4272079467774, 29.777940750122184], [75.43463897705084, 29.78028106689453], [75.4437866210938, 29.786180496216105], [75.44315338134783, 29.7941703796389], [75.43547058105497, 29.798849105835075], [75.44426727294916, 29.807849884033374], [75.49839019775419, 29.777750015258903], [75.506332397461, 29.77407073974615], [75.51171112060553, 29.760049819946573], [75.523979187012, 29.767240524291992], [75.53019714355474, 29.772710800171012], [75.54418182373075, 29.771760940551758], [75.55639648437528, 29.765832901000977], [75.56308746337885, 29.744239807129077], [75.56878662109403, 29.74262046813959], [75.59274291992193, 29.74915122985857], [75.6004867553711, 29.747400283813704], [75.61322784423857, 29.746458053588867], [75.62261962890625, 29.753620147705192], [75.62351989746122, 29.766889572143725], [75.62535858154303, 29.77322959899925], [75.64087677001982, 29.77111053466797], [75.64965820312528, 29.77456092834467], [75.65638732910173, 29.776060104370117], [75.66616821289068, 29.772701263427678], [75.67830657958984, 29.75706291198742], [75.6874313354495, 29.75177955627464], [75.6974487304688, 29.755210876464957], [75.70593261718778, 29.80862045288086], [75.70987701416021, 29.812259674072322], [75.72599029541016, 29.81151962280296], [75.7327270507813, 29.811260223388672], [75.7483978271485, 29.812120437622355], [75.76059722900396, 29.818660736084098], [75.763427734375, 29.821960449218864], [75.7669830322265, 29.823450088500977], [75.77162170410173, 29.825389862060547], [75.77243804931646, 29.82467079162609], [75.78320312499994, 29.81532096862793], [75.79605102539068, 29.807121276855582], [75.81997680664091, 29.81538009643566], [75.82901763916033, 29.81232070922863], [75.82927703857428, 29.800701141357536], [75.83338928222673, 29.790660858154297], [75.84124755859375, 29.78083992004423], [75.84362792968778, 29.775960922241325], [75.85459136962908, 29.76966094970726], [75.86377716064459, 29.752330780029297], [75.87201690673834, 29.750120162963867], [75.87928009033214, 29.7470703125], [75.8906860351563, 29.75321006774925], [75.89723205566435, 29.755529403686637], [75.90313720703153, 29.74628257751465], [75.91394805908209, 29.738769531250227], [75.92314910888683, 29.73491096496582], [75.9289093017581, 29.733650207519645], [75.93401336669933, 29.73253250122076], [75.93662261962896, 29.733081817627124], [75.93866729736328, 29.733512878417912], [75.94235229492193, 29.734279632568587], [75.9500885009765, 29.73391151428234], [75.95748901367216, 29.732120513916016], [75.96485900878912, 29.731380462646484], [75.97045898437528, 29.732109069824276], [75.97254943847668, 29.732370376587028], [75.98000335693388, 29.73616981506359], [75.98927307128912, 29.7423095703125], [76.0038299560548, 29.750930786132812], [76.01127624511747, 29.752820968628157], [76.01759338378935, 29.75607109069847], [76.0242462158206, 29.755601882934798], [76.03170776367216, 29.750881195068587], [76.03292083740251, 29.749599456787223], [76.03565216064459, 29.746681213378906], [76.04148101806658, 29.748781204223746], [76.05842590332026, 29.773149490356673], [76.06320190429682, 29.7774600982666], [76.06990051269548, 29.776020050048885], [76.07434082031256, 29.781240463257063], [76.07543945312517, 29.787900924682674], [76.07557678222685, 29.797048568725643], [76.07766723632841, 29.805772781372127], [76.08605957031278, 29.80989837646507], [76.090560913086, 29.81083106994629], [76.09438323974615, 29.811561584472656], [76.10321044921903, 29.808410644531364], [76.11026763916044, 29.803319931030444], [76.1163864135745, 29.796400070190373], [76.12140655517595, 29.799470901489485], [76.127182006836, 29.805429458618278], [76.13210296630876, 29.812051773071516], [76.13926696777372, 29.81676292419445], [76.15312957763678, 29.81627273559576], [76.16665649414068, 29.8183212280274], [76.18582153320341, 29.83123016357422], [76.18936157226568, 29.840471267700423], [76.19418334960949, 29.844970703125057], [76.20221710205107, 29.84530067443859], [76.2096481323245, 29.84274291992199], [76.21111297607428, 29.843231201172046], [76.20965576171903, 29.850160598754883], [76.21176147460966, 29.85314941406267], [76.2158279418947, 29.854709625244254], [76.22290039062517, 29.8555908203125], [76.22852325439482, 29.854528427124137], [76.23185729980486, 29.856370925903605], [76.23522949218778, 29.85980987548828], [76.23795318603533, 29.865459442138672], [76.24201202392584, 29.869028091430835], [76.23869323730469, 29.875900268554915], [76.23245239257818, 29.881320953369197], [76.2252960205081, 29.8850612640382], [76.21694946289062, 29.883859634399357], [76.20812988281278, 29.88651084899908], [76.19740295410162, 29.884019851684684], [76.1846389770509, 29.888580322265568], [76.18270874023443, 29.89388084411621], [76.18358612060564, 29.91571807861328], [76.18199157714872, 29.923240661621207], [76.17148590087902, 29.923231124878043], [76.16629028320318, 29.9286594390872], [76.16961669921903, 29.936559677124137], [76.17890930175787, 29.94626808166504], [76.18480682373053, 29.94627952575695], [76.19087219238287, 29.944459915161246], [76.20387268066412, 29.94412040710455], [76.20507049560575, 29.947500228881836], [76.20345306396484, 29.95206832885748], [76.19473266601568, 29.965679168701286], [76.19901275634766, 29.973171234130803], [76.1974868774414, 29.979810714721907], [76.19713592529314, 29.985111236572322], [76.1957778930664, 29.990499496460018], [76.19303131103527, 29.996620178222713], [76.18937683105474, 30.004190444946573], [76.1896286010745, 30.006322860718], [76.18981170654325, 30.008380889892635], [76.1899871826173, 30.010448455810604], [76.19020843505888, 30.012491226196346], [76.19050598144537, 30.01449012756376], [76.19091796875006, 30.016412734985295], [76.1915664672851, 30.018230438232592], [76.19346618652338, 30.019380569458235], [76.19581604003923, 30.020061492920036], [76.19803619384794, 30.020521163940373], [76.20034790039062, 30.020851135254134], [76.20263671875, 30.02120018005394], [76.20490264892607, 30.02166938781761], [76.20720672607416, 30.02211952209501], [76.20947265625028, 30.022729873657227], [76.21140289306635, 30.023731231689453], [76.21354675292986, 30.025308609008846], [76.21543884277361, 30.027130126953182], [76.21613311767607, 30.0286808013916], [76.2151489257813, 30.029640197754134], [76.21333312988298, 30.030351638793945], [76.21098327636747, 30.030929565429688], [76.20838928222673, 30.031448364257812], [76.20580291748053, 30.032030105590934], [76.20345306396484, 30.032739639282454], [76.20111846923828, 30.033672332763672], [76.19890594482428, 30.03482818603527], [76.1979370117188, 30.036251068115348], [76.19838714599638, 30.037929534912337], [76.19962310791033, 30.03977966308605], [76.20111083984375, 30.04164123535179], [76.20252990722662, 30.0433101654055], [76.2040405273438, 30.044839859008732], [76.2056427001956, 30.046289443969783], [76.20723724365251, 30.047790527343864], [76.20864105224615, 30.049390792846737], [76.2098770141601, 30.051069259643555], [76.21102905273438, 30.05282020568859], [76.21215820312494, 30.05458831787115], [76.21330261230463, 30.056331634521428], [76.21449279785173, 30.058080673217887], [76.21566772460943, 30.059810638427905], [76.21681976318365, 30.061550140380916], [76.21798706054693, 30.06329917907715], [76.2191619873048, 30.065029144287166], [76.22035217285185, 30.066749572753906], [76.22152709960938, 30.068489074707202], [76.22273254394537, 30.07020759582514], [76.2239532470706, 30.071941375732536], [76.22509765625028, 30.073669433593807], [76.2263259887697, 30.075399398803825], [76.22749328613287, 30.07713127136242], [76.22869873046886, 30.078861236572266], [76.22991943359375, 30.080568313598633], [76.2311630249024, 30.082260131835994], [76.23246002197271, 30.08394050598139], [76.23381042480474, 30.08558082580572], [76.23515319824224, 30.08719825744629], [76.2366027832033, 30.0888481140139], [76.23808288574247, 30.090461730957088], [76.23963165283197, 30.09203910827631], [76.24120330810564, 30.093530654907227], [76.24283599853544, 30.094909667968864], [76.24455261230497, 30.096149444580192], [76.24672698974626, 30.09638977050804], [76.24922180175798, 30.0960311889649], [76.25093078613298, 30.097061157226562], [76.2523727416995, 30.098682403564453], [76.25358581542986, 30.100530624389876], [76.25459289550787, 30.102399826049805], [76.25499725341803, 30.104579925537053], [76.25377655029314, 30.106029510498274], [76.25173950195318, 30.106702804565543], [76.24948120117193, 30.107219696045036], [76.24709320068376, 30.10762023925787], [76.24469757080084, 30.107929229736555], [76.24238586425787, 30.10819053649908], [76.24006652832048, 30.10827827453619], [76.23771667480463, 30.10823059082037], [76.23539733886747, 30.108180999755973], [76.23307800292974, 30.108221054077262], [76.23082733154325, 30.1085205078125], [76.22869110107428, 30.109331130981445], [76.22667694091797, 30.11040115356468], [76.22487640380865, 30.111650466918945], [76.22316741943371, 30.113019943237248], [76.22123718261724, 30.114120483398665], [76.21920013427763, 30.11512184143089], [76.2171401977539, 30.11610984802246], [76.21518707275419, 30.117179870605696], [76.21343994140636, 30.118450164795036], [76.21193695068388, 30.1199626922608], [76.21058654785168, 30.121610641479435], [76.20928955078153, 30.12330055236822], [76.20791625976574, 30.12495994567894], [76.20639801025419, 30.126489639282227], [76.20471191406278, 30.127861022949446], [76.20262908935541, 30.128658294677734], [76.20038604736345, 30.129301071166992], [76.19837188720714, 30.130250930786246], [76.1963272094726, 30.13126945495611], [76.19435119628912, 30.132350921631087], [76.19249725341825, 30.133510589599666], [76.1906127929687, 30.134960174560717], [76.18962097167997, 30.136690139770735], [76.19055175781261, 30.138629913330305], [76.19230651855497, 30.140459060668945], [76.19410705566406, 30.1407794952392], [76.19590759277372, 30.139991760253906], [76.19777679443365, 30.13870048522955], [76.199691772461, 30.137210845947266], [76.20162963867216, 30.135829925537223], [76.20365142822271, 30.13473129272461], [76.20580291748053, 30.133760452270508], [76.20794677734403, 30.133148193359546], [76.2100830078125, 30.133609771728516], [76.21192932128935, 30.135061264038313], [76.21266174316412, 30.13683128356945], [76.21156311035185, 30.13847160339361], [76.21002960205107, 30.140079498291016], [76.20851898193388, 30.141721725463924], [76.20744323730486, 30.143489837646428], [76.2070617675783, 30.145500183105412], [76.20632171630865, 30.147409439087028], [76.20511627197266, 30.14924049377447], [76.20375823974638, 30.151039123535156], [76.20259857177763, 30.15281105041504], [76.20195007324224, 30.154571533203352], [76.20236206054693, 30.15671157836914], [76.20387268066412, 30.158901214599723], [76.20558929443365, 30.159349441528377], [76.20720672607416, 30.158510208129826], [76.2088470458985, 30.157390594482536], [76.2105331420899, 30.15607833862299], [76.21224975585943, 30.154609680175895], [76.2139511108399, 30.15303039550804], [76.21565246582048, 30.151390075683878], [76.21732330322266, 30.149761199951286], [76.21897888183605, 30.14817047119135], [76.22056579589844, 30.146680831909237], [76.22202301025402, 30.145099639892635], [76.22336578369152, 30.143438339233455], [76.2247467041015, 30.141809463501033], [76.22628784179688, 30.140310287475586], [76.22804260253923, 30.139041900634822], [76.22997283935553, 30.137899398803768], [76.231918334961, 30.13677978515625], [76.23375701904314, 30.135568618774528], [76.23539733886747, 30.134149551391772], [76.23680114746111, 30.13255119323736], [76.23816680908203, 30.1309108734132], [76.24095916748041, 30.128658294677734], [76.24299621582037, 30.127468109130803], [76.24458312988276, 30.121860504150618], [76.2511596679688, 30.1189994812014], [76.26551055908214, 30.11769294738764], [76.272026062012, 30.114339828491495], [76.27984619140653, 30.113651275634993], [76.28636169433588, 30.116821289062557], [76.29308319091814, 30.118629455566406], [76.31275177001959, 30.10851287841797], [76.32289886474615, 30.108221054077262], [76.3283767700197, 30.109510421753157], [76.33790588378923, 30.115850448608512], [76.34892272949213, 30.127660751342887], [76.34829711914074, 30.131660461425838], [76.33570861816418, 30.13926124572754], [76.32869720458979, 30.144769668579215], [76.32588195800798, 30.14924049377447], [76.34306335449236, 30.153448104858512], [76.34834289550776, 30.15052032470703], [76.35816192626959, 30.133302688598746], [76.36374664306652, 30.12754058837902], [76.37471771240251, 30.123729705810604], [76.38436889648466, 30.123832702636776], [76.39000701904303, 30.12754058837902], [76.38845062255876, 30.133968353271484], [76.38832855224615, 30.13832855224615], [76.38456726074247, 30.1458110809329], [76.38616180419939, 30.14824104309082], [76.3925170898438, 30.150260925292912], [76.39951324462908, 30.155170440673828], [76.40164184570318, 30.157728195190487], [76.38861846923845, 30.174100875854492], [76.38304138183622, 30.17902946472168], [76.38099670410173, 30.18324089050293], [76.38674163818376, 30.18699073791504], [76.39100646972662, 30.192251205444393], [76.39884185791027, 30.198999404907397], [76.41020202636736, 30.202289581299], [76.42000579833996, 30.197879791259766], [76.42858123779303, 30.179792404174805], [76.429008483887, 30.17299079895048], [76.42642974853521, 30.16757965087902], [76.42243194580084, 30.1635799407959], [76.42227172851568, 30.158700942993107], [76.42488861084001, 30.154621124267578], [76.42604064941406, 30.14756011962902], [76.43135070800798, 30.140710830688533], [76.43631744384783, 30.137029647827262], [76.44104003906244, 30.135959625244368], [76.44645690917974, 30.137121200561523], [76.44618988037104, 30.12895965576172], [76.44448089599604, 30.122880935668945], [76.44664001464844, 30.111230850219727], [76.44909667968767, 30.104801177978516], [76.45208740234403, 30.100709915161246], [76.46157073974615, 30.099000930786076], [76.48348999023443, 30.099559783935604], [76.49082946777338, 30.09715080261242], [76.495170593262, 30.092388153076172], [76.49501037597685, 30.0870819091798], [76.49713897705078, 30.08156967163086], [76.50112152099604, 30.07662963867199], [76.50894165039057, 30.079530715942667], [76.52554321289057, 30.080850601196403], [76.53363800048834, 30.08278083801281], [76.55487060546903, 30.0987606048584], [76.55916595459001, 30.098049163818473], [76.56143951416033, 30.097639083862305], [76.56363677978527, 30.09711074829113], [76.5657501220706, 30.096260070800895], [76.56767272949247, 30.095119476318416], [76.56948089599615, 30.093879699707088], [76.57124328613287, 30.092559814453182], [76.57301330566435, 30.091239929199446], [76.57478332519548, 30.089958190918082], [76.57663726806669, 30.08876037597679], [76.57879638671892, 30.087842941284123], [76.58080291748058, 30.08685111999523], [76.58193969726574, 30.085212707519645], [76.58194732666027, 30.083129882812443], [76.58104705810541, 30.081279754638786], [76.57977294921875, 30.079530715942667], [76.57787322998053, 30.077711105346793], [76.5763778686524, 30.07611083984375], [76.5767669677735, 30.075099945068416], [76.57917022705095, 30.074590682983626], [76.58194732666027, 30.074670791626033], [76.58399963378912, 30.075439453125114], [76.58583068847656, 30.07674026489252], [76.58763885498053, 30.078140258789176], [76.58953094482428, 30.079299926757926], [76.59168243408232, 30.07974052429222], [76.59406280517595, 30.079551696777514], [76.596420288086, 30.079471588134766], [76.59877777099604, 30.07970046997093], [76.60105133056669, 30.08023071289074], [76.6028671264649, 30.081319808960075], [76.60446929931669, 30.082721710205135], [76.60595703125006, 30.08428955078125], [76.60742187500017, 30.08589935302757], [76.60896301269537, 30.087459564208984], [76.610610961914, 30.088869094848746], [76.61235046386736, 30.0902099609375], [76.61411285400396, 30.09150123596197], [76.6158905029298, 30.092781066894588], [76.61769866943376, 30.09406280517578], [76.61947631835943, 30.09536170959501], [76.6251525878908, 30.101840972900447], [76.62667083740251, 30.105649948120117], [76.62755584716825, 30.110481262207088], [76.62663269042963, 30.113960266113338], [76.62474822998064, 30.116889953613224], [76.6252059936524, 30.12103080749506], [76.6287231445312, 30.130199432373047], [76.62940216064459, 30.134769439697436], [76.62309265136724, 30.144660949707088], [76.62326812744146, 30.149402618408146], [76.62763977050798, 30.155107498168945], [76.6227416992188, 30.170299530029524], [76.63925170898455, 30.185211181640625], [76.64171600341797, 30.189250946045206], [76.64198303222662, 30.193668365478516], [76.63716888427751, 30.19695091247553], [76.63891601562506, 30.205940246582315], [76.63282012939459, 30.210010528564567], [76.61675262451189, 30.211059570312614], [76.60941314697277, 30.21277046203619], [76.60427856445341, 30.215171813964844], [76.60627746582048, 30.220010757446346], [76.61186981201178, 30.22562980651861], [76.61199951171892, 30.230968475341854], [76.60930633544939, 30.234880447387752], [76.5994262695313, 30.240329742431754], [76.59590911865263, 30.24394035339361], [76.590316772461, 30.25412178039568], [76.58399963378912, 30.25653076171875], [76.57588958740229, 30.25586128234869], [76.56904602050781, 30.251350402831974], [76.5476684570312, 30.234441757202376], [76.54438018798857, 30.230859756469727], [76.5325317382813, 30.227130889892805], [76.53292083740246, 30.232078552246207], [76.54219818115234, 30.2363796234132], [76.54596710205078, 30.243539810180778], [76.54692840576189, 30.249530792236442], [76.54582214355469, 30.25863075256376], [76.54763793945341, 30.26492118835455], [76.55792999267607, 30.264261245727596], [76.58094024658209, 30.269870758056868], [76.60449981689447, 30.27226066589367], [76.6098175048831, 30.27061080932623], [76.61437988281278, 30.275270462036133], [76.61969757080084, 30.28784942626953], [76.62283325195312, 30.291389465332315], [76.62629699707048, 30.28392982482933], [76.65128326416033, 30.299341201782227], [76.66242980957043, 30.29955101013195], [76.67307281494146, 30.312770843506087], [76.67088317871088, 30.319169998168945], [76.67462921142584, 30.325950622558594], [76.67949676513689, 30.32137107849121], [76.68846893310564, 30.32598114013689], [76.69767761230474, 30.32485771179205], [76.7002563476562, 30.329851150512695], [76.70475006103521, 30.33168983459484], [76.71096038818376, 30.329870223999308], [76.71515655517595, 30.332910537719727], [76.71515655517595, 30.339900970459098], [76.72392272949219, 30.34436988830572], [76.72901153564482, 30.348432540893555], [76.7346267700197, 30.353939056396484], [76.73853302001964, 30.35964965820324], [76.7350158691408, 30.364910125732536], [76.73039245605463, 30.36744117736822], [76.71135711669939, 30.365129470825366], [76.70893859863287, 30.368169784546012], [76.71808624267584, 30.377109527588004], [76.7157211303711, 30.380260467529297], [76.70487976074236, 30.38083267211914], [76.70168304443365, 30.38482856750511], [76.70014953613287, 30.393611907958984], [76.71289062500017, 30.39824295043951], [76.72654724121122, 30.405000686645508], [76.72516632080084, 30.420419692993164], [76.73786163330095, 30.424869537353516], [76.74887084960966, 30.42663192749029], [76.75438690185575, 30.432809829711914], [76.75786590576172, 30.438890457153263], [76.76332855224621, 30.439729690551815], [76.76674652099615, 30.436000823974837], [76.76432800292997, 30.4250106811524], [76.77082061767572, 30.418300628662223], [76.78069305419933, 30.415021896362305], [76.7972869873048, 30.415121078491325], [76.80845642089861, 30.411859512329272], [76.82314300537126, 30.422548294067383], [76.82789611816423, 30.430330276489258], [76.83245849609392, 30.433881759643555], [76.8397293090822, 30.420749664306697], [76.84726715087919, 30.41489982604992], [76.86473083496094, 30.408790588378963], [76.8675613403322, 30.401519775390625], [76.8662414550783, 30.394830703735295], [76.8744125366211, 30.391281127929744], [76.88022613525396, 30.38622283935547], [76.8804321289063, 30.382989883423136], [76.87571716308622, 30.36954116821289], [76.87644195556652, 30.36333847045904], [76.88022613525396, 30.35970115661621], [76.88722229003923, 30.35838127136236], [76.89227294921886, 30.359678268432617], [76.8977661132813, 30.362600326538313], [76.90348815917974, 30.36750984191906], [76.9169921875, 30.382759094238395], [76.92077636718767, 30.384782791137695], [76.92729949951178, 30.388639450073185], [76.93026733398466, 30.39258956909174], [76.93139648437528, 30.39707183837885], [76.92904663085943, 30.399890899658374], [76.92579650878912, 30.401590347290096], [76.91947174072266, 30.403030395507812], [76.9092559814456, 30.40327072143549], [76.90518188476568, 30.404689788818416], [76.90384674072271, 30.40670967102068], [76.90392303466825, 30.409950256347884], [76.90524291992199, 30.41319084167492], [76.90370178222662, 30.418230056762752], [76.90370941162121, 30.424880981445426], [76.90167999267578, 30.42832946777355], [76.88993072509771, 30.4366912841798], [76.8888473510745, 30.44111061096197], [76.89071655273443, 30.451061248779524], [76.89518737792963, 30.45556831359869], [76.89804840087885, 30.467781066894645], [76.89663696289068, 30.475379943847884], [76.88984680175776, 30.479328155517692], [76.88891601562517, 30.48458862304699], [76.89385986328125, 30.489641189575195], [76.90114593505876, 30.488849639892635], [76.90780639648455, 30.490789413452376], [76.91236877441406, 30.493659973144588], [76.91590881347662, 30.499420166015852], [76.91828918457048, 30.507230758667106], [76.92032623291044, 30.518020629882812], [76.92006683349615, 30.52469062805187], [76.91429901123064, 30.526550292968864], [76.90724945068376, 30.529899597168026], [76.89821624755888, 30.534700393676758], [76.88775634765625, 30.538150787353516], [76.88504028320341, 30.54042053222679], [76.89218902587908, 30.544441223144588], [76.9022369384765, 30.551040649414062], [76.90592956542969, 30.558389663696516], [76.90384674072271, 30.561719894409237], [76.8988876342774, 30.56402969360363], [76.8988876342774, 30.566719055175838], [76.90390777587902, 30.57518005371105], [76.90453338623041, 30.580570220947493], [76.89855957031261, 30.588430404663313], [76.90721130371094, 30.591409683227596], [76.91342926025396, 30.599702835083008], [76.91060638427763, 30.6058292388916], [76.90154266357422, 30.608409881592024], [76.89959716796892, 30.620029449462947], [76.89453887939459, 30.623331069946232], [76.88360595703142, 30.627090454101676], [76.88063049316418, 30.633071899414062], [76.87709045410173, 30.63702011108421], [76.87267303466791, 30.64002037048334], [76.86795806884783, 30.641639709472656], [76.86194610595714, 30.640270233154524], [76.85858154296875, 30.6406307220459], [76.85897064209001, 30.651559829711857], [76.86186218261736, 30.659719467163256], [76.86310577392607, 30.67151069641136], [76.86222839355486, 30.67927169799799], [76.8554077148438, 30.67320251464855], [76.84983825683611, 30.664859771728572], [76.83985900878935, 30.656780242919922], [76.83479309082037, 30.65582084655773], [76.83499908447271, 30.664110183715934], [76.830062866211, 30.664930343628157], [76.82694244384783, 30.663330078125114], [76.82409667968767, 30.660070419311523], [76.81881713867193, 30.66059112548851], [76.8183670043947, 30.67296028137207], [76.81980895996122, 30.68582916259794], [76.8177032470706, 30.69062995910656], [76.8211059570313, 30.69678115844738], [76.82829284667986, 30.705949783325195], [76.83629608154314, 30.714269638061694], [76.8343811035158, 30.724399566650447], [76.82480621337885, 30.73081970214855], [76.82274627685564, 30.740081787109375], [76.82818603515636, 30.763790130615234], [76.83081817626959, 30.767932891845817], [76.84678649902361, 30.792520523071232], [76.84134674072277, 30.799089431762752], [76.83351135253912, 30.804571151733512], [76.83335876464872, 30.81589126586914], [76.83209991455095, 30.825420379638842], [76.82775115966803, 30.832569122314567], [76.81894683837908, 30.837100982666243], [76.80655670166016, 30.840251922607365], [76.80121612548828, 30.842521667480526], [76.78494262695307, 30.861270904541016], [76.77333831787126, 30.871150970458928], [76.76904296875006, 30.876529693603516], [76.76254272460943, 30.893409729003906], [76.76985931396513, 30.906391143798942], [76.7987670898438, 30.924640655517635], [76.81018829345709, 30.93037986755371], [76.81339263916033, 30.92732048034685], [76.81436920166033, 30.92134094238287], [76.80979919433594, 30.906801223754883], [76.8157577514649, 30.89600944519043], [76.82266235351591, 30.888099670410213], [76.83715057373058, 30.878871917724837]]]}}