{"type": "Feature", "properties": {"ID_0": 105, "ISO": "IND", "NAME_0": "India", "ID_1": 16, "NAME_1": "Jharkhand", "NL_NAME_1": null, "VARNAME_1": "Vananchal", "TYPE_1": "State", "ENGTYPE_1": "State"}, "geometry": {"type": "Polygon", "coordinates": [[[87.59989166259771, 25.314662933349553], [87.60688018798845, 25.31138038635254], [87.61361694335943, 25.315538406372184], [87.62267303466825, 25.310800552368107], [87.62622070312506, 25.315719604492188], [87.62597656250017, 25.31861114501953], [87.63179016113293, 25.311861038208065], [87.63403320312506, 25.312351226806754], [87.65178680419928, 25.30724906921398], [87.65878295898455, 25.309730529785213], [87.68415069580095, 25.310131072998047], [87.684097290039, 25.30805015563965], [87.68087005615234, 25.307670593261832], [87.68064880371122, 25.304279327392635], [87.68824005126964, 25.304769515991325], [87.69349670410173, 25.303052902221793], [87.69140625000017, 25.298601150512695], [87.69478607177729, 25.295410156250057], [87.69030761718756, 25.291219711303825], [87.68907165527344, 25.284940719604435], [87.69130706787138, 25.281391143798885], [87.69641113281256, 25.278869628906364], [87.70096588134771, 25.277772903442496], [87.7059173583985, 25.274570465088004], [87.70796966552751, 25.27136039733898], [87.7068710327149, 25.259780883789176], [87.70778656005876, 25.25640869140625], [87.72106170654325, 25.25344085693382], [87.73087310791033, 25.25315093994135], [87.76283264160185, 25.249288558959904], [87.76911926269543, 25.246658325195256], [87.78330993652361, 25.2461776733399], [87.78367614746094, 25.24299049377464], [87.78520202636719, 25.240459442138615], [87.78544616699219, 25.23631286621105], [87.78753662109392, 25.22862052917486], [87.787582397461, 25.22048950195324], [87.78518676757807, 25.209079742431697], [87.78466796875017, 25.199600219726562], [87.78047180175798, 25.1852703094483], [87.77900695800787, 25.176929473877067], [87.77275085449247, 25.159618377685547], [87.77104187011747, 25.15227127075201], [87.77120971679699, 25.138731002807674], [87.76928710937506, 25.127000808715877], [87.7698364257813, 25.11470985412592], [87.77266693115234, 25.099098205566406], [87.77652740478521, 25.091270446777344], [87.77986145019531, 25.08735084533714], [87.7928771972658, 25.075731277465877], [87.79989624023438, 25.07123947143566], [87.82018280029303, 25.061500549316406], [87.83493804931669, 25.057018280029297], [87.84262084960938, 25.05220031738287], [87.85504150390642, 25.04623985290533], [87.86434173583979, 25.03985023498541], [87.87697601318376, 25.028039932251204], [87.88117980957048, 25.021509170532227], [87.8808212280274, 25.020538330078182], [87.89292144775419, 25.00894927978527], [87.90242004394537, 24.999450683593864], [87.90336608886724, 24.99839973449707], [87.90648651123075, 24.985811233520508], [87.9135284423831, 24.978902816772518], [87.91851043701166, 24.97285079956049], [87.92444610595703, 24.967180252075252], [87.9303359985351, 24.96179962158226], [87.9390487670899, 24.955730438232422], [87.94621276855486, 24.94889068603527], [87.95021820068376, 24.94534111022955], [87.95627593994135, 24.941410064697266], [87.96169281005865, 24.935930252075252], [87.9664916992188, 24.92959976196289], [87.96997070312528, 24.92358016967779], [87.97041320800781, 24.91607093811058], [87.97123718261724, 24.91003036499029], [87.97228240966825, 24.90336990356451], [87.97334289550787, 24.896482467651367], [87.97220611572271, 24.891420364379883], [87.96936798095709, 24.885120391845646], [87.96650695800787, 24.881299972534293], [87.9612426757812, 24.87905120849615], [87.95234680175787, 24.87685966491705], [87.9446411132812, 24.872671127319393], [87.93644714355463, 24.86961174011236], [87.92874145507818, 24.865882873535213], [87.92154693603544, 24.860240936279524], [87.91124725341825, 24.85593986511242], [87.89701843261736, 24.85435295104986], [87.88897705078142, 24.85293960571289], [87.89135742187506, 24.848159790039176], [87.8946685791015, 24.847759246826172], [87.89776611328142, 24.84278106689476], [87.89724731445318, 24.84174919128418], [87.89569091796875, 24.83959007263178], [87.8949584960938, 24.83389282226574], [87.89391326904291, 24.82917022705078], [87.89591217041021, 24.82756996154808], [87.898422241211, 24.82452964782715], [87.89617919921903, 24.822599411010685], [87.89070892334001, 24.822879791259822], [87.8865585327149, 24.819660186767692], [87.88170623779291, 24.82039070129406], [87.8747177124024, 24.822719573974723], [87.86924743652355, 24.823400497436523], [87.86766815185553, 24.82298278808605], [87.86631011962908, 24.820749282837028], [87.86814880371122, 24.81811904907238], [87.87029266357439, 24.81524276733404], [87.87210845947277, 24.811862945556754], [87.87271881103544, 24.80756950378418], [87.87284851074224, 24.805259704589957], [87.87583923339861, 24.803110122680664], [87.87760925292974, 24.801010131836165], [87.87751007080072, 24.79800033569336], [87.87666320800787, 24.79368972778326], [87.87475585937506, 24.78980064392084], [87.87291717529325, 24.789770126342887], [87.87233734130888, 24.791931152343864], [87.87005615234403, 24.790870666503906], [87.86810302734386, 24.787090301513615], [87.86654663085943, 24.782449722289982], [87.86486053466808, 24.778551101684798], [87.86650848388672, 24.776149749755916], [87.86538696289068, 24.774320602417106], [87.8599929809572, 24.77200126647955], [87.85846710205095, 24.767810821533146], [87.85453796386724, 24.764310836791992], [87.85022735595697, 24.761270523071403], [87.84677886962919, 24.761030197143555], [87.84246826171892, 24.762859344482365], [87.83885955810553, 24.765361785888672], [87.83524322509771, 24.76323127746582], [87.83376312255865, 24.765859603881893], [87.83378601074247, 24.769680023193473], [87.83399200439482, 24.774641036987532], [87.83687591552729, 24.777349472046012], [87.83899688720703, 24.780141830444336], [87.83847045898438, 24.78470993042015], [87.83753204345709, 24.78780174255394], [87.83368682861345, 24.787860870361328], [87.8300170898437, 24.782970428466854], [87.82836914062506, 24.776702880859375], [87.82785034179693, 24.771921157837028], [87.82565307617205, 24.769309997558594], [87.82209014892584, 24.766719818115234], [87.81806182861328, 24.765981674194336], [87.81603240966808, 24.759609222412053], [87.81389617919928, 24.753360748291016], [87.81607818603544, 24.75204086303711], [87.82050323486345, 24.75206947326666], [87.82533264160162, 24.752210617065543], [87.83970642089872, 24.738189697265625], [87.85234832763672, 24.734939575195312], [87.86103820800787, 24.731250762939453], [87.8673858642581, 24.729400634765625], [87.8708801269533, 24.73002815246582], [87.8749389648438, 24.73508834838873], [87.87777709960943, 24.73908042907715], [87.88244628906278, 24.73627281188965], [87.88423156738298, 24.73347091674816], [87.88545227050787, 24.7292995452882], [87.88719940185575, 24.72544288635254], [87.89077758789068, 24.72258949279785], [87.89565277099626, 24.72302055358898], [87.90083312988298, 24.72159957885748], [87.90215301513689, 24.718498229980582], [87.90334320068365, 24.71455955505394], [87.9031372070313, 24.71190071105957], [87.90291595459001, 24.70993804931635], [87.90091705322277, 24.710502624511662], [87.89884948730497, 24.709899902343864], [87.89750671386747, 24.706470489501953], [87.89617919921903, 24.702449798583984], [87.89900970458996, 24.699680328369254], [87.89778900146484, 24.694971084594727], [87.8965606689456, 24.690660476684684], [87.89274597167997, 24.685749053955192], [87.88941192626959, 24.681779861450195], [87.88625335693388, 24.67808914184593], [87.88661956787138, 24.674102783203125], [87.89038085937506, 24.670330047607536], [87.89507293701172, 24.6685028076173], [87.89990997314459, 24.669330596923885], [87.90319824218761, 24.666959762573185], [87.90647888183622, 24.66436004638672], [87.91159820556652, 24.662290573120174], [87.91340637207048, 24.65855979919445], [87.9101333618164, 24.65493011474615], [87.90886688232428, 24.651309967041016], [87.90785217285156, 24.646829605102653], [87.90796661376964, 24.64208984375], [87.90767669677751, 24.636781692504883], [87.90629577636747, 24.632642745971623], [87.90428924560553, 24.63042068481451], [87.90200805664068, 24.629430770874023], [87.90000152587919, 24.629421234130916], [87.89688110351568, 24.630399703979492], [87.8922729492188, 24.632049560546932], [87.88886260986334, 24.63142013549816], [87.88681030273466, 24.629499435425032], [87.88461303710955, 24.626649856567383], [87.8871459960938, 24.624469757080135], [87.8917770385745, 24.623680114746207], [87.89539337158232, 24.6244926452639], [87.8988571166995, 24.625740051269588], [87.90225982666044, 24.625921249389762], [87.90180206298834, 24.622570037841854], [87.90139007568376, 24.62002944946289], [87.90213012695312, 24.616500854492188], [87.90161132812506, 24.612581253051758], [87.89948272705095, 24.61140060424816], [87.89631652832037, 24.611869812011832], [87.89383697509771, 24.61296272277832], [87.8911819458009, 24.612199783325195], [87.88828277587896, 24.611330032348746], [87.88552093505854, 24.611780166625977], [87.88215637207037, 24.613590240478572], [87.8791122436524, 24.6147518157959], [87.87700653076178, 24.616291046142805], [87.87483215332026, 24.61552047729515], [87.8734664916995, 24.613470077514876], [87.8727416992187, 24.61071968078619], [87.8735427856447, 24.609319686889762], [87.87528991699224, 24.609909057617244], [87.87596893310575, 24.60885810852062], [87.87799835205084, 24.609449386596737], [87.88118743896501, 24.60696983337408], [87.88613128662126, 24.605140686035213], [87.88802337646501, 24.60532951354992], [87.88871002197277, 24.60820960998541], [87.8934860229495, 24.60834121704113], [87.89869689941406, 24.6080703735351], [87.90290832519548, 24.60804176330589], [87.90811920166021, 24.608179092407227], [87.90773773193365, 24.60436820983898], [87.90762329101591, 24.599397659301758], [87.90912628173857, 24.59637260437023], [87.90997314453142, 24.593868255615178], [87.9087371826173, 24.5911808013916], [87.90683746337919, 24.587350845336914], [87.90544891357428, 24.583801269531364], [87.90326690673828, 24.58238983154297], [87.89940643310575, 24.583570480346793], [87.89737701416033, 24.582450866699276], [87.89608764648443, 24.580621719360465], [87.8914871215822, 24.57962036132824], [87.89025878906278, 24.574729919433594], [87.88989257812528, 24.57191085815441], [87.88732147216803, 24.562709808349666], [87.88073730468778, 24.562959671020508], [87.87661743164062, 24.56108283996582], [87.868637084961, 24.56128120422369], [87.86585998535185, 24.560831069946232], [87.86443328857428, 24.55870819091797], [87.86389923095709, 24.556579589843693], [87.86046600341803, 24.55526161193859], [87.85632324218778, 24.554590225219727], [87.85378265380865, 24.5560302734375], [87.85047912597673, 24.557832717895508], [87.84921264648443, 24.55691909790039], [87.8499603271485, 24.55372810363781], [87.84821319580084, 24.55105018615734], [87.84497833251959, 24.552780151367188], [87.84111022949236, 24.554410934448356], [87.83480072021484, 24.55632972717291], [87.82698822021501, 24.558160781860295], [87.82450866699236, 24.559482574463004], [87.82388305664091, 24.56335258483898], [87.82327270507818, 24.566551208496094], [87.82015228271501, 24.568391799926815], [87.81685638427729, 24.57007026672369], [87.81420898437517, 24.5726127624514], [87.81166076660185, 24.574440002441463], [87.80899810791044, 24.576231002807617], [87.8050079345706, 24.57752037048334], [87.80224609375006, 24.578029632568303], [87.79889678955107, 24.577810287475813], [87.79505157470714, 24.579669952392805], [87.79067993164091, 24.581079483032227], [87.78536224365263, 24.582330703735465], [87.77966308593744, 24.58209037780756], [87.76940917968767, 24.581760406494368], [87.76792144775396, 24.576021194458065], [87.76757812500006, 24.571569442749137], [87.77317047119135, 24.571880340576286], [87.7777481079101, 24.571380615234432], [87.78572845459013, 24.56858062744152], [87.7915878295899, 24.565689086914176], [87.79617309570318, 24.56238174438488], [87.79936981201172, 24.558900833129996], [87.80261993408209, 24.55428123474121], [87.80481719970732, 24.549221038818473], [87.80634307861357, 24.545200347900504], [87.80577850341825, 24.54244041442871], [87.80359649658209, 24.54010963439947], [87.79985046386747, 24.541160583496094], [87.79749298095709, 24.538669586181697], [87.79798126220703, 24.535358428955078], [87.79712677001959, 24.530010223388672], [87.79756927490263, 24.524629592895508], [87.79901885986334, 24.520910263061523], [87.80121612548822, 24.517690658569336], [87.80116271972668, 24.514631271362305], [87.79972076416033, 24.51172065734886], [87.79850006103544, 24.50942993164074], [87.79850769042997, 24.50699996948265], [87.79994201660156, 24.504249572753963], [87.79823303222662, 24.50242996215826], [87.79396820068354, 24.500320434570256], [87.79260253906278, 24.497228622436523], [87.79380035400408, 24.494260787964095], [87.79515075683611, 24.4910507202149], [87.79853057861357, 24.491859436035213], [87.80101776123041, 24.49481964111328], [87.8029861450197, 24.49864006042486], [87.8034286499024, 24.501640319824162], [87.8037414550783, 24.5047607421875], [87.80391693115251, 24.50723075866722], [87.80526733398455, 24.50963973999029], [87.80667114257818, 24.51060104370123], [87.80758666992193, 24.509370803833008], [87.80734252929705, 24.50619125366211], [87.80831146240251, 24.504560470581282], [87.81021881103533, 24.502040863037337], [87.81178283691412, 24.499000549316406], [87.8111114501956, 24.496419906616325], [87.81001281738298, 24.49452972412115], [87.8102111816408, 24.492090225219783], [87.81225585937528, 24.491590499878157], [87.8155593872072, 24.492809295654297], [87.81867980957037, 24.49205970764166], [87.82022094726568, 24.493471145629996], [87.81974029541033, 24.495910644531364], [87.82190704345709, 24.496440887451172], [87.82287597656256, 24.49440956115734], [87.82244873046875, 24.492340087890625], [87.82145690917986, 24.490089416503963], [87.8209915161134, 24.48843002319336], [87.82025909423857, 24.485849380493278], [87.81685638427729, 24.486080169677848], [87.81301879882841, 24.485120773315487], [87.810356140137, 24.480371475219727], [87.80909729003906, 24.476591110229606], [87.81138610839844, 24.47480964660639], [87.81372070312506, 24.4727401733399], [87.81478881835955, 24.4700603485108], [87.81784820556658, 24.46845054626465], [87.81659698486334, 24.465471267700195], [87.81772613525396, 24.462320327759016], [87.81735992431646, 24.458990097045955], [87.81614685058611, 24.455312728881836], [87.8152465820313, 24.453599929809684], [87.81494903564447, 24.451349258422795], [87.81125640869146, 24.451879501342773], [87.80687713623058, 24.452598571777457], [87.80251312255888, 24.45013999938965], [87.80094146728521, 24.447389602661133], [87.79972076416033, 24.445449829101562], [87.79988098144526, 24.443719863891545], [87.7968826293947, 24.441869735717887], [87.79595184326178, 24.439399719238338], [87.79290008544928, 24.439800262451172], [87.79103851318365, 24.437759399414006], [87.78978729248047, 24.434659957885685], [87.78810119628923, 24.432092666625977], [87.79038238525408, 24.42939949035639], [87.79226684570312, 24.426870346069336], [87.79220581054716, 24.423820495605412], [87.79003143310553, 24.421670913696346], [87.78620910644531, 24.418621063232422], [87.78475189208996, 24.414541244507063], [87.78790283203142, 24.411529541015852], [87.79297637939482, 24.410631179809798], [87.79862976074224, 24.411222457885742], [87.80134582519543, 24.4134197235108], [87.80522155761713, 24.41814041137701], [87.80639648437517, 24.414720535278263], [87.80847930908203, 24.412130355835075], [87.80899047851591, 24.4092311859132], [87.81002044677751, 24.406620025634766], [87.80745697021496, 24.40435981750494], [87.804252624512, 24.403549194335994], [87.80152130126959, 24.401920318603572], [87.79821014404314, 24.399730682373047], [87.79476928710955, 24.40007972717285], [87.79257965087902, 24.396440505981445], [87.79263305664057, 24.393091201782283], [87.79469299316435, 24.392179489135742], [87.79731750488287, 24.39229965209961], [87.79811096191418, 24.390779495239315], [87.79757690429716, 24.38606071472168], [87.79750823974615, 24.382181167602596], [87.79376983642572, 24.380760192871094], [87.78994750976591, 24.377010345458928], [87.787651062012, 24.371669769287053], [87.78494262695324, 24.367631912231445], [87.7823562622072, 24.360231399536133], [87.77922821044933, 24.357059478759822], [87.77658843994169, 24.353410720825423], [87.77262878417986, 24.34938049316412], [87.7694168090822, 24.34539985656761], [87.76788330078142, 24.3404598236084], [87.76451873779303, 24.338560104370117], [87.76123809814459, 24.333311080932674], [87.76055908203153, 24.328170776367244], [87.76420593261713, 24.32522010803234], [87.76448059082037, 24.32279014587425], [87.76248168945341, 24.320680618286076], [87.76007843017578, 24.319520950317496], [87.75946044921875, 24.316881179809513], [87.76035308837919, 24.313039779663143], [87.75849914550781, 24.30783081054699], [87.75627899169928, 24.303592681884766], [87.75209808349615, 24.30465126037609], [87.74819946289062, 24.301481246948356], [87.74574279785173, 24.29980278015131], [87.7431259155274, 24.297721862793082], [87.740463256836, 24.292728424072266], [87.73620605468767, 24.291999816894645], [87.73638153076172, 24.288940429687614], [87.73304748535162, 24.287910461425838], [87.73015594482428, 24.287609100341797], [87.72718811035185, 24.286220550537053], [87.7239532470706, 24.28749275207514], [87.71977233886713, 24.28803062438965], [87.71573638916044, 24.290010452270508], [87.71031951904303, 24.29207038879389], [87.71008300781267, 24.286579132080192], [87.70945739746122, 24.282909393310604], [87.70833587646484, 24.280389785766715], [87.70617675781261, 24.278110504150618], [87.70461273193365, 24.274501800537166], [87.70543670654325, 24.271709442138615], [87.70598602294933, 24.26782989501953], [87.70452880859375, 24.26375961303711], [87.70263671875017, 24.259920120239315], [87.69740295410168, 24.259729385376033], [87.69301605224621, 24.257390975952205], [87.68866729736357, 24.255609512329215], [87.68496704101568, 24.252849578857422], [87.68309783935558, 24.248550415039006], [87.6813583374024, 24.24644088745123], [87.6779174804688, 24.246452331542912], [87.67384338378923, 24.246700286865348], [87.67067718505865, 24.244279861450252], [87.66876983642584, 24.242740631103516], [87.66541290283197, 24.243490219116325], [87.66190338134771, 24.24495124816906], [87.6602859497072, 24.241979598999137], [87.65902709960943, 24.23835754394537], [87.65703582763672, 24.235399246215934], [87.65429687500011, 24.236589431762695], [87.65191650390642, 24.2401504516601], [87.64985656738287, 24.243659973144588], [87.64929962158209, 24.24662017822277], [87.64714813232439, 24.24855995178234], [87.64173126220732, 24.249860763549805], [87.64002990722685, 24.246030807495117], [87.63571166992205, 24.242530822753963], [87.63658142089872, 24.238180160522575], [87.63951873779314, 24.23472023010254], [87.64301300048834, 24.230100631714095], [87.64315795898438, 24.22459983825695], [87.64151000976574, 24.219600677490348], [87.63844299316412, 24.216140747070312], [87.63772583007841, 24.2115802764892], [87.64509582519537, 24.20799064636236], [87.6527862548831, 24.2061824798584], [87.6590194702149, 24.20740127563488], [87.66613769531278, 24.206111907958928], [87.67095184326172, 24.205738067626953], [87.67378997802763, 24.200490951538086], [87.67460632324236, 24.195209503173942], [87.6783065795899, 24.19111061096197], [87.6835327148437, 24.189052581787166], [87.68891143798845, 24.185140609741325], [87.69255828857422, 24.186180114746037], [87.69399261474638, 24.18197822570812], [87.69378662109403, 24.178468704223633], [87.69667816162138, 24.175348281860295], [87.69641113281256, 24.171310424804688], [87.69645690917997, 24.167211532592887], [87.69323730468778, 24.164340972900334], [87.6936416625976, 24.159170150756893], [87.69248199462919, 24.15447044372553], [87.68956756591803, 24.14983940124523], [87.68435668945312, 24.149169921874943], [87.68016815185553, 24.14797973632824], [87.67353057861334, 24.151340484619254], [87.66777801513678, 24.151439666748104], [87.66361236572271, 24.154279708862248], [87.65695190429693, 24.155910491943473], [87.65054321289062, 24.15452957153326], [87.64579010009783, 24.153799057007063], [87.64067077636736, 24.154930114746094], [87.63632965087896, 24.15738105773937], [87.63162994384794, 24.16028976440441], [87.62754058837896, 24.163131713867188], [87.6216659545899, 24.163869857788086], [87.61605834960955, 24.164659500122013], [87.6104125976563, 24.164880752563477], [87.60415649414091, 24.16399955749506], [87.59957885742216, 24.16050910949707], [87.59556579589872, 24.159809112548828], [87.59037780761724, 24.160091400146598], [87.58407592773443, 24.1614608764649], [87.57975006103544, 24.161539077758846], [87.57669830322294, 24.15888023376465], [87.56938171386724, 24.155651092529354], [87.57142639160173, 24.15440940856945], [87.57646942138683, 24.152759552001953], [87.58087158203153, 24.150440216064453], [87.58602142334013, 24.147520065307674], [87.5900421142581, 24.144100189209098], [87.59391784667986, 24.141479492187557], [87.59794616699236, 24.137950897216854], [87.6011962890625, 24.135179519653377], [87.6049118041995, 24.132110595703352], [87.60761260986322, 24.128942489624023], [87.60481262207048, 24.12656974792492], [87.60041046142595, 24.12537002563488], [87.59541320800776, 24.12487983703619], [87.59262084960943, 24.124240875244254], [87.58172607421892, 24.123399734497127], [87.57952117919933, 24.11951065063471], [87.5796508789063, 24.11501121520996], [87.57779693603521, 24.110420227050895], [87.5748291015625, 24.108959197998104], [87.57211303710966, 24.109710693359375], [87.56922149658214, 24.106750488281307], [87.56949615478533, 24.10098075866705], [87.57064819335955, 24.09547042846674], [87.57431030273443, 24.090150833129883], [87.57644653320318, 24.087100982666016], [87.57615661621094, 24.08526039123541], [87.57316589355474, 24.086299896240348], [87.57021331787138, 24.087621688843], [87.56672668457037, 24.08641052246088], [87.56344604492193, 24.084501266479492], [87.55972290039091, 24.08288955688471], [87.55628204345732, 24.082309722900334], [87.55261993408209, 24.0845108032226], [87.54825592041044, 24.085460662841854], [87.54419708251959, 24.086561203002873], [87.53916931152361, 24.0878009796142], [87.53449249267584, 24.091409683227653], [87.53096771240251, 24.09486961364769], [87.53069305419933, 24.099210739135742], [87.52986145019531, 24.102409362793082], [87.52693939208979, 24.10378074645996], [87.52406311035185, 24.10370826721197], [87.5213012695313, 24.10423088073736], [87.51991271972673, 24.105871200561523], [87.51889038085966, 24.108720779419002], [87.51692199707037, 24.11100006103527], [87.51367187500006, 24.11082077026373], [87.51052856445307, 24.110361099243164], [87.50717926025396, 24.111280441284237], [87.5029373168947, 24.11280059814453], [87.49951171875017, 24.114580154419002], [87.49659729003935, 24.11580085754406], [87.49359893798845, 24.115209579467773], [87.4931030273438, 24.111930847168082], [87.49384307861334, 24.10815048217779], [87.49536895751959, 24.10547065734869], [87.49656677246122, 24.10267829895014], [87.49694824218778, 24.09933090209961], [87.49584960937494, 24.097150802612532], [87.49365234375006, 24.097240447998047], [87.49281311035156, 24.09547042846674], [87.49353027343778, 24.093090057373104], [87.48964691162115, 24.09004020690918], [87.48892211914074, 24.08819961547863], [87.49001312255865, 24.085468292236555], [87.49324035644531, 24.084600448608512], [87.49800109863298, 24.0843505859375], [87.50216674804705, 24.083290100097713], [87.50578308105469, 24.082080841064567], [87.50535583496122, 24.079429626464844], [87.50357055664068, 24.07766914367687], [87.50260162353521, 24.07526016235346], [87.50123596191423, 24.073318481445312], [87.49978637695318, 24.072540283203125], [87.4968566894533, 24.07369041442894], [87.4931869506836, 24.074739456176985], [87.48973083496122, 24.073230743408203], [87.48890686035162, 24.069660186767635], [87.4907531738283, 24.06657028198248], [87.49252319335943, 24.064701080322322], [87.49423217773443, 24.06265068054205], [87.49331665039074, 24.059249877929915], [87.49185180664062, 24.05553054809593], [87.49122619628935, 24.052021026611328], [87.49539184570318, 24.049970626831055], [87.50137329101557, 24.04751014709484], [87.50425720214844, 24.046182632446403], [87.50784301757841, 24.045669555664062], [87.50845336914062, 24.042539596557617], [87.51055145263672, 24.039831161498967], [87.50903320312517, 24.034679412841797], [87.50670623779325, 24.031999588012752], [87.50393676757818, 24.030090332031307], [87.50196075439453, 24.028150558471793], [87.50131225585943, 24.026090621948185], [87.50135040283232, 24.022329330444336], [87.49649047851568, 24.0231609344483], [87.49476623535156, 24.02435111999523], [87.49122619628935, 24.02337074279785], [87.48847961425787, 24.019330978393782], [87.48642730712896, 24.015951156616325], [87.48275756835943, 24.013652801513615], [87.47915649414068, 24.01412010192871], [87.47619628906244, 24.013011932373104], [87.47345733642584, 24.011432647705078], [87.47139739990263, 24.010890960693587], [87.46924591064459, 24.011562347412053], [87.46733856201178, 24.012178421020735], [87.4639358520509, 24.012620925903434], [87.46209716796875, 24.013111114501953], [87.45926666259783, 24.012979507446403], [87.45691680908232, 24.014062881469783], [87.45490264892578, 24.01496124267578], [87.45226287841803, 24.0150604248048], [87.44851684570341, 24.01634025573742], [87.44625091552729, 24.014289855957145], [87.44316101074247, 24.013759613037337], [87.43872833251959, 24.01251983642601], [87.43650054931669, 24.01094245910639], [87.43383026123075, 24.008321762085075], [87.43464660644548, 24.006860733032283], [87.43678283691406, 24.007810592651367], [87.43844604492188, 24.00904083251953], [87.4408721923831, 24.009460449218977], [87.44423675537115, 24.009099960327262], [87.44676971435558, 24.008350372314453], [87.44610595703142, 24.00696945190424], [87.444877624512, 24.005760192871094], [87.44246673584001, 24.00530052185053], [87.44139862060553, 24.003231048583984], [87.44330596923834, 24.000940322876033], [87.44676971435558, 24.000629425048942], [87.45018768310553, 23.999990463256836], [87.45067596435564, 23.999240875244197], [87.45487976074236, 23.996891021728516], [87.4583587646485, 23.99349975585949], [87.45980072021479, 23.984832763671932], [87.4579696655274, 23.981420516967887], [87.453598022461, 23.983390808105582], [87.4489822387697, 23.984291076660384], [87.44547271728544, 23.981460571289176], [87.43910217285162, 23.978130340576286], [87.43656158447283, 23.979150772094727], [87.43398284912115, 23.981689453125114], [87.4292984008789, 23.981861114501953], [87.42758941650408, 23.983970642089957], [87.42735290527372, 23.987928390503043], [87.42637634277372, 23.99032020568859], [87.42212677001959, 23.990800857544002], [87.41857910156278, 23.98935127258312], [87.41452789306646, 23.990842819213867], [87.40030670166016, 23.99392127990734], [87.394271850586, 23.99653053283697], [87.39389038085943, 23.999240875244197], [87.38976287841825, 24.001962661743107], [87.38234710693388, 24.002700805664062], [87.37687683105486, 24.003170013427678], [87.37400817871111, 24.00657844543457], [87.36479187011747, 24.006771087646598], [87.36038970947294, 24.007341384887695], [87.35663604736345, 24.009189605712947], [87.35484313964855, 24.005598068237532], [87.3533477783206, 24.002250671386832], [87.35098266601568, 23.999202728271484], [87.35021209716803, 23.996971130371037], [87.3481063842774, 23.99579048156744], [87.33728790283214, 23.994951248168945], [87.32787322998047, 23.995990753173885], [87.32395935058622, 23.997062683105696], [87.31989288330084, 23.99917984008789], [87.317886352539, 24.00152015686041], [87.31539154052763, 24.004421234130916], [87.31581115722656, 24.007089614868278], [87.31828308105469, 24.006870269775447], [87.32054138183622, 24.009279251098633], [87.32225036621122, 24.013162612915096], [87.3241729736331, 24.017480850219727], [87.3274307250976, 24.016620635986555], [87.33232879638683, 24.017539978027457], [87.33319091796892, 24.022270202636776], [87.33550262451172, 24.023862838745117], [87.33235931396513, 24.03100967407221], [87.32628631591791, 24.030130386352596], [87.31997680664091, 24.031440734863395], [87.31373596191423, 24.032390594482422], [87.30877685546892, 24.031951904296932], [87.30368041992193, 24.02937126159668], [87.29654693603516, 24.030162811279524], [87.28956604003912, 24.030309677124023], [87.28621673584013, 24.027179718017692], [87.28264617919939, 24.02692985534668], [87.27915954589872, 24.02935981750494], [87.27427673339844, 24.031841278076172], [87.26918792724615, 24.033010482788086], [87.2638702392581, 24.034690856933707], [87.25781249999994, 24.035480499267635], [87.25345611572283, 24.037340164184627], [87.249038696289, 24.04012107849144], [87.24359893798834, 24.04211997985834], [87.2379760742187, 24.04121971130371], [87.2348022460938, 24.03731918334961], [87.2334823608399, 24.032688140869254], [87.23265075683594, 24.02459907531744], [87.23536682128906, 24.017549514770565], [87.23922729492193, 24.014780044555664], [87.24034881591803, 24.010660171509016], [87.24059295654308, 24.005720138549805], [87.24356842041016, 24.001010894775504], [87.24539947509794, 23.998550415039062], [87.24581146240234, 23.998020172119084], [87.24616241455107, 23.997650146484432], [87.24687194824224, 23.99702072143566], [87.24727630615263, 23.99677085876465], [87.2476959228515, 23.99653053283697], [87.24816131591803, 23.99632072448742], [87.24862670898466, 23.996129989624137], [87.24909973144531, 23.995990753173885], [87.24960327148432, 23.99587059021019], [87.25009918212896, 23.995780944824332], [87.25060272216814, 23.995727539062727], [87.25109100341825, 23.99571037292486], [87.25157928466797, 23.995727539062727], [87.25208282470697, 23.995780944824332], [87.25260162353527, 23.99587059021019], [87.2531127929688, 23.995990753173885], [87.25363159179688, 23.99614906311041], [87.2540893554688, 23.996360778808707], [87.25451660156261, 23.99661064147955], [87.254936218262, 23.996891021728516], [87.25531005859403, 23.997169494628906], [87.25565338134777, 23.99751091003418], [87.25595855712908, 23.997880935669173], [87.2562103271485, 23.998270034790096], [87.2564086914063, 23.999090194702205], [87.25718688964855, 23.999780654907454], [87.2608184814456, 24.00290107727062], [87.26271057128918, 23.9991207122805], [87.26206207275408, 23.995090484619197], [87.26692962646513, 23.987779617309627], [87.2680282592774, 23.98463058471691], [87.26602172851562, 23.981830596923828], [87.26072692871111, 23.978090286254996], [87.25953674316406, 23.96992111206066], [87.26154327392584, 23.96616935729992], [87.26452636718767, 23.963481903076115], [87.26925659179682, 23.96532058715826], [87.27805328369158, 23.95755958557129], [87.28666687011736, 23.95749092102062], [87.29181671142595, 23.955699920654297], [87.29048919677734, 23.94745254516613], [87.29193115234403, 23.93875122070324], [87.28513336181658, 23.933889389038313], [87.287826538086, 23.925949096679744], [87.28768920898443, 23.920230865478516], [87.29454803466803, 23.898571014404354], [87.29067230224626, 23.898700714111328], [87.29258728027344, 23.890140533447322], [87.28552246093767, 23.88361167907709], [87.28129577636736, 23.8842010498048], [87.27832031250006, 23.881948471069336], [87.27041625976562, 23.872940063476676], [87.26493072509766, 23.874828338623047], [87.26174926757818, 23.878171920776424], [87.26412963867205, 23.87997055053711], [87.26088714599626, 23.892179489135856], [87.25630950927751, 23.898149490356502], [87.25987243652372, 23.902111053466797], [87.25920104980486, 23.90420150756836], [87.25666046142572, 23.907592773437557], [87.25242614746122, 23.91011047363287], [87.24822235107433, 23.90701103210455], [87.24431610107439, 23.900390625000057], [87.24608612060553, 23.89493942260748], [87.24311065673857, 23.8848628997805], [87.2453002929688, 23.880609512329215], [87.24442291259794, 23.87807846069336], [87.24487304687517, 23.868400573730412], [87.2490463256836, 23.865829467773494], [87.24608612060553, 23.85658073425293], [87.24742889404303, 23.85131072998047], [87.25152587890625, 23.84766006469738], [87.25270080566423, 23.842861175537337], [87.25521850585943, 23.839300155639705], [87.24572753906256, 23.82807159423851], [87.242729187012, 23.826160430908146], [87.23880004882812, 23.824850082397575], [87.23375701904325, 23.8253498077392], [87.22912597656256, 23.823009490966854], [87.21975708007818, 23.827209472656193], [87.21855926513689, 23.830801010131836], [87.22235107421875, 23.834831237792912], [87.22410583496111, 23.842689514160156], [87.2279663085938, 23.842901229858626], [87.23174285888672, 23.84456062316906], [87.2351379394533, 23.8482418060305], [87.23623657226591, 23.853069305419922], [87.22782897949247, 23.85530281066889], [87.22248077392607, 23.857639312744084], [87.21675872802763, 23.850942611694393], [87.21282196044939, 23.850271224975586], [87.20732879638672, 23.853010177612532], [87.20302581787138, 23.846172332763786], [87.19944763183588, 23.847499847412223], [87.19433593750017, 23.842121124267635], [87.19164276123047, 23.840442657470817], [87.18856811523432, 23.840837478637695], [87.18869781494146, 23.846311569213924], [87.19541931152372, 23.850860595703068], [87.19565582275408, 23.854259490966797], [87.1873626708985, 23.857179641723746], [87.18427276611334, 23.85291099548334], [87.18060302734392, 23.851530075073356], [87.17662048339844, 23.852462768554744], [87.1729507446289, 23.856220245361385], [87.16911315917963, 23.85779190063488], [87.16668701171892, 23.860490798950195], [87.1566925048831, 23.864889144897575], [87.15290069580072, 23.865591049194393], [87.1475067138673, 23.862682342529354], [87.14076995849615, 23.865100860595703], [87.13860321044916, 23.86740112304699], [87.13581848144537, 23.868139266967887], [87.13092803955107, 23.866960525512695], [87.12786102294933, 23.862440109252873], [87.12963104248041, 23.858129501342773], [87.12944030761713, 23.85490036010748], [87.1303329467774, 23.850910186767692], [87.13772583007818, 23.845809936523665], [87.14581298828153, 23.836610794067326], [87.1539993286134, 23.825740814209098], [87.15912628173834, 23.828300476074332], [87.16220855712919, 23.82761955261236], [87.1664428710937, 23.819589614868278], [87.15592956542997, 23.80372047424322], [87.15364837646513, 23.798450469970817], [87.14874267578142, 23.794370651245117], [87.14354705810575, 23.796361923218], [87.13920593261736, 23.800060272216797], [87.13362884521513, 23.796340942382812], [87.12416076660173, 23.7950382232666], [87.11299896240263, 23.796810150146484], [87.11025238037115, 23.799062728881893], [87.11466979980474, 23.800081253051985], [87.11633300781267, 23.801969528198356], [87.11609649658197, 23.804801940918196], [87.11258697509771, 23.805538177490348], [87.10771179199219, 23.801870346069393], [87.10592651367199, 23.79952049255371], [87.09572601318376, 23.80948066711437], [87.09130096435541, 23.809610366821346], [87.08840179443388, 23.807809829711857], [87.08451080322271, 23.80526924133312], [87.07660675048822, 23.809110641479492], [87.07276916503935, 23.812339782714787], [87.0642318725586, 23.813499450683594], [87.05694580078153, 23.816259384155387], [87.03440856933605, 23.83682823181158], [87.02243041992216, 23.840522766113395], [87.01345825195341, 23.84694290161127], [87.00205993652361, 23.85248947143549], [86.99455261230497, 23.853530883789006], [86.9801330566408, 23.85638046264654], [86.9718780517581, 23.86283111572277], [86.96691131591825, 23.865299224853516], [86.96304321289068, 23.864772796630916], [86.95957183837896, 23.8623104095459], [86.95771026611334, 23.859130859375], [86.95575714111334, 23.849611282348633], [86.9512329101563, 23.8458709716798], [86.9431991577149, 23.842861175537337], [86.93637847900419, 23.84486007690424], [86.92813873291021, 23.849958419800032], [86.92540740966814, 23.853841781616325], [86.92415618896496, 23.865880966186467], [86.90688323974626, 23.879510879516545], [86.90365600585955, 23.87897109985363], [86.89501190185575, 23.87995147705101], [86.89138031005888, 23.876390457153377], [86.88461303710943, 23.873350143432617], [86.8800888061524, 23.86650085449213], [86.87526702880865, 23.86238098144537], [86.87538909912104, 23.857450485229606], [86.88226318359375, 23.85661125183111], [86.88017272949219, 23.842201232910213], [86.88478851318376, 23.83436965942377], [86.8847427368164, 23.830490112304688], [86.88690948486334, 23.82732963562023], [86.88768768310553, 23.822160720825195], [86.88437652587908, 23.819200515747184], [86.88226318359375, 23.814479827880973], [86.8769302368164, 23.81344985961914], [86.8769302368164, 23.82133102416998], [86.87329101562494, 23.82723045349121], [86.87309265136713, 23.83448028564453], [86.87121582031267, 23.844181060791072], [86.86084747314482, 23.842172622680664], [86.85704803466825, 23.83950042724615], [86.8544692993164, 23.832477569580078], [86.8444290161134, 23.82185173034668], [86.83500671386736, 23.819259643554688], [86.825912475586, 23.813198089599553], [86.82077026367193, 23.811309814453182], [86.81379699707031, 23.812160491943416], [86.80930328369146, 23.81413078308111], [86.80702209472662, 23.818149566650334], [86.80786895751947, 23.824552536010742], [86.80647277832043, 23.828100204467887], [86.80367279052729, 23.83068084716797], [86.80018615722668, 23.832630157470817], [86.7973861694336, 23.831869125366268], [86.79283905029314, 23.83138084411621], [86.79220581054716, 23.82726287841797], [86.7974700927735, 23.82403945922863], [86.80097198486357, 23.81332969665533], [86.7976913452149, 23.797718048095817], [86.80841064453153, 23.78827095031744], [86.81671905517584, 23.776149749755973], [86.81977081298834, 23.761070251464844], [86.81933593750017, 23.752269744873104], [86.81610107421892, 23.744831085205135], [86.81163024902355, 23.74480056762701], [86.80800628662121, 23.743810653686467], [86.80451202392584, 23.73985290527338], [86.7983703613283, 23.716341018676815], [86.79351043701183, 23.706012725830078], [86.79093933105486, 23.698499679565487], [86.79305267333984, 23.695022583007756], [86.7956771850586, 23.693479537963867], [86.79203796386713, 23.687370300293082], [86.77269744873053, 23.68188095092796], [86.75850677490251, 23.678480148315487], [86.73812866210943, 23.67761039733898], [86.7359161376956, 23.679090499877987], [86.7365493774414, 23.688760757446403], [86.73169708251959, 23.69379043579096], [86.71100616455095, 23.697229385375977], [86.69384765625017, 23.694520950317383], [86.68334960937517, 23.689741134643782], [86.66873168945318, 23.686050415039176], [86.64884948730486, 23.682870864868107], [86.63334655761713, 23.67574119567871], [86.62444305419922, 23.672769546508732], [86.61580657958984, 23.671640396118164], [86.59160614013689, 23.671150207519645], [86.58796691894531, 23.66908073425293], [86.58850860595732, 23.665441513061523], [86.59062194824213, 23.662240982055778], [86.58310699462896, 23.658840179443473], [86.5652465820312, 23.646270751953125], [86.55201721191412, 23.64009284973156], [86.53743743896501, 23.634620666503906], [86.52865600585955, 23.628980636596623], [86.52369689941423, 23.62836074829096], [86.51187896728533, 23.62906074523937], [86.50171661376982, 23.63157844543457], [86.48129272460966, 23.635038375854606], [86.47162628173845, 23.63128089904808], [86.46642303466825, 23.6296195983889], [86.44490814208984, 23.631532669067496], [86.43988037109386, 23.62961006164562], [86.4384765625, 23.627792358398494], [86.43791961669928, 23.624179840087834], [86.43959808349626, 23.616672515869197], [86.4396362304688, 23.609100341796932], [86.43456268310575, 23.60845184326172], [86.43045806884783, 23.611110687256087], [86.42727661132818, 23.610330581665096], [86.42466735839872, 23.604919433593977], [86.418212890625, 23.603412628173828], [86.41356658935558, 23.601331710815373], [86.41036987304682, 23.598022460937557], [86.40622711181658, 23.587980270385685], [86.40019226074224, 23.589452743530387], [86.38941955566423, 23.588779449462947], [86.3869705200197, 23.58535957336437], [86.38092803955084, 23.58436012268089], [86.38220214843767, 23.57892990112316], [86.38176727294916, 23.57550048828125], [86.38288116455107, 23.572019577026367], [86.37812042236357, 23.568838119506893], [86.37486267089872, 23.56851959228527], [86.37304687500017, 23.561330795288086], [86.36789703369158, 23.5592098236084], [86.36480712890625, 23.557052612304744], [86.36422729492188, 23.551349639892578], [86.3616027832033, 23.549661636352596], [86.36048126220709, 23.54612922668457], [86.35797119140642, 23.543060302734375], [86.36048126220709, 23.53848075866705], [86.35872650146501, 23.53363990783697], [86.35965728759766, 23.530670166015625], [86.3638305664062, 23.52807044982916], [86.36495208740263, 23.525489807128906], [86.36765289306635, 23.522558212280217], [86.36701202392584, 23.51885986328125], [86.36503601074236, 23.515438079834098], [86.35690307617193, 23.512889862060774], [86.35706329345709, 23.510250091552848], [86.35370635986357, 23.496419906616154], [86.35859680175787, 23.489589691162166], [86.36205291748053, 23.491889953613224], [86.37059783935553, 23.490261077880973], [86.37214660644537, 23.4860782623291], [86.37194824218756, 23.4826602935791], [86.37052154541016, 23.48163986206066], [86.36850738525396, 23.483961105346737], [86.36440277099604, 23.482149124145565], [86.3554992675783, 23.481559753418082], [86.3489761352539, 23.472499847412223], [86.35222625732439, 23.46819114685053], [86.35183715820312, 23.463630676269645], [86.34703826904325, 23.461162567138672], [86.33789825439447, 23.461090087890682], [86.33834075927734, 23.45697975158697], [86.34041595459001, 23.452392578125114], [86.33135986328136, 23.447240829467773], [86.32926940917997, 23.448240280151367], [86.32863616943365, 23.454980850219727], [86.32621002197277, 23.45756149291998], [86.32122039794928, 23.45448112487793], [86.31511688232428, 23.452671051025504], [86.31208801269543, 23.448600769042912], [86.30647277832048, 23.448209762573242], [86.3001480102539, 23.443710327148438], [86.30034637451189, 23.440639495849723], [86.30578613281256, 23.436180114746207], [86.30998992919933, 23.437610626220817], [86.31227874755871, 23.437320709228516], [86.31286621093778, 23.431430816650447], [86.31423950195307, 23.428289413452262], [86.31333160400408, 23.426061630249023], [86.30000305175781, 23.420061111450195], [86.28967285156267, 23.422870635986385], [86.28237152099638, 23.427459716796875], [86.28115081787115, 23.435447692871037], [86.2806777954101, 23.43960952758789], [86.27847290039068, 23.441120147705078], [86.27348327636736, 23.438949584960994], [86.26719665527344, 23.440000534057617], [86.2662963867188, 23.43795967102045], [86.26374816894548, 23.436571121215877], [86.2578430175783, 23.43821907043457], [86.25244140624994, 23.43749046325678], [86.2500610351563, 23.435590744018498], [86.24665069580084, 23.434152603149357], [86.24794769287115, 23.430839538574332], [86.25305175781267, 23.424850463867244], [86.2508392333985, 23.422210693359432], [86.24646759033209, 23.419189453125114], [86.24317932128912, 23.419580459594783], [86.23989105224626, 23.42258071899414], [86.23909759521479, 23.425710678100586], [86.23954772949224, 23.431680679321232], [86.2311096191408, 23.429519653320256], [86.22466278076172, 23.43568038940441], [86.22502136230486, 23.44281959533697], [86.2273559570313, 23.44960975646967], [86.23517608642584, 23.455989837646484], [86.23874664306658, 23.469690322875977], [86.23226928710955, 23.47072029113781], [86.22532653808622, 23.469881057739258], [86.22319793701178, 23.46480751037609], [86.22406005859392, 23.45725059509283], [86.22097778320307, 23.455980300903377], [86.20970916748075, 23.45923042297369], [86.20326232910173, 23.45868110656744], [86.19956207275402, 23.464048385620117], [86.19536590576183, 23.463470458984318], [86.19180297851562, 23.464420318603572], [86.18676757812506, 23.468370437622127], [86.18102264404303, 23.466920852661246], [86.17877960205107, 23.46772956848139], [86.1791458129884, 23.475120544433537], [86.17233276367182, 23.47854042053234], [86.1679229736331, 23.476089477539062], [86.15296173095709, 23.476989746093864], [86.14553070068365, 23.473070144653263], [86.14267730712896, 23.477331161499137], [86.14331054687528, 23.481260299682674], [86.14585876464861, 23.4861297607423], [86.14517974853521, 23.49398994445812], [86.15511322021496, 23.504230499267578], [86.15328979492205, 23.509750366210994], [86.15455627441435, 23.51914978027355], [86.14292907714872, 23.527341842651367], [86.14427947998075, 23.535240173339844], [86.14969635009783, 23.541179656982536], [86.15273284912126, 23.548250198364258], [86.15326690673822, 23.55159187316906], [86.14846801757841, 23.555509567260856], [86.14628601074224, 23.55866050720215], [86.14842987060553, 23.56393051147461], [86.14819335937506, 23.56542015075695], [86.14476776123053, 23.567771911621207], [86.13861083984392, 23.570020675659293], [86.13607025146513, 23.56926918029791], [86.13172912597656, 23.566230773925895], [86.12668609619146, 23.566749572753963], [86.11943817138678, 23.573911666870117], [86.11020660400408, 23.570730209350813], [86.10485076904314, 23.571960449218864], [86.10154724121122, 23.5738983154298], [86.09835815429705, 23.570960998535384], [86.09358215332031, 23.57001113891596], [86.08795928955084, 23.56764030456543], [86.08268737792963, 23.568571090698242], [86.072769165039, 23.56822013854986], [86.07144165039057, 23.57847976684576], [86.06530761718778, 23.580730438232422], [86.0513305664063, 23.57889938354498], [86.04686737060564, 23.58386993408203], [86.03737640380865, 23.58345985412609], [86.03533935546886, 23.57509040832531], [86.03009796142595, 23.574760437011776], [86.02511596679705, 23.572298049926758], [86.01760864257841, 23.563610076904354], [86.01100921630876, 23.56124114990257], [86.01077270507841, 23.551649093628157], [86.02110290527344, 23.545490264892635], [86.01854705810558, 23.542430877685604], [86.02506256103544, 23.531749725341854], [86.02703857421892, 23.524250030517578], [86.03156280517607, 23.520967483520508], [86.03269195556669, 23.51802253723156], [86.03276824951189, 23.504840850830078], [86.04860687255876, 23.502620697021598], [86.05087280273455, 23.501550674438477], [86.05150604248053, 23.499000549316406], [86.04722595214844, 23.493642807006893], [86.04136657714844, 23.490249633789062], [86.03575134277372, 23.490320205688533], [86.02906799316435, 23.487159729003906], [86.0255966186524, 23.488080978393555], [86.02037048339861, 23.48791122436529], [86.01545715332037, 23.485160827636776], [86.0102310180664, 23.48315048217779], [86.00557708740246, 23.482690811157283], [86.00137329101568, 23.47879981994629], [85.99475097656278, 23.47553253173828], [85.99037933349604, 23.476379394531307], [85.9756622314456, 23.470729827881087], [85.9678192138673, 23.46537017822277], [85.95717620849638, 23.461931228637752], [85.95289611816412, 23.45962905883789], [85.94979858398455, 23.4554500579834], [85.9439086914063, 23.454620361328352], [85.93794250488281, 23.45513916015625], [85.91752624511719, 23.462350845337028], [85.91269683837902, 23.46729850769043], [85.90637207031256, 23.471750259399414], [85.89125061035173, 23.475980758667106], [85.87757873535162, 23.47586059570324], [85.87412261962896, 23.47623062133789], [85.87007904052751, 23.47480010986328], [85.86602783203125, 23.47023010253912], [85.8635482788086, 23.45948982238781], [85.86206054687517, 23.454969406127987], [85.85954284667969, 23.450950622558594], [85.85975646972673, 23.441619873046932], [85.86089324951189, 23.428180694580135], [85.8628768920899, 23.40997123718273], [85.87222290039068, 23.408531188964957], [85.8741989135745, 23.410509109497013], [85.87845611572283, 23.408029556274357], [85.88172149658203, 23.40372085571289], [85.87829589843756, 23.402149200439396], [85.87731170654314, 23.40043067932129], [85.88478088378912, 23.387340545654297], [85.88212585449224, 23.383710861205998], [85.8824768066408, 23.38109970092779], [85.8905792236331, 23.38103294372553], [85.8943481445313, 23.379680633544922], [85.8958587646485, 23.376979827880803], [85.8956909179688, 23.37059020996088], [85.89337921142584, 23.369539260864258], [85.88527679443354, 23.37375831604004], [85.8750305175783, 23.36828041076666], [85.86625671386736, 23.36484909057623], [85.86666870117193, 23.361480712890625], [85.87301635742199, 23.356899261474723], [85.87277984619146, 23.35527992248541], [85.87087249755865, 23.352519989013786], [85.87159729003923, 23.330158233642805], [85.87535095214872, 23.328741073608512], [85.87751007080095, 23.32625961303711], [85.87798309326183, 23.323709487914982], [85.87523651123047, 23.32067108154297], [85.8683013916015, 23.315879821777344], [85.86077117919928, 23.314979553222713], [85.86149597167986, 23.303329467773438], [85.85785675048845, 23.30108070373535], [85.85240936279303, 23.29446029663086], [85.84446716308588, 23.289569854736442], [85.84173583984386, 23.284320831298828], [85.839126586914, 23.282079696655273], [85.83365631103516, 23.28067970275879], [85.82636260986328, 23.26312065124523], [85.83067321777355, 23.243230819702376], [85.831840515137, 23.21783065795904], [85.83068847656278, 23.213970184326172], [85.8307266235351, 23.210639953613338], [85.832817077637, 23.206140518188704], [85.83371734619146, 23.201900482177734], [85.83155822753906, 23.195119857788086], [85.83241271972685, 23.19264030456543], [85.83500671386724, 23.192100524902344], [85.84391021728516, 23.19412994384777], [85.85192108154297, 23.192550659179915], [85.85752105712896, 23.194362640381087], [85.859848022461, 23.192390441894645], [85.87721252441418, 23.172960281372127], [85.87780761718778, 23.171012878418026], [85.87657928466803, 23.161279678344727], [85.87731170654314, 23.15866088867199], [85.8864059448245, 23.153350830078068], [85.88916015625, 23.15176010131836], [85.90038299560564, 23.148099899292106], [85.90673828125006, 23.14207077026373], [85.91160583496088, 23.13358116149908], [85.9149932861331, 23.129529953002987], [85.91781616210943, 23.131151199340877], [85.91957092285185, 23.12695121765148], [85.92147064208996, 23.125930786132812], [85.92202758789068, 23.12939834594721], [85.92581176757818, 23.130651473999023], [85.93628692626959, 23.129671096801815], [85.94380950927763, 23.129470825195426], [85.94673919677751, 23.130880355835018], [85.94790649414062, 23.133960723877067], [85.95155334472662, 23.138160705566463], [85.956298828125, 23.139471054077376], [85.95932769775408, 23.13977241516119], [85.97048187255871, 23.140029907226562], [85.98194122314482, 23.145900726318416], [85.99006652832037, 23.146280288696403], [85.99555969238298, 23.14442062377941], [86.00258636474604, 23.146169662475643], [86.00609588623053, 23.144901275634766], [86.00971984863287, 23.144979476928768], [86.01389312744158, 23.141641616821346], [86.0179977416995, 23.14048957824707], [86.02478790283209, 23.143199920654297], [86.02835845947283, 23.14571189880371], [86.03227233886724, 23.14509010314947], [86.03692626953125, 23.143610000610465], [86.04199218750006, 23.135969161987305], [86.04839324951189, 23.129169464111442], [86.04897308349626, 23.124849319458008], [86.04653930664068, 23.120687484741154], [86.04424285888678, 23.11186027526867], [86.04796600341825, 23.10868072509777], [86.05928802490251, 23.105560302734432], [86.0700073242188, 23.101432800293082], [86.08096313476591, 23.104299545288086], [86.08322143554716, 23.100931167602482], [86.08358764648449, 23.098590850830135], [86.09179687500011, 23.090770721435604], [86.0971069335938, 23.09166908264166], [86.10476684570324, 23.08889961242687], [86.10640716552734, 23.090288162231445], [86.11418151855469, 23.09196090698248], [86.11569213867182, 23.093631744384822], [86.12735748291033, 23.089080810546875], [86.12864685058622, 23.085729598999137], [86.13656616210943, 23.083101272583065], [86.13803863525408, 23.080480575561523], [86.13363647460938, 23.06990051269554], [86.13456726074213, 23.06294059753418], [86.13810729980474, 23.059329986572322], [86.14604187011736, 23.05572128295904], [86.14833068847673, 23.05266952514654], [86.15001678466791, 23.040899276733512], [86.15365600585938, 23.037229537963924], [86.16015625000017, 23.039060592651367], [86.16232299804693, 23.033809661865348], [86.1667098999024, 23.026950836181754], [86.17249298095732, 23.023050308227596], [86.17562866210955, 23.012990951538143], [86.17838287353527, 23.011720657348633], [86.18118286132818, 23.01296043395996], [86.2008666992188, 23.015142440795955], [86.20436096191435, 23.013210296630973], [86.20024108886736, 23.00974845886236], [86.20381164550776, 22.99785804748558], [86.20642852783214, 22.994070053100586], [86.21247863769537, 22.99184989929222], [86.21697235107416, 22.99160957336437], [86.22706604003935, 22.992870330810547], [86.23095703125, 22.992141723632926], [86.23448181152372, 22.99336814880394], [86.2386322021485, 22.994888305664062], [86.24508666992193, 22.995460510253906], [86.25086212158214, 22.99497985839855], [86.2612915039063, 22.99553108215332], [86.26378631591803, 22.998029708862248], [86.26328277587919, 22.999361038208065], [86.26500701904325, 23.000400543212947], [86.26972198486334, 23.00443077087425], [86.27350616455084, 23.00653076171875], [86.27552032470697, 23.008600234985465], [86.27937316894548, 23.010719299316406], [86.28475952148443, 23.01086044311529], [86.2919921875, 23.010070800781364], [86.29191589355497, 23.009050369262695], [86.29400634765653, 23.008110046386946], [86.29482269287126, 23.009141921997184], [86.29638671875006, 23.01020050048851], [86.2975158691408, 23.01325988769554], [86.29825592041033, 23.013282775878963], [86.30030822753935, 23.012340545654297], [86.3006973266601, 23.0103511810305], [86.30042266845709, 23.008319854736328], [86.30020141601568, 23.006301879882812], [86.30211639404303, 23.00335121154785], [86.30590820312517, 23.002489089965934], [86.30992889404303, 23.00065040588379], [86.30989074707048, 22.998130798339844], [86.31217956542986, 22.995210647583065], [86.3152923583985, 22.995559692382926], [86.3258590698245, 22.992420196533317], [86.33215332031278, 22.98890113830572], [86.334716796875, 22.98935127258295], [86.34133148193354, 22.99328041076683], [86.34648895263672, 22.993019104003963], [86.35048675537104, 22.989179611206282], [86.35160827636747, 22.994911193847656], [86.35997772216825, 22.996681213378963], [86.36324310302763, 22.992748260498274], [86.36949920654308, 22.994310379028263], [86.38044738769531, 22.990749359130803], [86.38096618652372, 22.98441123962425], [86.3836059570313, 22.980131149291992], [86.3873062133789, 22.97673034667963], [86.39303588867188, 22.97423934936529], [86.3968811035158, 22.977819442748967], [86.40030670166033, 22.983140945434627], [86.41052246093778, 22.987018585205135], [86.41628265380854, 22.994791030883846], [86.43170166015653, 22.990329742431754], [86.44056701660173, 22.990079879760742], [86.44168853759783, 22.987329483032227], [86.44522857666027, 22.985090255737305], [86.44779205322283, 22.98710060119629], [86.45108795166021, 22.98760986328125], [86.46308898925787, 22.985218048095646], [86.46618652343756, 22.98863029479986], [86.47495269775396, 22.985660552978516], [86.47936248779308, 22.988849639892578], [86.4973526000976, 22.989908218383903], [86.49730682373075, 22.98314857482916], [86.50401306152372, 22.978019714355582], [86.507621765137, 22.97277069091797], [86.49991607666021, 22.968540191650447], [86.51223754882812, 22.966260910034237], [86.51876068115251, 22.96811294555664], [86.52271270751947, 22.972158432006836], [86.52076721191435, 22.9728298187257], [86.53415679931635, 22.98135948181175], [86.540283203125, 22.987230300903434], [86.54203033447283, 22.974340438842887], [86.53774261474638, 22.965839385986385], [86.53851318359403, 22.961868286132812], [86.53244781494135, 22.96223258972168], [86.52662658691412, 22.96087074279791], [86.527572631836, 22.95792961120617], [86.52339172363287, 22.948680877685604], [86.51835632324236, 22.944330215454215], [86.51272583007818, 22.946191787719783], [86.50757598876959, 22.945358276367415], [86.49868774414057, 22.947740554809684], [86.49662017822283, 22.947540283203068], [86.49772644042963, 22.94512939453125], [86.4957733154298, 22.94129180908203], [86.49401092529303, 22.94148826599144], [86.49246978759771, 22.944231033325252], [86.48943328857428, 22.94406127929699], [86.48680114746105, 22.935541152954215], [86.48452758789091, 22.93428039550787], [86.4838027954101, 22.93824958801264], [86.47872161865234, 22.940589904785384], [86.47344970703136, 22.944080352783203], [86.47435760498053, 22.94882965087902], [86.47042083740263, 22.949449539184684], [86.4701232910158, 22.9466228485108], [86.46206665039057, 22.944231033325252], [86.45803070068388, 22.938791275024528], [86.4582061767581, 22.932960510254134], [86.45104217529314, 22.930469512939396], [86.43708801269531, 22.927289962768555], [86.43282318115246, 22.923402786254883], [86.43113708496122, 22.920139312744254], [86.43241882324224, 22.915769577026424], [86.44845581054693, 22.901920318603516], [86.46234893798834, 22.89898109436035], [86.4630432128908, 22.89663124084484], [86.45101928710938, 22.882970809936637], [86.44696044921903, 22.883409500122298], [86.44928741455072, 22.877059936523494], [86.44667053222673, 22.869449615478516], [86.4476928710938, 22.861730575561523], [86.44687652587896, 22.85877990722662], [86.43283843994169, 22.860490798950195], [86.43126678466803, 22.846380233764762], [86.43321990966825, 22.840589523315657], [86.43300628662115, 22.83533287048334], [86.43390655517584, 22.828590393066406], [86.42159271240263, 22.808820724487248], [86.41796875000028, 22.78981971740734], [86.41263580322294, 22.78643035888672], [86.41615295410173, 22.776508331298942], [86.42198944091825, 22.774190902710018], [86.4288711547851, 22.768430709838867], [86.43982696533209, 22.76268005371105], [86.44388580322277, 22.758590698242188], [86.45401000976591, 22.759639739990234], [86.46604156494169, 22.74645042419428], [86.46666717529314, 22.74023056030279], [86.4700164794923, 22.737407684326286], [86.47898101806652, 22.72239112854004], [86.48162078857428, 22.72474098205572], [86.48774719238287, 22.723289489746094], [86.48993682861345, 22.719810485839787], [86.49653625488293, 22.715480804443473], [86.50035858154325, 22.7110404968264], [86.50659179687506, 22.70152091979986], [86.5095596313476, 22.702262878417912], [86.50805664062517, 22.708169937133903], [86.50995635986328, 22.716060638427848], [86.51644897460955, 22.71478080749523], [86.52017974853527, 22.7179012298584], [86.53369903564459, 22.716579437255916], [86.5392532348634, 22.720649719238338], [86.54634857177763, 22.715288162231445], [86.5495223999024, 22.710910797119254], [86.5551071166995, 22.7078800201416], [86.57401275634794, 22.694639205932617], [86.58078002929693, 22.688991546630803], [86.5912170410158, 22.688640594482422], [86.59670257568388, 22.685440063476676], [86.60291290283209, 22.679830551147518], [86.61016082763678, 22.67741966247553], [86.61786651611357, 22.673389434814453], [86.62236785888678, 22.6663112640382], [86.63037872314459, 22.66250991821289], [86.63668823242193, 22.65512084960949], [86.63548278808611, 22.64719963073736], [86.63675689697294, 22.630819320678825], [86.63510131835955, 22.622659683227596], [86.63239288330072, 22.609979629516545], [86.63400268554693, 22.604011535644645], [86.63432312011736, 22.597259521484602], [86.6389770507813, 22.59375], [86.64827728271501, 22.59160995483404], [86.65109252929688, 22.584262847900504], [86.64932250976591, 22.58204078674322], [86.65170288085955, 22.57579040527338], [86.65727996826178, 22.572708129882926], [86.6613998413086, 22.574430465698242], [86.67279815673857, 22.57238006591797], [86.6738891601563, 22.573490142822322], [86.68340301513678, 22.576761245727653], [86.70601654052729, 22.58036041259777], [86.72767639160162, 22.574638366699332], [86.75598907470697, 22.574270248413086], [86.75994110107433, 22.572429656982536], [86.76344299316406, 22.564628601074276], [86.76741790771513, 22.560888290405273], [86.76696014404303, 22.5560302734375], [86.76348114013689, 22.552520751953068], [86.76451873779308, 22.55063056945812], [86.7712631225586, 22.548311233520565], [86.77137756347668, 22.54583930969244], [86.7763061523438, 22.547008514404524], [86.77789306640653, 22.545410156250057], [86.78407287597673, 22.5442409515382], [86.78617095947283, 22.537410736083984], [86.78279113769537, 22.535739898681697], [86.78531646728544, 22.532440185546932], [86.78520965576189, 22.529310226440657], [86.78280639648443, 22.524370193481445], [86.78971099853544, 22.5203800201416], [86.79139709472662, 22.516660690307617], [86.79177856445318, 22.513439178467024], [86.78930664062511, 22.50965118408203], [86.78962707519537, 22.507570266723576], [86.79860687255865, 22.498821258545036], [86.79096221923834, 22.493629455566406], [86.79296112060575, 22.4906005859375], [86.79701232910156, 22.488758087158203], [86.79796600341797, 22.486991882324276], [86.79801177978516, 22.483989715576172], [86.79556274414068, 22.47968292236328], [86.78922271728533, 22.474510192871037], [86.78550720214872, 22.476650238037166], [86.78251647949219, 22.47735023498541], [86.77571105957037, 22.477300643921012], [86.76953124999994, 22.475940704345646], [86.76066589355474, 22.478910446166992], [86.75332641601562, 22.480119705200195], [86.74826812744146, 22.478660583496207], [86.74540710449224, 22.47567939758312], [86.74513244628906, 22.470539093017635], [86.74900054931646, 22.460332870483512], [86.75148010253912, 22.45067977905296], [86.75744628906256, 22.446380615234432], [86.75707244873058, 22.44244956970215], [86.75794982910173, 22.435659408569563], [86.762260437012, 22.425231933593807], [86.76389312744146, 22.422889709472656], [86.76925659179693, 22.42158126831049], [86.77867889404291, 22.421491622924805], [86.7889785766601, 22.418252944946403], [86.80525970458984, 22.416490554809798], [86.81841278076189, 22.412300109863395], [86.83090972900419, 22.40637016296381], [86.83875274658232, 22.401359558105526], [86.84393310546875, 22.396060943603516], [86.84491729736345, 22.392328262329215], [86.84359741210938, 22.38764190673851], [86.84047698974604, 22.3842391967774], [86.83822631835955, 22.378610610962028], [86.84094238281256, 22.36902046203619], [86.83634185791033, 22.360870361328125], [86.8289413452149, 22.341501235961914], [86.830062866211, 22.338399887085018], [86.82853698730474, 22.32949066162115], [86.82919311523466, 22.3245906829834], [86.83689880371111, 22.316751480102596], [86.84066772460932, 22.3138103485108], [86.84719085693376, 22.313150405883903], [86.86295318603544, 22.303819656372184], [86.86808013916027, 22.304580688476506], [86.87121582031267, 22.30266952514671], [86.87258911132812, 22.298770904541016], [86.88080596923834, 22.296409606933594], [86.88511657714838, 22.296709060669173], [86.88623046875028, 22.29412078857422], [86.88684844970703, 22.28668975830078], [86.88845062255865, 22.281410217285384], [86.88860321044939, 22.275699615478516], [86.88796234130888, 22.2695827484132], [86.88562774658214, 22.26890945434593], [86.88555908203125, 22.263429641723576], [86.88667297363298, 22.259000778198242], [86.8856811523437, 22.25212097167963], [86.87313842773455, 22.254470825195312], [86.86904907226591, 22.254640579223576], [86.8646087646485, 22.253482818603572], [86.85835266113293, 22.254430770874023], [86.85423278808594, 22.256780624389705], [86.8506927490235, 22.260490417480582], [86.85015106201183, 22.259269714355526], [86.84127044677751, 22.257110595703125], [86.83605194091825, 22.26078987121582], [86.83371734619146, 22.25959968566889], [86.828422546387, 22.259229660034407], [86.82280731201172, 22.261329650878906], [86.82034301757818, 22.26061058044445], [86.81912231445307, 22.253549575805664], [86.81633758544928, 22.2493000030517], [86.81382751464861, 22.258020401001033], [86.8125610351563, 22.25928115844721], [86.81186676025385, 22.263931274414176], [86.81133270263689, 22.259481430053825], [86.80919647216791, 22.253799438476676], [86.80996704101557, 22.249549865722884], [86.80895233154308, 22.246469497680664], [86.80744171142607, 22.245822906494197], [86.8066024780274, 22.243780136108626], [86.80394744873053, 22.243970870971907], [86.80242156982428, 22.24180984497076], [86.7996063232423, 22.240972518921012], [86.79691314697271, 22.24306106567377], [86.79650878906256, 22.24508094787609], [86.79846191406261, 22.245449066162337], [86.79641723632807, 22.249910354614258], [86.80062866210938, 22.261922836303768], [86.79026794433605, 22.262800216674805], [86.79068756103544, 22.253231048583984], [86.7931671142581, 22.243989944458008], [86.79283142089861, 22.238729476928654], [86.79756164550776, 22.23394966125494], [86.79952239990251, 22.235189437866268], [86.80137634277338, 22.238630294800032], [86.80986785888678, 22.238002777099666], [86.8091506958009, 22.233102798461857], [86.80011749267584, 22.21363067626953], [86.7913665771485, 22.217540740966797], [86.78594207763672, 22.214050292968807], [86.78356933593756, 22.211650848388672], [86.77906036376947, 22.211521148681697], [86.7760162353515, 22.213779449462947], [86.77892303466814, 22.22171974182129], [86.78250122070307, 22.225362777709904], [86.79115295410162, 22.22030067443859], [86.79220581054716, 22.22384262084961], [86.78681945800787, 22.229339599609602], [86.77996826171886, 22.23172187805187], [86.77588653564453, 22.231540679931697], [86.77275085449247, 22.230342864990234], [86.7720718383789, 22.227680206298828], [86.77455902099615, 22.223369598388786], [86.7752227783206, 22.21462821960455], [86.7699203491211, 22.214550018310774], [86.76703643798857, 22.211341857910156], [86.75509643554688, 22.20798110961914], [86.747802734375, 22.20798110961914], [86.74106597900419, 22.2108097076416], [86.73375701904303, 22.211219787597884], [86.72534942626959, 22.213500976562727], [86.72278594970732, 22.215248107910213], [86.72097015380865, 22.216840744018555], [86.71147155761724, 22.217720031738338], [86.69178771972662, 22.217399597167912], [86.6821670532226, 22.219511032104492], [86.67399597167986, 22.22496986389166], [86.66995239257841, 22.23010063171398], [86.66989135742193, 22.236841201782283], [86.66514587402355, 22.238559722900447], [86.66269683837919, 22.23748016357422], [86.66034698486334, 22.2342205047608], [86.6511459350586, 22.2332000732423], [86.64817810058622, 22.23569107055664], [86.64729309082048, 22.249692916870345], [86.64833831787115, 22.253231048583984], [86.64589691162138, 22.25728034973156], [86.64557647705095, 22.261369705200195], [86.64227294921903, 22.261842727661246], [86.64137268066406, 22.2641925811767], [86.63761901855474, 22.263090133667106], [86.63729095458996, 22.266202926635742], [86.63465881347685, 22.269149780273438], [86.63025665283232, 22.269029617309627], [86.62715148925787, 22.266830444335938], [86.61605834960943, 22.276002883911076], [86.60851287841825, 22.278760910034293], [86.60263061523432, 22.278432846069336], [86.59845733642578, 22.27437973022461], [86.5909271240235, 22.274831771850586], [86.5899276733399, 22.28214073181158], [86.58561706542997, 22.28663063049322], [86.58560180664074, 22.290889739990348], [86.58217620849621, 22.291019439697322], [86.5813064575197, 22.294918060302848], [86.57846069335955, 22.297819137573356], [86.57521820068376, 22.296329498291016], [86.57433319091803, 22.293939590454045], [86.57068634033209, 22.2929496765139], [86.56771087646513, 22.297002792358626], [86.56120300292997, 22.297010421752987], [86.55206298828153, 22.295289993286133], [86.54573822021496, 22.29892921447754], [86.53988647460932, 22.303730010986328], [86.53237915039068, 22.298191070556584], [86.52455139160162, 22.302850723266715], [86.52320098876959, 22.307838439941406], [86.52083587646501, 22.311489105224723], [86.52509307861334, 22.312370300293082], [86.52365112304716, 22.3185710906983], [86.51957702636724, 22.320579528808707], [86.5079879760745, 22.32402038574213], [86.50125885009771, 22.331460952758903], [86.49994659423834, 22.34095191955572], [86.48371887207037, 22.344419479370117], [86.48171234130854, 22.342018127441406], [86.47853088378906, 22.334461212158203], [86.47457885742193, 22.334220886230526], [86.46842193603516, 22.332281112671126], [86.46701049804716, 22.328910827636776], [86.46395874023466, 22.32699966430664], [86.4602661132813, 22.32641983032221], [86.45823669433622, 22.322111129760742], [86.4495468139649, 22.323062896728572], [86.44181823730497, 22.325340270996207], [86.43839263916044, 22.32336807250971], [86.43881225585938, 22.31645965576172], [86.44019317626953, 22.31141090393072], [86.43931579589855, 22.3057804107666], [86.43335723876959, 22.301540374755916], [86.4243774414063, 22.30627059936529], [86.42469787597656, 22.309209823608626], [86.42169189453125, 22.313890457153377], [86.41137695312517, 22.315559387207088], [86.4013061523438, 22.319410324096623], [86.390609741211, 22.325281143188477], [86.37552642822283, 22.337118148803825], [86.36303710937528, 22.33960914611822], [86.3527374267581, 22.345420837402344], [86.35266113281256, 22.3515300750733], [86.34736633300787, 22.35900115966797], [86.3393173217774, 22.366050720214844], [86.32534027099626, 22.373081207275447], [86.31986236572271, 22.380359649658317], [86.31770324707048, 22.390590667724666], [86.30979919433605, 22.397260665893555], [86.30223846435547, 22.4052028656007], [86.30065155029308, 22.415319442749137], [86.29292297363298, 22.420141220092773], [86.28795623779314, 22.42536163330078], [86.27982330322271, 22.44552040100109], [86.27137756347673, 22.442829132080078], [86.26518249511747, 22.43954086303711], [86.25956726074219, 22.441270828247127], [86.24257659912126, 22.444530487060547], [86.22849273681646, 22.449581146240348], [86.22103118896501, 22.450599670410213], [86.22038269042997, 22.44909095764166], [86.21150207519531, 22.4597110748291], [86.21694946289091, 22.46403121948265], [86.21820831298834, 22.46821022033697], [86.21758270263689, 22.468248367309684], [86.21653747558605, 22.465049743652344], [86.20913696289091, 22.462841033935547], [86.20239257812506, 22.470279693603516], [86.19668579101568, 22.467741012573356], [86.17370605468767, 22.476430892944336], [86.16602325439482, 22.47674751281744], [86.15554809570307, 22.479080200195426], [86.14514923095709, 22.475139617920036], [86.14623260498064, 22.479141235351562], [86.11992645263689, 22.485559463501033], [86.11192321777361, 22.48293113708496], [86.1073303222658, 22.484897613525504], [86.1013793945312, 22.4901504516601], [86.09813690185541, 22.495630264282283], [86.09350585937511, 22.508220672607422], [86.09155273437506, 22.509159088134766], [86.07834625244158, 22.530410766601506], [86.06920623779314, 22.54306983947754], [86.0618286132813, 22.548509597778377], [86.0581359863283, 22.55342102050787], [86.05339050292974, 22.55465126037609], [86.046646118164, 22.557889938354492], [86.03849029541033, 22.563589096069336], [86.01834106445318, 22.543630599975643], [86.02826690673834, 22.534330368042106], [86.022026062012, 22.520549774170036], [86.01544952392584, 22.52448081970215], [86.0086822509765, 22.518550872802734], [86.00179290771513, 22.514860153198356], [85.99987030029325, 22.514972686767635], [85.99591827392578, 22.5089626312257], [85.99297332763678, 22.508920669555664], [85.9841384887697, 22.5106201171875], [85.980712890625, 22.509740829467887], [85.9692459106447, 22.499780654907227], [85.96637725830095, 22.49381065368658], [85.9656066894533, 22.49016189575218], [85.96701049804693, 22.486011505127067], [85.96675109863298, 22.482160568237305], [85.96079254150419, 22.478618621826115], [85.95813751220697, 22.47618103027355], [85.95932769775408, 22.470380783081282], [85.95826721191412, 22.465900421142578], [85.95350646972668, 22.455972671509016], [85.9614028930664, 22.452699661254883], [85.9631118774414, 22.445121765136832], [85.96697998046875, 22.441221237182674], [85.9821319580081, 22.428989410400504], [85.99297332763678, 22.422140121460018], [85.99685668945307, 22.42164039611839], [86.00002288818365, 22.422647476196403], [86.00283813476562, 22.425060272216797], [86.00599670410185, 22.42536163330078], [86.00874328613298, 22.424320220947266], [86.00974273681646, 22.421659469604492], [86.00961303710966, 22.418889999389705], [86.0120468139649, 22.414730072021428], [86.01365661621094, 22.403881072998047], [86.01226806640653, 22.398990631103743], [86.01477813720732, 22.397050857544002], [86.01574707031244, 22.393341064453182], [86.0180206298831, 22.393241882324332], [86.01906585693365, 22.39066123962408], [86.01757049560553, 22.386121749878043], [86.02050781249994, 22.384201049804744], [86.02149963378923, 22.381761550903377], [86.01962280273438, 22.37815093994152], [86.02124786376982, 22.37504005432129], [86.01891326904303, 22.374759674072322], [86.01841735839838, 22.371530532837028], [86.01596832275408, 22.372970581054744], [86.01526641845709, 22.366001129150618], [86.01686096191435, 22.362230300903263], [86.00612640380865, 22.348751068115234], [85.99288177490251, 22.33815956115734], [85.99582672119146, 22.333118438720703], [85.99842834472673, 22.33107948303234], [86.00476074218756, 22.335649490356502], [86.01399993896513, 22.334501266479492], [86.02043151855474, 22.32939910888672], [86.0191879272461, 22.327131271362532], [86.0132827758789, 22.323961257934627], [86.00589752197271, 22.315910339355526], [86.00846099853544, 22.313240051269588], [86.00842285156256, 22.309959411621094], [86.01117706298828, 22.31056976318365], [86.01139831542986, 22.30939102172863], [86.01777648925787, 22.30455017089855], [86.02040863037115, 22.305540084838867], [86.02471923828125, 22.304170608520565], [86.02816772460955, 22.30768966674816], [86.0323028564456, 22.30523109436035], [86.03407287597656, 22.307939529419002], [86.03930664062506, 22.308650970459098], [86.04225921630854, 22.308240890502987], [86.04328918457037, 22.306190490722713], [86.03996276855463, 22.3035507202149], [86.03031921386724, 22.30298805236822], [86.0293807983399, 22.300760269165153], [86.02732086181652, 22.299499511718807], [86.02339172363281, 22.29767036438011], [86.01975250244135, 22.297819137573356], [86.01605987548834, 22.29652976989746], [86.00849914550776, 22.292671203613338], [86.00023651123058, 22.28437042236328], [86.0022201538086, 22.281461715698242], [86.00074005126953, 22.27933120727539], [85.99752807617193, 22.275341033935547], [85.99304199218744, 22.273281097412166], [85.98519134521513, 22.26720809936529], [85.98544311523455, 22.25745964050293], [85.9818115234375, 22.252050399780387], [85.96978759765625, 22.24340057373047], [85.97135925292986, 22.23838043212885], [85.97779083251947, 22.235549926757812], [85.98513031005865, 22.22384262084961], [85.99283599853544, 22.215482711791992], [86.01738739013678, 22.1987628936767], [86.02556610107428, 22.189210891723746], [86.0267181396485, 22.185222625732536], [86.01477813720732, 22.172641754150504], [86.01257324218756, 22.16785812377941], [86.01312255859392, 22.163610458374023], [86.01140594482439, 22.15765953063959], [86.00385284423834, 22.15105056762701], [85.99923706054693, 22.14492988586437], [85.9996871948245, 22.14240074157709], [85.99909973144543, 22.13710975646984], [85.99462890625017, 22.13178062438965], [85.99508666992199, 22.123569488525618], [85.99608612060575, 22.1206512451173], [86.00258636474604, 22.11302185058605], [86.00047302246122, 22.1089706420899], [85.99259948730474, 22.10025024414074], [85.98919677734403, 22.09345054626465], [85.97899627685547, 22.083360671997013], [85.97731781005865, 22.080039978027457], [85.97738647460966, 22.076738357543945], [85.97528839111357, 22.071790695190543], [85.97122955322271, 22.06682014465332], [85.96737670898443, 22.05978012084961], [85.96331024169922, 22.054428100586165], [85.95797729492205, 22.042510986328068], [85.95358276367188, 22.0361003875733], [85.95153808593756, 22.031639099121037], [85.94470977783209, 22.023269653320312], [85.94258117675787, 22.019130706787053], [85.93856048583984, 22.016620635986442], [85.933090209961, 22.017440795898494], [85.9287719726562, 22.019359588623047], [85.9248886108399, 22.01735115051281], [85.92340087890653, 22.014078140258903], [85.9195404052735, 22.009790420532227], [85.91223907470703, 22.00480079650879], [85.91306304931646, 21.996650695800838], [85.90924835205084, 21.990129470825195], [85.9072570800783, 21.981309890747184], [85.90966796875028, 21.977581024169922], [85.90921020507818, 21.975540161132926], [85.90445709228521, 21.97266960144043], [85.90599822998053, 21.968090057373047], [85.90542602539068, 21.96663093566889], [85.90284729003906, 21.9665908813476], [85.89417266845709, 21.978290557861442], [85.89115142822294, 21.97851943969721], [85.88613128662115, 21.97541999816889], [85.88175201416021, 21.974830627441406], [85.87132263183622, 21.974750518798828], [85.84696960449236, 21.977079391479492], [85.84041595459013, 21.976480484008846], [85.82859802246122, 21.972940444946232], [85.82227325439459, 21.970130920410384], [85.81832885742182, 21.970010757446346], [85.81558227539068, 21.971300125122127], [85.8160629272461, 21.975341796875114], [85.8153915405274, 21.980131149291992], [85.8126525878908, 21.98096084594738], [85.80515289306669, 21.980220794677678], [85.80097961425776, 21.98166084289562], [85.78427886962896, 21.978599548339787], [85.7821884155274, 21.97939109802246], [85.780502319336, 21.981040954589957], [85.77140045166044, 21.983711242675895], [85.76074981689453, 21.989719390869254], [85.76052093505888, 21.99694061279297], [85.75612640380888, 22.0083904266358], [85.75869750976562, 22.014802932739485], [85.76184844970732, 22.017940521240348], [85.77217102050776, 22.024700164794922], [85.77559661865263, 22.02827072143566], [85.77893829345709, 22.036260604858626], [85.77330017089872, 22.043308258056754], [85.77123260498047, 22.047149658203125], [85.77033233642578, 22.05128288269043], [85.7851104736331, 22.071910858154354], [85.78794097900396, 22.077190399169922], [85.79676055908232, 22.07450103759777], [85.80272674560564, 22.07176017761236], [85.81436920166033, 22.070070266723633], [85.83075714111345, 22.07697105407709], [85.82808685302751, 22.08266067504877], [85.8249130249024, 22.08712959289562], [85.81896209716814, 22.089630126953125], [85.81542205810558, 22.092821121216048], [85.80870819091803, 22.09184074401867], [85.81521606445318, 22.09902000427269], [85.81474304199236, 22.102111816406477], [85.80204772949224, 22.110830307006893], [85.79718017578125, 22.106300354003963], [85.7939758300783, 22.10536956787115], [85.79091644287126, 22.10038948059082], [85.78425598144531, 22.09898757934576], [85.77903747558588, 22.093420028686523], [85.77339172363287, 22.090240478515625], [85.76502227783209, 22.088209152221793], [85.75782012939464, 22.084981918334904], [85.75213623046903, 22.079240798950195], [85.75044250488281, 22.07439041137701], [85.74606323242188, 22.06987953186035], [85.7338180541995, 22.06452941894537], [85.72235107421903, 22.058130264282283], [85.71755981445318, 22.057729721069336], [85.71277618408209, 22.056400299072266], [85.70780181884771, 22.056289672851562], [85.7046508789062, 22.054330825805778], [85.6960067749024, 22.05684089660656], [85.68788146972656, 22.05607986450201], [85.6815032958985, 22.04878044128418], [85.67195129394537, 22.051471710205305], [85.67236328125011, 22.05972099304222], [85.66757202148443, 22.061029434204215], [85.66472625732428, 22.06657028198248], [85.65750885009794, 22.074279785156307], [85.65532684326178, 22.077810287475586], [85.65033721923845, 22.081300735473633], [85.64805603027361, 22.086811065673942], [85.64460754394548, 22.090280532836914], [85.64005279541033, 22.090232849121094], [85.63639068603516, 22.085769653320426], [85.63124847412126, 22.08154106140148], [85.62623596191435, 22.079629898071346], [85.61958312988276, 22.07784080505394], [85.61110687255865, 22.076799392700423], [85.60859680175787, 22.07895088195812], [85.60732269287121, 22.081790924072322], [85.60359954834001, 22.079240798950195], [85.60176086425787, 22.07634162902832], [85.59664916992199, 22.07472038269043], [85.59108734130865, 22.074440002441463], [85.58676910400419, 22.076818466186523], [85.58223724365251, 22.080989837646484], [85.57110595703153, 22.0860595703125], [85.56623077392595, 22.08703994750971], [85.56022644042997, 22.084909439086914], [85.55433654785185, 22.0908203125], [85.54862213134794, 22.088550567627067], [85.53954315185547, 22.08658981323248], [85.53734588623075, 22.090299606323356], [85.5360488891601, 22.09440994262701], [85.53350067138678, 22.09679985046398], [85.52873992919933, 22.0987606048584], [85.52416992187511, 22.10305023193365], [85.5148468017581, 22.10820960998535], [85.50567626953153, 22.111459732055664], [85.4858016967774, 22.116489410400447], [85.47940063476557, 22.121770858764762], [85.471733093262, 22.124139785766715], [85.46517944335943, 22.13120269775385], [85.45700836181646, 22.135770797729492], [85.43578338623047, 22.1441707611084], [85.41781616210955, 22.153358459472656], [85.41028594970709, 22.156080245971793], [85.40236663818376, 22.156530380249023], [85.39443969726568, 22.158599853515682], [85.39035034179705, 22.15513038635254], [85.38536834716791, 22.152341842651367], [85.37931823730486, 22.151689529418945], [85.37217712402372, 22.15244102478033], [85.36937713623064, 22.155210494995117], [85.36319732666044, 22.154569625854606], [85.36242675781261, 22.150049209594783], [85.36292266845703, 22.14657974243164], [85.35807037353544, 22.13795089721691], [85.358657836914, 22.132801055908317], [85.36171722412104, 22.12475967407238], [85.36138153076189, 22.121440887451172], [85.35813140869158, 22.11960029602045], [85.35356903076189, 22.120571136474723], [85.3453674316408, 22.1269912719726], [85.33850097656267, 22.12471961975109], [85.32301330566406, 22.12499046325695], [85.3153686523437, 22.115840911865178], [85.3097000122072, 22.113389968872127], [85.30007934570341, 22.10705947875971], [85.28742218017584, 22.093179702758846], [85.28089904785173, 22.08764076232916], [85.27416229248041, 22.080089569092024], [85.2699508666995, 22.06896018981928], [85.26545715332031, 22.060251235962028], [85.25998687744146, 22.052852630615348], [85.25609588623064, 22.042459487915266], [85.24652862548828, 22.025409698486442], [85.24105834960943, 22.012519836425895], [85.230941772461, 22.00027084350586], [85.22212982177751, 22.003448486328125], [85.21835327148443, 22.00666999816906], [85.21488952636736, 22.010711669921875], [85.21383666992199, 22.016281127929915], [85.21389770507807, 22.027160644531477], [85.21460723876964, 22.037281036376953], [85.21074676513678, 22.043180465698356], [85.19232177734403, 22.05115127563488], [85.18699645996088, 22.052730560302734], [85.1834564208985, 22.054929733276424], [85.17913055419933, 22.064790725708065], [85.17675018310564, 22.066719055175724], [85.17246246337919, 22.068189620971793], [85.1696090698245, 22.06609916687006], [85.16436767578125, 22.06522941589361], [85.16983032226557, 22.053100585937727], [85.17080688476562, 22.04819107055664], [85.16720581054705, 22.048690795898494], [85.16374969482422, 22.05299949645996], [85.15896606445307, 22.06192016601574], [85.15780639648466, 22.066980361938477], [85.15554809570312, 22.070459365844727], [85.14891052246111, 22.072639465331974], [85.14083862304682, 22.073551177978516], [85.13506317138683, 22.071140289306697], [85.12539672851557, 22.069120407104606], [85.11888122558622, 22.066471099853516], [85.11329650878912, 22.07107925415039], [85.1102828979495, 22.07586288452154], [85.10897064209013, 22.080020904541016], [85.10447692871094, 22.08278083801281], [85.0997085571289, 22.084539413452205], [85.09900665283209, 22.096120834350586], [85.09543609619169, 22.099451065063477], [85.08409881591803, 22.100439071655217], [85.07623291015642, 22.102970123291243], [85.06945037841808, 22.107128143310547], [85.04389953613293, 22.11070060729992], [85.03513336181669, 22.108129501342773], [85.03118133544922, 22.102479934692383], [85.02712249755888, 22.10113906860363], [85.01995086669939, 22.103370666503906], [85.01406860351562, 22.093709945678825], [85.00901794433622, 22.090650558471737], [85.0072021484375, 22.083129882812443], [85.00231933593761, 22.079942703247013], [84.99359893798822, 22.077209472656193], [84.98742675781256, 22.076738357543945], [84.98104095459001, 22.082420349121094], [84.97982025146513, 22.08468055725109], [84.98049926757812, 22.091260910034293], [84.98346710205107, 22.091489791870117], [84.98586273193365, 22.09256935119629], [84.99362945556658, 22.097948074340877], [85.01949310302763, 22.108390808105526], [85.02374267578125, 22.11199188232422], [85.02429199218778, 22.11794281005882], [85.02735137939447, 22.12256050109869], [85.03115081787138, 22.137359619140625], [85.03031158447271, 22.1424617767334], [85.0261993408206, 22.148450851440543], [85.02539825439464, 22.154001235961914], [85.02802276611334, 22.157358169555778], [85.03322601318388, 22.16084289550787], [85.04145050048857, 22.1706600189209], [85.04779052734392, 22.174299240112305], [85.04960632324224, 22.179309844970817], [85.04692077636724, 22.185792922973576], [85.05879974365263, 22.205951690673885], [85.06253814697271, 22.216159820556584], [85.06948089599638, 22.230649948120174], [85.06810760498053, 22.243440628051758], [85.07206726074224, 22.245719909668026], [85.07431793212908, 22.250940322876204], [85.06990051269531, 22.260290145874023], [85.0694198608399, 22.267581939697493], [85.07051086425798, 22.272159576416243], [85.08235168457031, 22.277708053588924], [85.0985717773438, 22.287919998169002], [85.10529327392584, 22.291139602661133], [85.10836029052746, 22.289472579956055], [85.11445617675787, 22.290489196777344], [85.11483764648443, 22.300380706787337], [85.11218261718761, 22.305070877075195], [85.11403656005865, 22.31421279907221], [85.1077270507813, 22.3152313232423], [85.1012268066408, 22.314329147338924], [85.0951232910158, 22.31239128112793], [85.0879592895509, 22.31408119201666], [85.08590698242182, 22.31698036193859], [85.09046173095732, 22.324871063232536], [85.09295654296903, 22.341091156005803], [85.08216094970703, 22.341329574584904], [85.07990264892584, 22.34439086914074], [85.07405853271513, 22.348590850830078], [85.07549285888678, 22.355779647827262], [85.07504272460932, 22.360969543457088], [85.07788085937528, 22.369159698486328], [85.08307647705095, 22.378440856933594], [85.08068084716803, 22.395460128784293], [85.07720184326172, 22.403030395507812], [85.07726287841803, 22.40830993652355], [85.07459259033209, 22.413459777832145], [85.06809234619146, 22.418069839477653], [85.06369018554693, 22.423221588134993], [85.06289672851562, 22.43608283996582], [85.05815124511724, 22.43973159790039], [85.05703735351568, 22.444709777832145], [85.06048583984386, 22.449510574340877], [85.0711059570313, 22.4559001922608], [85.07093811035162, 22.461160659790153], [85.07363891601568, 22.4666805267334], [85.07319641113281, 22.472869873046875], [85.06249237060564, 22.478410720825195], [85.05139923095703, 22.479419708251953], [85.04672241210943, 22.477390289306868], [85.04223632812494, 22.476940155029297], [85.03733062744158, 22.475080490112305], [85.03544616699224, 22.477291107177678], [85.03330993652361, 22.476921081543026], [85.03156280517578, 22.469781875610465], [85.02810668945341, 22.46820259094244], [85.02157592773449, 22.46710968017578], [85.0004959106447, 22.458360671997013], [84.99413299560575, 22.458271026611328], [84.9777908325197, 22.450929641723633], [84.96024322509783, 22.4437198638916], [84.95728302001959, 22.441858291626204], [84.95458221435553, 22.438901901245345], [84.95243835449236, 22.43944931030279], [84.95336151123047, 22.44552040100109], [84.95244598388689, 22.452770233154354], [84.94728088378923, 22.451080322265625], [84.9407730102539, 22.44742965698248], [84.93136596679699, 22.439649581909237], [84.92533874511736, 22.43660926818842], [84.91739654541021, 22.434379577636946], [84.9181518554688, 22.42856979370123], [84.91986846923834, 22.42599105834961], [84.91639709472673, 22.423379898071346], [84.90770721435558, 22.419639587402344], [84.89379882812528, 22.418010711669922], [84.88024902343761, 22.417591094970646], [84.88198852539091, 22.426248550415096], [84.8815002441408, 22.429439544677734], [84.87947082519537, 22.432199478149528], [84.87779998779325, 22.442510604858455], [84.87652587890642, 22.44325065612793], [84.87525177001959, 22.44117927551264], [84.87124633789068, 22.43822288513178], [84.86371612548828, 22.434530258178768], [84.85534667968767, 22.43197822570812], [84.84780120849615, 22.434419631958235], [84.84136962890653, 22.434869766235465], [84.83946990966825, 22.43403053283697], [84.83574676513678, 22.427551269531364], [84.83254241943365, 22.42637825012207], [84.83162689209013, 22.42992019653326], [84.82842254638666, 22.42917060852045], [84.81269073486334, 22.431610107421818], [84.8104782104495, 22.435228347778434], [84.81047058105497, 22.441251754760856], [84.8077926635745, 22.446861267089787], [84.80124664306646, 22.443710327148494], [84.79128265380876, 22.44281959533714], [84.77805328369169, 22.44354057312023], [84.75269317626947, 22.442012786865234], [84.74385070800787, 22.414751052856502], [84.72614288330107, 22.41664123535179], [84.7113265991211, 22.413900375366268], [84.69149017333984, 22.412511825561523], [84.68150329589855, 22.41492080688471], [84.67282104492205, 22.414930343628043], [84.6693496704101, 22.416299819946516], [84.661605834961, 22.413919448852482], [84.63210296630871, 22.428649902343977], [84.6255187988283, 22.42758941650385], [84.61364746093744, 22.427579879760742], [84.59530639648466, 22.424938201904524], [84.59395599365246, 22.42884063720726], [84.58907318115251, 22.425371170043945], [84.57215881347662, 22.4230117797851], [84.54329681396501, 22.4171981811524], [84.5406570434572, 22.420589447021598], [84.52662658691418, 22.420021057128906], [84.52101135253923, 22.414890289306754], [84.50582885742199, 22.416200637817326], [84.5017929077149, 22.415319442749137], [84.48126983642607, 22.405691146850643], [84.47666931152372, 22.405981063842887], [84.47447967529297, 22.401731491088924], [84.47595977783203, 22.393539428710994], [84.47572326660185, 22.390188217163086], [84.480209350586, 22.387239456176758], [84.47759246826178, 22.383680343627873], [84.47280883789068, 22.382690429687727], [84.4556503295899, 22.375221252441463], [84.44785308837902, 22.3790798187257], [84.4420776367188, 22.37302017211914], [84.42694091796875, 22.364650726318416], [84.42719268798834, 22.36198043823248], [84.4314422607423, 22.360010147094783], [84.42584228515625, 22.352029800415266], [84.4260864257813, 22.34881019592291], [84.41911315917969, 22.350770950317326], [84.39449310302729, 22.343851089477596], [84.38786315917986, 22.346420288085994], [84.3775863647461, 22.345909118652457], [84.37200164794922, 22.349050521850643], [84.36741638183588, 22.34956932067871], [84.36171722412126, 22.34852981567377], [84.3590927124024, 22.345041275024528], [84.35328674316435, 22.345109939575195], [84.34496307373064, 22.344049453735465], [84.33838653564482, 22.342098236083984], [84.33399200439482, 22.342910766601506], [84.32396697998064, 22.33892059326172], [84.31874847412138, 22.340499877929688], [84.31461334228533, 22.33892059326172], [84.28922271728516, 22.337320327758846], [84.28501892089838, 22.34211158752464], [84.27324676513689, 22.345092773437557], [84.26616668701189, 22.34782981872553], [84.26088714599615, 22.353700637817383], [84.25141143798857, 22.37041091918951], [84.24655914306646, 22.37370109558111], [84.240463256836, 22.374481201172102], [84.22612762451189, 22.374120712280387], [84.19410705566412, 22.371810913086165], [84.18344116210943, 22.383680343627873], [84.17516326904297, 22.388940811157227], [84.15248870849626, 22.400930404663143], [84.14229583740246, 22.415399551391715], [84.13587951660156, 22.420682907104435], [84.13310241699224, 22.445310592651367], [84.13522338867193, 22.44905090332037], [84.1375198364259, 22.45718955993658], [84.13743591308611, 22.467100143432617], [84.13492584228516, 22.470949172973576], [84.1306915283206, 22.47001075744629], [84.12914276123075, 22.47348976135254], [84.12557983398438, 22.473592758178768], [84.11783599853521, 22.47142028808605], [84.10611724853516, 22.473848342895508], [84.10211944580078, 22.47731018066412], [84.10347747802751, 22.479330062866268], [84.1029129028322, 22.481290817260856], [84.0998764038086, 22.480339050293196], [84.08775329589872, 22.484930038452262], [84.07920837402338, 22.488851547241268], [84.07164001464861, 22.49419021606451], [84.06709289550787, 22.498121261596623], [84.06900024414068, 22.499549865722656], [84.06668853759766, 22.502239227295036], [84.0604782104495, 22.505020141601676], [84.05758666992193, 22.510150909423828], [84.05065917968767, 22.512359619140682], [84.03306579589844, 22.51206970214855], [84.02472686767578, 22.516212463378963], [84.01914978027344, 22.52107048034668], [84.01554107666033, 22.521680831909407], [84.00963592529314, 22.520290374755916], [84.00250244140653, 22.520860671997184], [84.005180358887, 22.52473068237316], [84.00489807128912, 22.53013038635254], [84.00157928466791, 22.53399085998558], [83.9994430541995, 22.539501190185547], [84.00212097167997, 22.546598434448242], [84.00417327880865, 22.554861068725643], [84.00392913818376, 22.561920166015625], [84.00505065917986, 22.569562911987532], [84.01103973388678, 22.575002670288086], [84.0177764892581, 22.57892990112316], [84.02002716064464, 22.58279037475586], [84.0213470458985, 22.58723258972168], [84.03359222412138, 22.591270446777344], [84.0419311523438, 22.592180252075252], [84.04812622070307, 22.594142913818416], [84.05287933349638, 22.602609634399414], [84.05930328369146, 22.607402801513672], [84.08039093017595, 22.63655090332054], [84.09395599365251, 22.632640838623274], [84.097640991211, 22.633010864257756], [84.10724639892572, 22.636671066284237], [84.11531066894548, 22.63525962829584], [84.13210296630876, 22.635780334472713], [84.14993286132841, 22.634420394897518], [84.15743255615234, 22.640939712524414], [84.16483306884794, 22.645320892333928], [84.18035125732439, 22.649839401245174], [84.19161987304688, 22.66025161743164], [84.19699859619146, 22.663780212402344], [84.2016067504884, 22.665189743042106], [84.20717620849638, 22.66506004333496], [84.20967102050776, 22.662998199462947], [84.21479034423857, 22.664560317993164], [84.22061157226562, 22.668910980224666], [84.22775268554716, 22.676990509033146], [84.23223876953142, 22.688579559326286], [84.22769165039068, 22.6979598999024], [84.22944641113287, 22.705232620239258], [84.22763061523455, 22.723150253296012], [84.22471618652372, 22.72735023498535], [84.22535705566423, 22.735160827636946], [84.22972869873064, 22.740150451660213], [84.24166870117199, 22.74835014343273], [84.25158691406261, 22.75807952880865], [84.25370788574247, 22.76072120666504], [84.25422668457037, 22.76297950744629], [84.26010131835943, 22.764940261840877], [84.2740325927735, 22.765590667724837], [84.27877807617205, 22.761360168457145], [84.28144836425798, 22.76011085510254], [84.28528594970709, 22.76337051391613], [84.28768920898432, 22.770900726318416], [84.28710937499994, 22.776710510253906], [84.29030609130871, 22.78716278076172], [84.29627990722656, 22.793638229370117], [84.30181884765625, 22.79507064819336], [84.30346679687511, 22.798469543457088], [84.30996704101591, 22.79898262023937], [84.31169128417997, 22.803300857544173], [84.31252288818376, 22.810350418090877], [84.31770324707037, 22.817180633544865], [84.32038116455084, 22.836030960083008], [84.31858825683588, 22.835130691528377], [84.3183975219726, 22.84375190734869], [84.3203125, 22.84942054748535], [84.32946014404291, 22.859550476074276], [84.33500671386719, 22.86024093627941], [84.33835601806646, 22.85904121398937], [84.34217834472668, 22.859170913696346], [84.34789276123053, 22.863161087036133], [84.35793304443376, 22.860599517822322], [84.369888305664, 22.86450004577648], [84.36995697021484, 22.868909835815373], [84.37145996093767, 22.87212944030773], [84.37596130371122, 22.873638153076115], [84.37692260742216, 22.87589073181158], [84.37587738037115, 22.88140106201172], [84.37818908691412, 22.887861251831055], [84.37825775146513, 22.893142700195426], [84.37670898437511, 22.897729873657283], [84.37278747558611, 22.898410797119254], [84.37085723876953, 22.901609420776424], [84.37619018554682, 22.90920066833496], [84.38629913330072, 22.916839599609318], [84.38964843750006, 22.923740386963004], [84.38905334472662, 22.938739776611328], [84.38645935058622, 22.942380905151367], [84.38195037841814, 22.9457302093507], [84.3792266845706, 22.948900222778434], [84.3777923583985, 22.95191764831543], [84.37773132324219, 22.961719512939567], [84.3763809204101, 22.9663028717041], [84.3733901977539, 22.972141265869197], [84.37053680419928, 22.975070953369254], [84.36149597167963, 22.974550247192383], [84.34823608398443, 22.97587013244629], [84.34361267089861, 22.973720550537223], [84.3318099975586, 22.979139328003043], [84.3251571655274, 22.979330062866325], [84.31823730468767, 22.97657966613764], [84.31449127197271, 22.972230911254883], [84.30676269531244, 22.967510223388672], [84.28933715820318, 22.96163940429699], [84.2785720825197, 22.96124839782715], [84.27192687988287, 22.970939636230526], [84.2688827514649, 22.979030609130916], [84.27111053466797, 22.984159469604492], [84.27140045166021, 22.988849639892578], [84.26789093017595, 22.987911224365234], [84.26206970214855, 22.980041503906307], [84.25461578369146, 22.973699569702205], [84.25090789794939, 22.971429824829045], [84.241508483887, 22.972879409790096], [84.2374114990235, 22.98040008544922], [84.22680664062528, 22.980070114135856], [84.21705627441418, 22.976472854614315], [84.21494293212896, 22.977430343627873], [84.21202087402361, 22.986389160156307], [84.20107269287138, 22.998821258544922], [84.19679260253912, 23.004102706909293], [84.19993591308622, 23.015119552612532], [84.19824981689453, 23.018989562988338], [84.189926147461, 23.023719787597713], [84.17904663085943, 23.022560119628906], [84.17668151855463, 23.020519256591797], [84.17537689209001, 23.011901855468807], [84.17259979248053, 23.00720024108881], [84.17397308349638, 23.00035095214855], [84.17314910888678, 22.998750686645508], [84.16860198974615, 22.9950008392334], [84.17059326171875, 22.985189437866268], [84.17135620117188, 22.977079391479492], [84.16786193847685, 22.970960617065373], [84.15458679199236, 22.96437263488764], [84.14800262451178, 22.963869094848633], [84.14356994628912, 22.975111007690543], [84.14511108398443, 22.98257064819336], [84.14421081542997, 22.988189697265625], [84.13835906982422, 22.998489379882812], [84.13733673095714, 23.006269454956055], [84.13169860839861, 23.018262863159123], [84.12664794921886, 23.026010513305664], [84.12461090087885, 23.030748367309513], [84.12367248535156, 23.036619186401367], [84.12335968017584, 23.04499244689947], [84.12483215332048, 23.05347824096691], [84.12587738037115, 23.056882858276595], [84.1307678222658, 23.063360214233455], [84.13170623779314, 23.06743049621582], [84.13092041015625, 23.0774898529055], [84.12937927246088, 23.08154106140148], [84.12647247314482, 23.085149765014762], [84.11618804931669, 23.086139678955078], [84.11244964599626, 23.087181091308594], [84.11026000976591, 23.092081069946516], [84.10492706298857, 23.099220275878906], [84.09736633300798, 23.1048202514649], [84.08786773681646, 23.10948944091797], [84.07646179199224, 23.109849929809684], [84.0667114257813, 23.107112884521484], [84.06146240234403, 23.10989952087408], [84.05893707275402, 23.112590789795036], [84.05560302734392, 23.12070083618164], [84.05287170410185, 23.124469757080078], [84.04527282714844, 23.13052177429205], [84.03997802734392, 23.132110595703182], [84.03595733642595, 23.134950637817383], [84.03367614746111, 23.13844108581543], [84.03336334228521, 23.142730712890625], [84.03026580810553, 23.149368286132812], [84.02909088134783, 23.153881072998047], [84.03112792968778, 23.161132812500114], [84.03380584716825, 23.167840957641715], [84.03932952880888, 23.178518295288086], [84.04399108886719, 23.18460083007824], [84.05090332031256, 23.1895809173584], [84.05612182617216, 23.19640922546381], [84.05834960937506, 23.20359992980957], [84.05802917480497, 23.208000183105696], [84.05359649658214, 23.213171005249137], [84.05236816406267, 23.216430664062614], [84.05223846435553, 23.221242904663086], [84.054008483887, 23.234180450439453], [84.05045318603533, 23.240949630737532], [84.05126953125006, 23.246601104736385], [84.059066772461, 23.27412033081066], [84.059066772461, 23.28232002258295], [84.06005859375006, 23.286289215088118], [84.06304168701189, 23.289640426635856], [84.06381988525408, 23.29224014282238], [84.05938720703125, 23.30430030822754], [84.0599517822265, 23.308200836181697], [84.0702514648437, 23.329990386962947], [84.0679702758789, 23.334091186523494], [84.06051635742182, 23.343179702758732], [84.04995727539068, 23.351860046386832], [84.04860687255865, 23.35416030883789], [84.04734039306669, 23.363651275634766], [84.04444885253918, 23.36712074279808], [84.04345703125006, 23.369720458984432], [84.04722595214861, 23.37121963500988], [84.04338836669939, 23.374010086059627], [84.03803253173828, 23.376169204711857], [84.02648162841803, 23.37692832946783], [84.020736694336, 23.375459671020508], [84.0171508789063, 23.37158966064453], [84.01145172119152, 23.363399505615348], [84.00653076171903, 23.352800369262752], [83.99276733398466, 23.355882644653377], [83.9830169677735, 23.35955047607422], [83.97486114501982, 23.364791870117244], [83.97025299072277, 23.369398117065373], [83.96688842773438, 23.374229431152344], [83.96582794189459, 23.381210327148494], [83.96778106689482, 23.392990112304744], [83.97616577148449, 23.407520294189453], [83.97805786132818, 23.414140701293945], [83.9781570434572, 23.420930862426815], [83.9794464111331, 23.426691055297965], [83.97775268554688, 23.431451797485465], [83.96972656249994, 23.447668075561523], [83.96952819824247, 23.455408096313533], [83.97914886474615, 23.46058082580589], [83.98462677001953, 23.475591659546012], [83.98889923095709, 23.481781005859318], [83.99272155761724, 23.485179901123047], [83.99724578857439, 23.49311065673828], [84.00563812255876, 23.49646186828619], [84.00875854492193, 23.49958038330078], [84.01228332519531, 23.50815010070795], [84.01274871826178, 23.52081108093273], [84.01539611816412, 23.525632858276367], [84.0226669311524, 23.544240951538143], [84.02128601074236, 23.549928665161076], [84.02511596679693, 23.5657901763916], [84.02291107177763, 23.574590682983512], [84.02411651611345, 23.587881088256893], [84.02194213867199, 23.592210769653377], [84.02233886718778, 23.59736061096197], [84.02030181884783, 23.600179672241154], [84.01257324218756, 23.60548019409174], [84.00186920166021, 23.620439529419002], [84.00177764892572, 23.62290954589855], [84.00360870361334, 23.62631988525402], [84.00771331787126, 23.628520965576286], [84.00702667236334, 23.632310867309684], [83.99267578125017, 23.63305282592796], [83.97545623779291, 23.630830764770508], [83.96267700195307, 23.626188278198242], [83.9486160278322, 23.624319076538313], [83.9378890991211, 23.6224308013916], [83.93152618408214, 23.61140060424799], [83.92958831787115, 23.5936794281007], [83.93525695800798, 23.563039779663086], [83.92249298095703, 23.565048217773665], [83.9146728515625, 23.568740844726676], [83.90528869628923, 23.569509506225586], [83.89849090576178, 23.5711612701416], [83.89009094238287, 23.575920104980696], [83.88292694091825, 23.57277107238781], [83.85959625244146, 23.57833290100109], [83.84616088867205, 23.580921173095703], [83.837631225586, 23.581359863281193], [83.82122039794928, 23.58485031127941], [83.81088256835955, 23.58885955810547], [83.80634307861334, 23.582309722900618], [83.8004760742188, 23.583179473876953], [83.79772186279314, 23.59008979797386], [83.78614807128912, 23.59818077087408], [83.774887084961, 23.599500656127987], [83.76776885986345, 23.60908126831066], [83.76573944091803, 23.617540359497127], [83.76493835449236, 23.621480941772518], [83.747787475586, 23.626649856567383], [83.7430267333985, 23.640460968017635], [83.74462127685575, 23.64565086364746], [83.75208282470732, 23.64898109436035], [83.75094604492216, 23.653329849243164], [83.74404144287121, 23.65913963317871], [83.72891235351568, 23.66740036010748], [83.72132873535162, 23.673740386963004], [83.71472930908203, 23.682540893554915], [83.71507263183622, 23.69024085998541], [83.72257995605486, 23.69413948059082], [83.72431182861345, 23.696781158447322], [83.73213958740234, 23.70466995239252], [83.73471832275419, 23.71355056762701], [83.7324600219726, 23.723989486694336], [83.72934722900402, 23.731830596923885], [83.73000335693376, 23.743680953979492], [83.72940063476557, 23.754730224609318], [83.72709655761747, 23.75990104675293], [83.71235656738287, 23.77233123779297], [83.71250152587896, 23.780839920044002], [83.7108001708985, 23.78952980041504], [83.70775604248053, 23.794950485229492], [83.69989776611345, 23.80163002014166], [83.69558715820324, 23.80759811401373], [83.6985931396485, 23.81646156311041], [83.69538879394537, 23.82066917419428], [83.68849182128912, 23.823932647705078], [83.68200683593756, 23.825801849365234], [83.67772674560547, 23.82266807556158], [83.67220306396484, 23.820079803466797], [83.66649627685564, 23.825918197631893], [83.65833282470709, 23.82781982421875], [83.65528106689459, 23.832010269165153], [83.65759277343756, 23.83697128295904], [83.65624237060553, 23.843641281127987], [83.64955139160156, 23.848060607910156], [83.63790130615251, 23.84703063964855], [83.62998962402372, 23.84736061096197], [83.61148834228544, 23.853361129760742], [83.600570678711, 23.853477478027457], [83.59044647216803, 23.856491088867415], [83.58116912841825, 23.86191940307623], [83.57177734375006, 23.863059997558537], [83.56121063232439, 23.86295127868658], [83.55760955810564, 23.869529724121207], [83.56369781494158, 23.873060226440487], [83.5730285644533, 23.8770694732666], [83.576156616211, 23.884380340576172], [83.57015228271484, 23.890359878540153], [83.5605087280274, 23.892658233642635], [83.54936981201172, 23.89283943176281], [83.54284667968778, 23.89824104309082], [83.53732299804716, 23.914630889892692], [83.53894042968756, 23.93350028991722], [83.53373718261736, 23.941740036010856], [83.52260589599638, 23.952169418335018], [83.512435913086, 23.966999053955135], [83.50772094726574, 23.9794597625733], [83.50654602050787, 23.99134063720726], [83.5075073242188, 24.001390457153263], [83.51655578613281, 24.010620117187557], [83.5148315429687, 24.015760421753043], [83.50962829589855, 24.025400161743278], [83.50670623779303, 24.02824020385748], [83.50122833251964, 24.030689239501953], [83.47895050048857, 24.038549423217773], [83.46840667724615, 24.040670394897518], [83.45813751220732, 24.041919708251953], [83.45307922363298, 24.041421890258903], [83.44758605957037, 24.042480468750057], [83.43324279785173, 24.054700851440373], [83.43132019042986, 24.05793190002447], [83.42920684814453, 24.062021255493278], [83.43061065673834, 24.069049835205135], [83.4301300048831, 24.074010848999023], [83.42858886718778, 24.07977294921875], [83.42536926269526, 24.08376121520996], [83.42137908935547, 24.083780288696403], [83.41467285156278, 24.08121109008789], [83.40895080566435, 24.08047103881836], [83.40309143066423, 24.0807781219483], [83.4006958007813, 24.081779479980526], [83.39240264892595, 24.094951629638672], [83.38326263427751, 24.099870681762695], [83.36197662353521, 24.101961135864258], [83.35723114013683, 24.1016902923584], [83.34574890136724, 24.097070693969783], [83.3275985717774, 24.09964942932129], [83.32356262207048, 24.101329803466854], [83.33904266357428, 24.11045074462885], [83.3427963256836, 24.114250183105582], [83.34355163574213, 24.118789672851676], [83.34900665283209, 24.12643814086914], [83.34992218017584, 24.137092590332088], [83.35250091552763, 24.140300750732365], [83.35607147216803, 24.147739410400334], [83.35735321044928, 24.156839370727482], [83.36560058593756, 24.171960830688477], [83.3693618774414, 24.180589675903377], [83.37049865722673, 24.186750411987305], [83.37834167480474, 24.200790405273494], [83.378227233887, 24.205280303955135], [83.37621307373064, 24.21013069152832], [83.37602996826189, 24.21387100219738], [83.37840270996105, 24.21685981750494], [83.37930297851568, 24.220199584960994], [83.37689971923857, 24.23093032836914], [83.37734222412126, 24.23566055297846], [83.38085937500006, 24.240020751953125], [83.39111328125006, 24.244649887085075], [83.39343261718756, 24.247119903564396], [83.39338684082048, 24.252660751342887], [83.40188598632841, 24.266000747680664], [83.40291595459001, 24.276130676269588], [83.40051269531256, 24.2852401733399], [83.39615631103544, 24.293390274047965], [83.39050292968767, 24.29652023315424], [83.38656616210943, 24.297569274902287], [83.38182830810558, 24.299880981445312], [83.38063812255865, 24.30046844482422], [83.38027191162115, 24.30479049682623], [83.3756103515625, 24.313449859619254], [83.37593841552763, 24.314540863037337], [83.3786163330081, 24.315521240234375], [83.385307312012, 24.32034111022955], [83.39140319824247, 24.32677078247076], [83.40332794189459, 24.337390899658203], [83.40689086914062, 24.338991165161076], [83.41118621826178, 24.339550018310604], [83.42352294921892, 24.338701248169002], [83.42661285400396, 24.339960098266545], [83.43004608154303, 24.344959259033146], [83.43431091308622, 24.34747123718273], [83.4410476684572, 24.360879898071403], [83.44567108154303, 24.36327171325695], [83.45139312744146, 24.36474990844738], [83.45144653320324, 24.36700057983421], [83.44763946533214, 24.368448257446346], [83.44320678710943, 24.37278938293457], [83.44278717041033, 24.377641677856502], [83.4397583007813, 24.380130767822322], [83.43995666503912, 24.386980056762923], [83.43884277343756, 24.3889999389649], [83.43470764160185, 24.3906307220459], [83.43292999267584, 24.394041061401367], [83.43048858642607, 24.396007537841854], [83.42988586425787, 24.40378952026373], [83.4262084960938, 24.406049728393498], [83.41652679443365, 24.40947914123558], [83.41197204589855, 24.41025161743164], [83.40013885498058, 24.408679962158203], [83.39895629882818, 24.412080764770508], [83.40067291259771, 24.43713951110834], [83.39248657226568, 24.436420440674055], [83.38978576660162, 24.4375896453858], [83.3814086914063, 24.455650329589957], [83.38423919677734, 24.461400985717773], [83.38713073730474, 24.46457290649414], [83.38820648193376, 24.468128204345817], [83.38816833496122, 24.47326278686529], [83.39256286621088, 24.480279922485465], [83.39346313476574, 24.484769821167106], [83.39360809326178, 24.488910675048942], [83.39160156250028, 24.492839813232422], [83.39212799072277, 24.497110366821232], [83.39301300048828, 24.501190185546932], [83.39546966552751, 24.503770828247184], [83.3999786376956, 24.50605964660656], [83.42636108398455, 24.512781143188477], [83.43563842773466, 24.513599395751953], [83.45308685302751, 24.51711082458496], [83.46186828613281, 24.517877578735465], [83.4813919067384, 24.52391052246105], [83.48671722412115, 24.524351119995117], [83.49816894531256, 24.527059555053768], [83.50950622558594, 24.527540206909123], [83.52384185791033, 24.525920867920036], [83.53504180908197, 24.525579452514762], [83.54244232177763, 24.526180267333984], [83.5472564697265, 24.52403068542486], [83.57121276855474, 24.517009735107365], [83.59240722656261, 24.514890670776424], [83.6001586914063, 24.513240814208984], [83.6448364257813, 24.516180038452205], [83.66252899169928, 24.51568031311035], [83.67080688476591, 24.514770507812614], [83.68245697021513, 24.51558113098156], [83.69567871093767, 24.510610580444336], [83.70236968994158, 24.507339477539176], [83.71669006347656, 24.504949569702376], [83.73073577880854, 24.508790969848633], [83.74865722656278, 24.510530471801758], [83.78174591064459, 24.52358055114746], [83.78803253173834, 24.52717018127464], [83.79448699951189, 24.52944946289074], [83.79901123046903, 24.529880523681868], [83.80895233154297, 24.528949737548885], [83.81623077392595, 24.531259536743107], [83.82740020751982, 24.53314971923828], [83.8414916992188, 24.534500122070312], [83.84807586669939, 24.53631019592291], [83.85768890380865, 24.537559509277344], [83.86804199218778, 24.532880783080998], [83.87885284423834, 24.53650093078619], [83.90274810791044, 24.54244041442871], [83.9179306030274, 24.545789718627987], [83.92407226562506, 24.546209335327262], [83.92845916748053, 24.54791069030773], [83.93300628662115, 24.551742553710994], [83.93649291992199, 24.55591964721674], [83.9481811523437, 24.566511154174805], [83.95758056640642, 24.576328277587834], [83.96488189697271, 24.58764076232916], [83.97235107421886, 24.596628189087028], [83.97924041748075, 24.61512947082531], [83.99221038818388, 24.63803291320812], [84.001968383789, 24.63540077209467], [84.01452636718778, 24.63163948059082], [84.01566314697294, 24.627601623535156], [84.0196380615235, 24.626819610595817], [84.02416992187506, 24.62906074523937], [84.02678680419939, 24.62774276733404], [84.02899169921886, 24.622640609741268], [84.0320510864259, 24.621578216552734], [84.03324890136713, 24.618959426879996], [84.0382385253908, 24.619409561157227], [84.04673767089855, 24.612289428710938], [84.04487609863276, 24.606960296630916], [84.04785919189459, 24.60650825500511], [84.05311584472673, 24.59469985961914], [84.0514221191408, 24.5915203094483], [84.05293273925798, 24.587961196899414], [84.05808258056658, 24.58836174011242], [84.0613632202149, 24.589370727539176], [84.0626525878908, 24.583719253539982], [84.0597457885745, 24.576980590820256], [84.0652618408206, 24.575059890747127], [84.06774139404325, 24.57102966308605], [84.07247924804699, 24.56960105896019], [84.07467651367205, 24.564750671386832], [84.07367706298822, 24.55758094787592], [84.07723999023443, 24.55248069763195], [84.07833862304693, 24.545009613037223], [84.08429718017584, 24.53870010375988], [84.08870697021513, 24.53607940673851], [84.08969116210966, 24.533929824829045], [84.08658599853521, 24.514631271362305], [84.08909606933622, 24.50412750244135], [84.09696960449219, 24.49572181701666], [84.10092163085966, 24.487901687622127], [84.10977935791033, 24.481399536132926], [84.12258148193365, 24.486669540405387], [84.12490844726568, 24.498319625854606], [84.12901306152344, 24.50068092346197], [84.13654327392584, 24.502540588378963], [84.13996124267584, 24.50480079650879], [84.13701629638672, 24.518180847168026], [84.13629150390642, 24.52936172485363], [84.1460571289063, 24.540300369262752], [84.14955902099638, 24.540300369262752], [84.160659790039, 24.538240432739315], [84.16440582275396, 24.53371238708496], [84.15571594238281, 24.524339675903434], [84.15589141845697, 24.51948165893549], [84.15364074707048, 24.51764106750494], [84.16114044189459, 24.512582778930664], [84.17137145996111, 24.509790420532283], [84.1792602539063, 24.510419845581055], [84.18226623535173, 24.515630722046126], [84.1822586059572, 24.518341064453352], [84.18641662597656, 24.522499084472656], [84.18239593505854, 24.52360916137701], [84.17282104492216, 24.541980743408146], [84.17288208007812, 24.54713058471674], [84.1815872192384, 24.547060012817496], [84.18695831298857, 24.54930114746105], [84.18830108642607, 24.55532073974615], [84.19991302490263, 24.557020187378157], [84.20050048828153, 24.549440383911133], [84.20620727539091, 24.54533004760765], [84.20892333984375, 24.537160873413143], [84.21749114990229, 24.535169601440373], [84.22068023681652, 24.550331115722656], [84.23500823974638, 24.553180694580135], [84.23426055908232, 24.543579101562614], [84.24108886718761, 24.543220520019474], [84.24829864501959, 24.538761138916016], [84.24994659423845, 24.53573989868164], [84.24852752685558, 24.531589508056697], [84.25714111328153, 24.530750274658203], [84.25846862792997, 24.53769111633312], [84.26274108886736, 24.53711128234869], [84.26474761962902, 24.540571212768555], [84.26944732666021, 24.541368484497013], [84.26859283447294, 24.54685974121088], [84.27828216552746, 24.547470092773438], [84.28009033203142, 24.55191993713379], [84.27189636230486, 24.554021835327262], [84.26922607421892, 24.56425285339361], [84.27997589111334, 24.563360214233512], [84.29297637939464, 24.56599044799816], [84.29743194580078, 24.563142776489258], [84.30200958251953, 24.547252655029354], [84.3094482421875, 24.53954124450695], [84.31192779541016, 24.533758163452205], [84.31284332275419, 24.526769638061467], [84.31910705566418, 24.522310256958008], [84.3216857910158, 24.513179779052678], [84.32634735107433, 24.50271987915039], [84.32565307617188, 24.4967098236084], [84.32170867919928, 24.489757537841797], [84.30824279785185, 24.4869003295899], [84.294189453125, 24.48076057434082], [84.28526306152361, 24.465919494628963], [84.29022216796892, 24.458080291748047], [84.29321289062494, 24.450822830200195], [84.31498718261736, 24.447509765625], [84.3303985595706, 24.431190490722713], [84.33065795898455, 24.42843055725109], [84.32749176025402, 24.4277286529541], [84.31939697265642, 24.429250717163143], [84.31505584716803, 24.423452377319336], [84.31823730468767, 24.42021942138672], [84.32486724853544, 24.42366981506359], [84.3277893066408, 24.422161102295036], [84.32779693603533, 24.41657066345215], [84.32586669921892, 24.410930633545036], [84.3316268920899, 24.40464973449707], [84.33798217773449, 24.4012908935548], [84.33586120605474, 24.39583015441889], [84.34696197509794, 24.392070770263615], [84.35530090332037, 24.390960693359432], [84.36136627197283, 24.386632919311523], [84.36725616455095, 24.386959075927734], [84.37377166748047, 24.390991210937614], [84.38221740722662, 24.389699935913086], [84.3850173950197, 24.379341125488395], [84.39202880859375, 24.375749588012752], [84.3976669311524, 24.377410888671932], [84.39978790283214, 24.3746395111084], [84.39494323730469, 24.36779022216797], [84.42253875732416, 24.359149932861385], [84.41816711425781, 24.34235954284668], [84.41742706298845, 24.331361770629826], [84.44491577148438, 24.33418083190918], [84.44666290283209, 24.339700698852596], [84.45453643798857, 24.338649749755973], [84.46196746826183, 24.3175506591798], [84.46511077880876, 24.308389663696516], [84.46839904785162, 24.305290222168196], [84.47534942626982, 24.30256271362316], [84.478569030762, 24.302890777587947], [84.48706054687517, 24.304832458496094], [84.48874664306658, 24.302169799804688], [84.4875106811524, 24.298839569091797], [84.48420715332031, 24.296920776367244], [84.4935379028322, 24.287040710449332], [84.49688720703153, 24.292720794677734], [84.50229644775408, 24.294549942016545], [84.50123596191412, 24.298809051513615], [84.50454711914057, 24.305900573730582], [84.50319671630888, 24.315410614013672], [84.51069641113298, 24.317171096801985], [84.51419067382818, 24.323608398437727], [84.51741027832037, 24.333669662475813], [84.52548980712919, 24.33947944641136], [84.51937866210949, 24.345840454101562], [84.51882171630888, 24.35316085815424], [84.52671051025408, 24.36102104187006], [84.52796173095714, 24.3648300170899], [84.52406311035173, 24.368761062622013], [84.5215225219726, 24.37626075744629], [84.54167938232428, 24.376710891723746], [84.54585266113287, 24.37369918823248], [84.55603790283232, 24.379722595214957], [84.56578063964838, 24.383939743041992], [84.56430816650408, 24.389890670776367], [84.55912017822266, 24.39710807800293], [84.56121826171875, 24.40184020996105], [84.56539154052729, 24.407470703125], [84.57247924804705, 24.412340164184798], [84.58006286621122, 24.410419464111328], [84.58184814453142, 24.401460647583065], [84.58992004394537, 24.404380798339787], [84.59420013427729, 24.404010772705135], [84.60096740722662, 24.400978088378906], [84.61251068115229, 24.4012126922608], [84.61521148681658, 24.403810501098746], [84.61929321289068, 24.40205955505371], [84.6228866577149, 24.403949737548828], [84.6288528442384, 24.40017127990734], [84.64305114746111, 24.39861106872553], [84.658256530762, 24.39374160766613], [84.6601181030274, 24.39598083496088], [84.6629486083985, 24.41061019897461], [84.66779327392607, 24.41296005249046], [84.66838836669916, 24.42629051208496], [84.66584777832037, 24.42843055725109], [84.66622924804693, 24.431190490722713], [84.6740112304688, 24.441141128540266], [84.67891693115251, 24.45634269714367], [84.68405914306658, 24.459199905395508], [84.694076538086, 24.46179962158203], [84.70652770996122, 24.472358703613338], [84.71292877197271, 24.468631744384822], [84.71750640869146, 24.468828201294002], [84.72490692138689, 24.472949981689396], [84.7400665283206, 24.488269805908203], [84.74201965332026, 24.49645805358881], [84.76297760009794, 24.50176811218273], [84.77989959716803, 24.504850387573185], [84.783676147461, 24.517709732055607], [84.78970336914057, 24.52154922485363], [84.79532623291021, 24.529491424560604], [84.80164337158209, 24.5211181640625], [84.81949615478533, 24.52482032775879], [84.83262634277344, 24.511480331421012], [84.82792663574224, 24.4860000610351], [84.82718658447271, 24.47011947631836], [84.8334579467774, 24.46958923339855], [84.83273315429693, 24.461160659790096], [84.8306274414063, 24.459209442138615], [84.83439636230469, 24.452520370483455], [84.84198760986345, 24.455471038818416], [84.84748077392607, 24.465930938720703], [84.85733795166021, 24.46076965332037], [84.85703277587885, 24.457582473754996], [84.8597488403322, 24.456640243530273], [84.86293029785185, 24.4576416015625], [84.86744689941412, 24.46692085266119], [84.87271881103533, 24.4658203125], [84.87625122070341, 24.46278953552269], [84.88017272949219, 24.462800979614258], [84.87805175781267, 24.443790435791016], [84.88004302978521, 24.432041168213118], [84.87789916992193, 24.422630310058707], [84.88234710693371, 24.417102813720703], [84.89190673828153, 24.398530960083008], [84.89817810058605, 24.393819808960075], [84.90051269531244, 24.382080078125], [84.89441680908197, 24.375040054321232], [84.89803314208979, 24.372129440307617], [84.90331268310553, 24.37231063842779], [84.91297912597656, 24.37565040588379], [84.92533874511736, 24.37804031372076], [84.93495178222662, 24.37645912170416], [84.9479370117188, 24.37177085876465], [84.96856689453153, 24.375949859619197], [84.99040222167986, 24.412229537963924], [85.01069641113287, 24.41608047485363], [85.01460266113298, 24.41912078857422], [85.02066802978544, 24.42201995849632], [85.03209686279325, 24.42535018920904], [85.03573608398466, 24.42311286926264], [85.03954315185575, 24.42412757873535], [85.04223632812494, 24.41827964782715], [85.05329132080072, 24.415130615234432], [85.05748748779291, 24.41648292541504], [85.06040954589861, 24.424608230590934], [85.06461334228516, 24.43058967590332], [85.06906890869152, 24.435659408569336], [85.07615661621122, 24.439870834350586], [85.07567596435547, 24.421751022338867], [85.07375335693376, 24.412998199463004], [85.0745468139649, 24.40846252441412], [85.07302093505865, 24.406539916992188], [85.07038879394537, 24.40517997741705], [85.0691986083985, 24.401199340820312], [85.07100677490263, 24.399692535400334], [85.065483093262, 24.386760711669922], [85.08068084716803, 24.380750656127987], [85.0894165039063, 24.37919998168968], [85.09245300292986, 24.381521224975643], [85.09594726562506, 24.390771865844783], [85.09867095947294, 24.3939208984375], [85.1093292236331, 24.398820877075252], [85.11505889892607, 24.409019470214844], [85.11898803710943, 24.40913963317871], [85.12066650390642, 24.40843963623047], [85.1269302368164, 24.41151046752941], [85.1479568481447, 24.41818809509283], [85.15529632568388, 24.418010711669865], [85.15785980224626, 24.42416000366211], [85.1643905639649, 24.42769050598139], [85.16938018798834, 24.42947006225586], [85.16883850097685, 24.43178939819336], [85.16625976562517, 24.433490753173828], [85.16484069824247, 24.43580055236839], [85.16372680664057, 24.441419601440487], [85.16133117675787, 24.443290710449162], [85.15872955322294, 24.451250076294173], [85.15260314941412, 24.453750610351676], [85.14990997314459, 24.45585250854498], [85.14927673339861, 24.459280014038086], [85.15067291259771, 24.462869644165096], [85.15289306640642, 24.464149475097713], [85.16323852539068, 24.467189788818473], [85.16750335693388, 24.467359542846737], [85.16987609863298, 24.46609115600586], [85.17632293701166, 24.4679794311524], [85.18260192871122, 24.46866035461437], [85.19052124023443, 24.468580245971793], [85.1992492675783, 24.46739006042486], [85.20326232910173, 24.472949981689396], [85.21578216552763, 24.47254943847662], [85.22392272949224, 24.471189498901595], [85.22853851318388, 24.47941017150879], [85.23532867431646, 24.479850769043082], [85.23941802978544, 24.488822937011832], [85.24649810791044, 24.4952907562257], [85.25444030761724, 24.497930526733512], [85.26956176757841, 24.498371124267578], [85.28196716308622, 24.497200012207088], [85.28103637695307, 24.499750137329215], [85.28237152099604, 24.503759384155273], [85.2819290161134, 24.509160995483455], [85.27980804443365, 24.513881683349666], [85.27935791015642, 24.519100189208928], [85.28251647949247, 24.52668952941889], [85.28804779052763, 24.528400421142692], [85.297348022461, 24.52864074707054], [85.3125305175783, 24.52658081054699], [85.31855773925793, 24.524629592895508], [85.32250213623053, 24.525579452514762], [85.33155059814482, 24.52624130249029], [85.33790588378923, 24.527990341186523], [85.34581756591803, 24.527999877929688], [85.36116027832031, 24.52971267700201], [85.37026977539091, 24.52958106994629], [85.38278198242193, 24.532531738281364], [85.38336944580084, 24.53519058227539], [85.38860321044916, 24.537080764770735], [85.39517211914068, 24.541280746459904], [85.40305328369152, 24.544940948486385], [85.40661621093756, 24.545661926269645], [85.41102600097662, 24.545112609863395], [85.42753601074219, 24.537290573120117], [85.43327331542986, 24.53607940673851], [85.44213104248053, 24.539384841919002], [85.44230651855474, 24.539449691772518], [85.44655609130888, 24.539979934692496], [85.45658874511724, 24.539211273193416], [85.47215270996088, 24.547790527343864], [85.48094940185564, 24.548120498657283], [85.4864807128908, 24.550750732421932], [85.4894409179688, 24.54915046691906], [85.49446105957026, 24.550619125366154], [85.49752044677729, 24.548500061035213], [85.49746704101574, 24.546880722045955], [85.49997711181669, 24.543889999389762], [85.5025482177735, 24.54287910461437], [85.50319671630888, 24.535722732544002], [85.50241851806652, 24.53142929077154], [85.50435638427763, 24.529729843139705], [85.5148162841798, 24.527828216552848], [85.51830291748041, 24.52454948425293], [85.5341873168947, 24.53219032287609], [85.53646087646501, 24.5360107421875], [85.54035186767584, 24.55034828186035], [85.53987121582031, 24.556140899658203], [85.53820037841814, 24.561450958251896], [85.53646087646501, 24.563800811767578], [85.5367965698245, 24.56524085998535], [85.53901672363287, 24.565870285034123], [85.54380798339855, 24.564479827880973], [85.5523300170899, 24.559410095214957], [85.55461120605469, 24.556129455566463], [85.55625915527338, 24.556819915771598], [85.5565872192384, 24.56064033508295], [85.56445312500028, 24.561849594116325], [85.56829071044922, 24.565200805664062], [85.56575775146513, 24.5716609954834], [85.56711578369169, 24.578220367431584], [85.56221771240251, 24.58098983764654], [85.56138610839872, 24.583669662475586], [85.5628509521485, 24.591270446777457], [85.56520080566435, 24.59666061401373], [85.56989288330084, 24.600219726562614], [85.57657623291021, 24.60301017761236], [85.58196258544933, 24.600099563598746], [85.5911407470706, 24.597059249877987], [85.59825134277361, 24.597570419311523], [85.60787963867193, 24.590789794921875], [85.60852050781244, 24.58503913879389], [85.61544799804705, 24.58292961120611], [85.62198638916021, 24.58385848999046], [85.63279724121111, 24.58056068420416], [85.64427947998053, 24.578290939331055], [85.66470336914068, 24.58193016052246], [85.67031097412138, 24.588092803955192], [85.67324829101562, 24.592941284179744], [85.67352294921903, 24.595630645751953], [85.67238616943388, 24.598180770874023], [85.67057800292969, 24.599430084228516], [85.67212677001959, 24.619400024414062], [85.66895294189482, 24.630529403686467], [85.6657028198245, 24.63626098632824], [85.66432952880865, 24.641040802001953], [85.66364288330072, 24.644470214843864], [85.66118621826172, 24.646640777587947], [85.66069793701178, 24.650602340698242], [85.66371917724615, 24.660980224609375], [85.663330078125, 24.664712905883846], [85.66079711914062, 24.66757965087885], [85.65975952148443, 24.67031288146967], [85.65997314453136, 24.67473030090332], [85.6504669189456, 24.67924118041998], [85.64826202392578, 24.68188095092779], [85.64952850341791, 24.687040328979492], [85.67965698242216, 24.693767547607536], [85.6870574951173, 24.700891494750977], [85.69666290283203, 24.713472366333008], [85.69639587402355, 24.717250823974723], [85.6987533569336, 24.721069335937557], [85.70343780517584, 24.725370407104492], [85.7047729492188, 24.728729248047102], [85.70533752441412, 24.740051269531364], [85.70812988281267, 24.747690200805778], [85.70553588867193, 24.75162124633789], [85.70355987548845, 24.757450103759822], [85.70346832275419, 24.763492584228516], [85.70478057861334, 24.768831253051985], [85.70919799804716, 24.77563858032221], [85.70980072021479, 24.780990600586165], [85.7123107910158, 24.783332824707145], [85.72099304199224, 24.78696060180664], [85.72296905517572, 24.79890823364252], [85.7283096313476, 24.80066108703619], [85.729789733887, 24.808490753173828], [85.7325210571289, 24.81648254394537], [85.73500823974626, 24.821382522583008], [85.73674011230486, 24.822650909423885], [85.7472763061524, 24.81991958618164], [85.75827789306658, 24.815088272094727], [85.76074981689453, 24.81507110595703], [85.7654495239259, 24.81250953674339], [85.76879882812517, 24.808811187744254], [85.76859283447283, 24.804040908813477], [85.76940155029303, 24.802871704101562], [85.77723693847662, 24.798950195312614], [85.7792358398437, 24.800489425659123], [85.78572845458984, 24.7986812591555], [85.81066131591825, 24.79449844360363], [85.81260681152338, 24.799360275268555], [85.81803131103521, 24.806961059570426], [85.82257843017595, 24.808950424194393], [85.82721710205084, 24.809642791748047], [85.84194183349638, 24.80805969238287], [85.85381317138666, 24.807640075683594], [85.86402893066412, 24.80542945861822], [85.87777709960943, 24.80029106140131], [85.88967895507812, 24.791650772094727], [85.88717651367216, 24.785589218139762], [85.90168762207026, 24.76986122131342], [85.9045715332033, 24.761280059814567], [85.91050720214861, 24.75366973876953], [85.92096710205078, 24.744560241699446], [85.92767333984392, 24.74049949646019], [85.94270324707031, 24.734420776367244], [85.95030212402372, 24.732118606567383], [85.96064758300798, 24.731700897216854], [85.96613311767607, 24.732290267944393], [85.97016906738281, 24.733579635620117], [85.9727172851563, 24.736289978027344], [85.97589111328125, 24.745969772338867], [85.97725677490251, 24.747631072998047], [85.9999771118164, 24.751380920410156], [86.00611114501959, 24.765680313110295], [86.00956726074224, 24.76799964904785], [86.01397705078136, 24.768999099731502], [86.01967620849615, 24.76776123046875], [86.022758483887, 24.769380569458065], [86.02778625488298, 24.770290374755803], [86.03179168701189, 24.77275276184082], [86.034439086914, 24.776170730590763], [86.03897857666044, 24.776670455932617], [86.04305267334001, 24.777400970458984], [86.04788208007818, 24.778289794921932], [86.05058288574224, 24.779541015624943], [86.05264282226568, 24.773189544677734], [86.05288696289074, 24.76770973205572], [86.0530014038086, 24.761749267578182], [86.04984283447294, 24.75578117370611], [86.04535675048845, 24.751911163330135], [86.04154968261736, 24.747900009155273], [86.03601074218767, 24.747341156005916], [86.03681945800787, 24.74382972717291], [86.0390701293947, 24.74131965637207], [86.042709350586, 24.743871688842773], [86.05503845214838, 24.746349334716854], [86.06041717529314, 24.747680664062614], [86.06318664550793, 24.751670837402457], [86.08657836914068, 24.746320724487248], [86.10553741455107, 24.73596954345726], [86.10929870605474, 24.732240676879996], [86.11094665527361, 24.724027633666992], [86.11596679687506, 24.718879699707145], [86.118637084961, 24.7116508483889], [86.1244430541995, 24.70516014099121], [86.12909698486345, 24.690031051635856], [86.13201141357428, 24.680389404296875], [86.133598327637, 24.675510406494084], [86.13002777099626, 24.67145919799816], [86.12594604492216, 24.670801162719783], [86.12848663330078, 24.665979385375977], [86.12631988525402, 24.6542205810548], [86.12313079833979, 24.64793014526373], [86.1182479858399, 24.641891479492188], [86.12185668945312, 24.630050659179688], [86.12200927734392, 24.623931884765625], [86.1232299804688, 24.619689941406364], [86.12558746337919, 24.611820220947266], [86.13076019287104, 24.60893058776867], [86.13329315185564, 24.60354042053217], [86.14463043212902, 24.603059768676815], [86.15226745605497, 24.599710464477653], [86.156967163086, 24.589239120483455], [86.16565704345697, 24.583681106567496], [86.19493865966803, 24.585161209106502], [86.21570587158209, 24.591171264648438], [86.21656036376982, 24.602800369262695], [86.21737670898455, 24.611770629882812], [86.23026275634777, 24.602270126342887], [86.23874664306658, 24.596799850463867], [86.24288177490263, 24.59213829040533], [86.24855041503912, 24.585130691528377], [86.25747680664068, 24.5831298828125], [86.26152801513678, 24.576900482177678], [86.26413726806658, 24.57583808898937], [86.26625823974615, 24.58195114135765], [86.26970672607428, 24.577800750732536], [86.27348327636736, 24.575620651245117], [86.2768859863283, 24.574199676513786], [86.27612304687517, 24.579080581665153], [86.27378845214872, 24.582748413085938], [86.28040313720709, 24.584180831909123], [86.28835296630876, 24.584339141845646], [86.29263305664074, 24.58609008789074], [86.30166625976562, 24.58315086364769], [86.31005096435541, 24.58156013488781], [86.31223297119146, 24.585880279541016], [86.32286071777361, 24.584091186523438], [86.32269287109392, 24.58056068420416], [86.31857299804699, 24.578920364379996], [86.31936645507841, 24.574459075927734], [86.3109893798831, 24.568180084228516], [86.30809783935575, 24.5657196044923], [86.30982208251982, 24.563100814819393], [86.30404663085943, 24.558290481567496], [86.30983734130888, 24.547340393066634], [86.30816650390642, 24.540832519531307], [86.30133819580078, 24.53197860717796], [86.3033065795899, 24.527730941772404], [86.30751800537121, 24.526359558105696], [86.31056213378918, 24.513822555541992], [86.31241607666021, 24.508470535278548], [86.30973052978516, 24.506362915039176], [86.30349731445318, 24.498271942138786], [86.30162811279325, 24.493539810180664], [86.2982406616211, 24.488998413085994], [86.29773712158209, 24.48252105712902], [86.29387664794939, 24.47643089294428], [86.28557586669933, 24.476802825927734], [86.2818374633789, 24.470478057861328], [86.27913665771513, 24.462001800537166], [86.3009033203125, 24.45680046081543], [86.29882049560564, 24.454261779785384], [86.29957580566406, 24.448989868164176], [86.30375671386713, 24.444839477539062], [86.31555938720732, 24.443910598754826], [86.31949615478521, 24.440160751342887], [86.33273315429716, 24.44019126892084], [86.3478164672851, 24.440498352050838], [86.35072326660173, 24.443710327148438], [86.35350036621122, 24.44206047058117], [86.36271667480486, 24.426790237426758], [86.36789703369158, 24.424249649047795], [86.37326812744146, 24.415851593017635], [86.3812332153322, 24.412349700927734], [86.39869689941435, 24.400289535522575], [86.40101623535185, 24.396270751953352], [86.41558837890625, 24.379209518432617], [86.42514801025396, 24.378118515014705], [86.43070220947271, 24.376131057739315], [86.43415069580084, 24.376859664916935], [86.44632720947271, 24.368440628051758], [86.45220947265625, 24.368629455566463], [86.45504760742205, 24.373968124389762], [86.46179962158209, 24.376720428467024], [86.46568298339838, 24.385000228881893], [86.46711730957037, 24.395160675048828], [86.46366882324224, 24.407751083373967], [86.46568298339838, 24.413789749145508], [86.46367645263678, 24.418500900268555], [86.46582794189464, 24.42188072204584], [86.47339630126959, 24.422761917114258], [86.48207855224638, 24.424980163574162], [86.48858642578125, 24.425001144409237], [86.4881973266601, 24.43386077880865], [86.49194335937506, 24.439300537109375], [86.49098968505865, 24.44695281982422], [86.49112701416021, 24.454050064086914], [86.48448944091803, 24.45882034301752], [86.48974609375017, 24.46760177612299], [86.48877716064453, 24.474269866943303], [86.49080657958996, 24.478750228881836], [86.49028015136747, 24.484371185302848], [86.4953231811524, 24.48527908325201], [86.49812316894531, 24.48727035522461], [86.49752807617216, 24.497978210449332], [86.50572204589872, 24.5177001953125], [86.52352905273455, 24.535749435424748], [86.53044891357428, 24.53293037414562], [86.53614807128912, 24.536439895629883], [86.54057312011724, 24.53662109375], [86.54669189453136, 24.5350399017334], [86.55133819580078, 24.54342079162609], [86.55792999267584, 24.548479080200195], [86.55464172363287, 24.55927085876465], [86.55831909179693, 24.55928993225092], [86.5617065429688, 24.5631103515625], [86.56804656982428, 24.56279945373535], [86.57823944091797, 24.56787109375], [86.58315277099638, 24.572780609130916], [86.58389282226574, 24.585319519043026], [86.58976745605474, 24.592689514160156], [86.5948562622072, 24.59707069396967], [86.59998321533203, 24.599491119384822], [86.60292053222662, 24.605068206787223], [86.60929870605497, 24.607410430908146], [86.60968017578153, 24.602529525756836], [86.60936737060564, 24.601921081543082], [86.60791778564464, 24.599319458007812], [86.606918334961, 24.594350814819336], [86.61885833740234, 24.59469985961914], [86.6182861328125, 24.584491729736442], [86.62716674804693, 24.57962036132824], [86.63420104980474, 24.576679229736442], [86.64126586914068, 24.576118469238338], [86.64575958251953, 24.567222595214957], [86.65593719482428, 24.56319808959961], [86.66839599609403, 24.56064033508295], [86.6776733398438, 24.566112518310604], [86.68151855468756, 24.565069198608512], [86.68663787841803, 24.570440292358512], [86.69536590576189, 24.56891059875494], [86.70990753173834, 24.573539733886832], [86.71862030029297, 24.578212738037223], [86.73158264160156, 24.57579994201683], [86.73507690429693, 24.580841064453125], [86.73950958251959, 24.58649253845215], [86.74565124511747, 24.58950042724615], [86.74459838867205, 24.602880477905217], [86.7508621215822, 24.617979049682617], [86.75405120849638, 24.61475944519043], [86.76912689209013, 24.616481781006087], [86.77551269531256, 24.61557960510254], [86.7751922607423, 24.619510650634822], [86.77712249755888, 24.619760513305607], [86.78085327148443, 24.614839553833008], [86.78407287597673, 24.6102809906007], [86.78647613525419, 24.60457992553711], [86.78690338134766, 24.599370956420955], [86.79437255859392, 24.596830368041992], [86.79429626464872, 24.60070037841797], [86.79251098632818, 24.605180740356673], [86.7903213500976, 24.608449935913086], [86.78736114501959, 24.610929489135742], [86.7858505249024, 24.613092422485295], [86.78560638427751, 24.61720085144043], [86.79184722900385, 24.615310668945426], [86.79435729980486, 24.612091064453068], [86.79660797119135, 24.6085205078125], [86.79749298095709, 24.60573959350586], [86.79808807373058, 24.603469848632926], [86.79866790771513, 24.601142883300838], [86.80018615722668, 24.59857940673828], [86.8017807006836, 24.59745979309082], [86.80577850341797, 24.594501495361328], [86.80446624755876, 24.590650558471793], [86.80488586425787, 24.585380554199162], [86.8062591552735, 24.581140518188704], [86.80761718750011, 24.57685089111328], [86.80322265625006, 24.574359893798942], [86.80120086669922, 24.571968078613338], [86.80033874511724, 24.568700790405387], [86.80018615722668, 24.565929412842024], [86.80029296875017, 24.564601898193587], [86.80499267578153, 24.564121246337834], [86.80871582031256, 24.563770294189453], [86.81358337402338, 24.568201065063533], [86.81825256347662, 24.569339752197322], [86.82147216796875, 24.568319320678825], [86.82559204101591, 24.565999984741268], [86.83152770996094, 24.56805038452154], [86.8370513916015, 24.56828117370611], [86.83857727050776, 24.562780380249137], [86.83869171142584, 24.55862045288086], [86.83880615234392, 24.554069519043082], [86.84710693359386, 24.55297088623047], [86.85463714599626, 24.5504608154298], [86.85745239257807, 24.556610107421875], [86.86161041259794, 24.5602703094483], [86.86949157714844, 24.561380386352653], [86.87320709228521, 24.5649795532226], [86.87639617919939, 24.567319869995345], [86.87909698486334, 24.56305122375494], [86.88398742675781, 24.56035804748558], [86.88414001464872, 24.554479598999023], [86.88672637939459, 24.554029464721793], [86.89308929443388, 24.554838180541992], [86.89842224121122, 24.54975128173828], [86.90117645263689, 24.54449272155773], [86.90583038330084, 24.54097175598156], [86.91117858886724, 24.53867912292486], [86.90715789794928, 24.5433807373048], [86.90629577636719, 24.549261093139762], [86.9065017700197, 24.555299758911076], [86.90644073486357, 24.559890747070312], [86.9063568115235, 24.56336975097662], [86.90122222900396, 24.56679916381836], [86.90322113037138, 24.571529388427848], [86.90065765380865, 24.57615089416504], [86.89795684814453, 24.580530166625977], [86.89807891845697, 24.58654022216797], [86.90123748779303, 24.591569900512695], [86.90467834472662, 24.595140457153434], [86.908950805664, 24.596988677978516], [86.9100189208985, 24.601142883300838], [86.91786193847668, 24.61079025268566], [86.91896820068365, 24.613479614257812], [86.91893768310547, 24.619409561157227], [86.92386627197283, 24.624330520629826], [86.92926788330084, 24.626440048218], [86.93414306640625, 24.62652015686041], [86.9360580444336, 24.630371093750114], [86.93344116210943, 24.635721206665096], [86.93009185791044, 24.642820358276424], [86.93884277343761, 24.64307022094721], [86.94861602783232, 24.642761230468864], [86.94754791259766, 24.635868072509766], [86.94474792480474, 24.63117027282715], [86.94550323486334, 24.626560211181697], [86.9534759521485, 24.62765121459961], [86.95842742919928, 24.629430770874023], [86.96556091308622, 24.631868362426815], [86.97119140625017, 24.6303005218507], [86.98011779785156, 24.624670028686523], [86.98549652099626, 24.621629714965934], [86.98815155029314, 24.620199203491325], [86.99008941650396, 24.62002944946289], [86.99014282226568, 24.62071037292486], [86.99260711669928, 24.619180679321232], [87.01020050048857, 24.60626029968273], [87.0129165649414, 24.609092712402344], [87.01558685302734, 24.613300323486442], [87.01670074462919, 24.617799758911246], [87.02144622802763, 24.619621276855696], [87.0243530273437, 24.621099472046126], [87.026351928711, 24.620082855224666], [87.0264663696289, 24.616050720214957], [87.02643585205107, 24.611232757568303], [87.02751922607428, 24.609319686889762], [87.03011322021501, 24.60951995849632], [87.0326004028322, 24.609897613525334], [87.03497314453136, 24.61010932922369], [87.03592681884777, 24.611770629882812], [87.03671264648466, 24.613250732421875], [87.03872680664068, 24.612541198730526], [87.04086303710943, 24.61104965209961], [87.04300689697294, 24.60893058776867], [87.04463195800781, 24.605398178100586], [87.0504684448245, 24.606769561767635], [87.04834747314482, 24.610149383544922], [87.0467300415039, 24.614210128784237], [87.04670715332048, 24.61740112304699], [87.0459213256836, 24.620170593261776], [87.04440307617205, 24.624031066894588], [87.04580688476568, 24.630897521972713], [87.04881286621111, 24.637010574340877], [87.0503997802735, 24.643440246582088], [87.05101013183622, 24.649271011352653], [87.05237579345732, 24.65551185607916], [87.05475616455084, 24.6606903076173], [87.05532073974615, 24.665090560913086], [87.05473327636736, 24.670600891113395], [87.05892181396501, 24.672250747680664], [87.06017303466825, 24.677219390869084], [87.06131744384794, 24.681520462036246], [87.06381225585966, 24.685039520263615], [87.06701660156261, 24.688472747802678], [87.06932830810575, 24.691249847412337], [87.07063293457037, 24.69449996948248], [87.0708770751956, 24.698850631713867], [87.07138061523443, 24.703130722045955], [87.07125091552763, 24.707349777221793], [87.07264709472673, 24.710910797119197], [87.07367706298834, 24.712520599365234], [87.07660675048822, 24.714599609375057], [87.07772064209013, 24.718799591064396], [87.08029174804705, 24.721969604492188], [87.08185577392584, 24.724540710449276], [87.08235168457031, 24.726999282836914], [87.08138275146479, 24.72925949096691], [87.0811920166015, 24.732650756835938], [87.08132171630871, 24.735942840576286], [87.08040618896513, 24.736980438232422], [87.07847595214872, 24.736150741577262], [87.07704925537126, 24.735660552978572], [87.0756072998048, 24.73641967773449], [87.0757675170899, 24.738149642944336], [87.0763626098634, 24.73992919921875], [87.07398986816423, 24.740549087524414], [87.07359313964861, 24.743070602416935], [87.07454681396501, 24.744720458984432], [87.07646179199236, 24.745491027832088], [87.07982635498075, 24.74658966064453], [87.08161163330095, 24.748340606689567], [87.08120727539062, 24.750759124756087], [87.08097076416044, 24.75168991088873], [87.08309173583979, 24.753660202026595], [87.08508300781256, 24.75580978393549], [87.08631134033232, 24.758319854736328], [87.0848693847658, 24.761499404907227], [87.08339691162115, 24.764520645141545], [87.0825424194336, 24.767982482910156], [87.0825424194336, 24.772970199585075], [87.08284759521496, 24.77922821044922], [87.0856018066408, 24.782470703125], [87.08804321289091, 24.78523826599121], [87.09123229980474, 24.788110733032283], [87.09288024902361, 24.79229164123558], [87.09568023681635, 24.797599792480526], [87.09667205810564, 24.801492691040153], [87.09660339355497, 24.80402755737316], [87.09395599365263, 24.8044109344483], [87.09072875976557, 24.802669525146598], [87.08886718750017, 24.804090499878043], [87.08632659912138, 24.805910110473576], [87.0834503173831, 24.80658912658714], [87.08138275146479, 24.807380676269645], [87.08078002929716, 24.809511184692496], [87.07730102539068, 24.808349609374943], [87.07713317871105, 24.81182098388672], [87.07760620117205, 24.814220428466797], [87.07730102539068, 24.818141937255973], [87.07856750488298, 24.82225036621105], [87.08036041259771, 24.82436180114746], [87.08423614501947, 24.823221206665153], [87.0877532958985, 24.823041915893555], [87.09121704101568, 24.823560714721623], [87.09497070312517, 24.826200485229606], [87.09754943847685, 24.829851150512752], [87.09969329833979, 24.83476066589367], [87.10240936279314, 24.83925819396984], [87.10462188720732, 24.844459533691406], [87.10604858398438, 24.84733009338379], [87.10949707031256, 24.85078811645502], [87.11447143554693, 24.85552978515625], [87.11915588378906, 24.853969573974666], [87.12333679199213, 24.85299110412609], [87.12731933593778, 24.854482650756836], [87.12980651855497, 24.857490539550838], [87.13273620605486, 24.859579086303825], [87.13881683349626, 24.859260559082145], [87.14451599121088, 24.859220504760685], [87.15097808837919, 24.858430862426758], [87.15168762207037, 24.863080978393555], [87.14733886718778, 24.862407684326286], [87.14792633056669, 24.867868423462028], [87.14964294433622, 24.872400283813704], [87.15453338623053, 24.876470565795955], [87.15653991699219, 24.880701065063477], [87.15811920166016, 24.885631561279354], [87.15822601318388, 24.889551162719783], [87.15695953369158, 24.89608955383312], [87.15432739257818, 24.90011024475109], [87.15023040771479, 24.90316963195812], [87.14877319335938, 24.90509033203125], [87.14774322509794, 24.9081707000733], [87.14650726318365, 24.91286277770996], [87.14762878417969, 24.917800903320426], [87.14971160888689, 24.921222686767578], [87.15268707275419, 24.9239501953125], [87.15461730957026, 24.92651748657221], [87.15531158447271, 24.93168067932129], [87.15213012695341, 24.936531066894474], [87.14859008789068, 24.942119598388786], [87.14877319335938, 24.94938087463379], [87.15075683593761, 24.955749511718864], [87.15258026123064, 24.962999343872298], [87.15191650390653, 24.968612670898438], [87.15203094482428, 24.974439620971623], [87.15299224853521, 24.98312950134283], [87.1536865234375, 24.99097061157221], [87.14647674560564, 24.99987030029297], [87.14597320556646, 25.00355911254877], [87.14449310302763, 25.006429672241325], [87.14388275146496, 25.01078987121582], [87.14420318603521, 25.017971038818587], [87.14676666259794, 25.024311065673942], [87.14904785156278, 25.0262393951416], [87.15232086181669, 25.02651977539074], [87.15834045410162, 25.0310001373291], [87.16497039794939, 25.042819976806754], [87.16503906250006, 25.04586982727045], [87.16847991943365, 25.048950195312557], [87.17325592041027, 25.05647087097168], [87.17384338378935, 25.058002471923885], [87.17664337158209, 25.06402015686035], [87.18431854248058, 25.067010879516715], [87.18776702880888, 25.066999435424805], [87.1974716186524, 25.07365036010748], [87.19986724853533, 25.079441070556754], [87.20832061767584, 25.083320617675838], [87.2107162475586, 25.0852508544923], [87.21135711669928, 25.089599609375227], [87.21563720703153, 25.090190887451172], [87.21795654296875, 25.08854293823265], [87.22708892822294, 25.0875701904298], [87.23387908935553, 25.08582115173334], [87.23986053466825, 25.099460601806754], [87.24106597900408, 25.100799560546875], [87.24533081054693, 25.09908103942894], [87.24923706054688, 25.1053791046142], [87.25055694580072, 25.105850219726676], [87.25875091552763, 25.104610443115348], [87.26307678222662, 25.100820541381893], [87.26444244384794, 25.097778320312557], [87.27024841308611, 25.093639373779297], [87.274887084961, 25.092189788818416], [87.28560638427746, 25.090919494628963], [87.29110717773443, 25.089269638061523], [87.29535675048857, 25.099700927734602], [87.2928085327149, 25.10469055175787], [87.29486846923845, 25.111919403076172], [87.29487609863281, 25.113819122314396], [87.293266296387, 25.114351272583008], [87.29791259765642, 25.134660720825423], [87.29988098144537, 25.134590148925838], [87.30342864990251, 25.138141632080305], [87.30239105224621, 25.140590667724666], [87.30343627929705, 25.143209457397575], [87.30171966552751, 25.143899917602482], [87.30229187011736, 25.145320892333984], [87.30797576904291, 25.150291442871207], [87.3096389770509, 25.153551101684627], [87.31041717529325, 25.160329818725643], [87.31436920166021, 25.162759780883903], [87.31503295898432, 25.165040969848746], [87.31437683105474, 25.16736984252941], [87.31301116943365, 25.169260025024357], [87.31064605712885, 25.169820785522518], [87.31601715087908, 25.186300277710075], [87.31711578369169, 25.18868064880371], [87.3157424926759, 25.192989349365234], [87.3159790039062, 25.196950912475643], [87.3183364868164, 25.201240539550895], [87.32345581054705, 25.223091125488338], [87.33053588867205, 25.222190856933707], [87.33045196533232, 25.217069625854492], [87.34777832031261, 25.213172912597713], [87.35507965087885, 25.213409423828182], [87.3580169677735, 25.211219787597656], [87.36846160888689, 25.20689964294445], [87.36988830566412, 25.205049514770565], [87.37394714355497, 25.218530654907227], [87.3771362304688, 25.222618103027287], [87.38330078125028, 25.223470687866268], [87.38648223876959, 25.225709915161246], [87.39177703857428, 25.227518081665096], [87.39662170410185, 25.22571945190441], [87.402153015137, 25.221410751342887], [87.40764617919928, 25.219009399414006], [87.40949249267595, 25.21513938903803], [87.41660308837896, 25.214910507202262], [87.45511627197271, 25.197500228882063], [87.4578323364259, 25.1977996826173], [87.46192932128923, 25.19515037536621], [87.4668579101562, 25.195650100708008], [87.46763610839844, 25.193141937255973], [87.47216033935575, 25.1946697235108], [87.4718170166015, 25.222379684448185], [87.47305297851568, 25.231430053710938], [87.47264099121094, 25.24088287353527], [87.48755645751959, 25.26199913024908], [87.49484252929699, 25.25969123840332], [87.49571990966797, 25.262479782104492], [87.495590209961, 25.265300750732422], [87.49195861816412, 25.271430969238395], [87.49447631835966, 25.275430679321346], [87.48757934570318, 25.277610778808594], [87.48150634765653, 25.295171737670955], [87.48638153076178, 25.29607009887718], [87.49006652832043, 25.305200576782283], [87.49887084960966, 25.29228973388672], [87.51287078857439, 25.292142868042106], [87.52552032470709, 25.280981063842773], [87.52942657470703, 25.279619216919173], [87.535629272461, 25.280109405517692], [87.53974914550798, 25.281618118286076], [87.53849792480474, 25.296230316162166], [87.5411224365235, 25.304250717163086], [87.54412078857422, 25.322900772094783], [87.54680633544939, 25.323650360107422], [87.5474472045899, 25.330940246582145], [87.56710815429693, 25.33389091491705], [87.57144165039062, 25.340509414672965], [87.57948303222662, 25.343931198120117], [87.5789184570313, 25.34678268432623], [87.58007049560553, 25.348390579223633], [87.58766174316412, 25.34054756164545], [87.58046722412115, 25.332321166992188], [87.58116149902361, 25.328039169311637], [87.5892868041995, 25.323789596557674], [87.58925628662121, 25.321889877319393], [87.59989166259771, 25.314662933349553]]]}}