{"type": "Feature", "properties": {"ID_0": 105, "ISO": "IND", "NAME_0": "India", "ID_1": 20, "NAME_1": "Madhya Pradesh", "NL_NAME_1": null, "VARNAME_1": null, "TYPE_1": "State", "ENGTYPE_1": "State"}, "geometry": {"type": "Polygon", "coordinates": [[[78.36464691162126, 26.86884117126465], [78.36688232421903, 26.86259269714361], [78.37010955810575, 26.85758972167997], [78.37480926513678, 26.846830368042106], [78.38065338134783, 26.836090087890625], [78.3855972290039, 26.82793998718273], [78.38973999023466, 26.824899673462085], [78.40032196044939, 26.82600975036644], [78.4133758544923, 26.83043098449724], [78.42587280273455, 26.83231925964361], [78.43033599853521, 26.828872680664062], [78.43427276611345, 26.82411193847662], [78.44557952880865, 26.80343055725109], [78.45078277587919, 26.798051834106673], [78.45813751220709, 26.79523277282715], [78.4663162231447, 26.79341125488287], [78.47632598876964, 26.792251586914062], [78.491996765137, 26.787950515747298], [78.51557159423834, 26.785110473633097], [78.52632904052763, 26.778539657592887], [78.53427124023443, 26.77200126647955], [78.53504943847662, 26.77166175842285], [78.55490112304699, 26.76482963562023], [78.56009674072294, 26.7622127532959], [78.56584930419922, 26.7576904296875], [78.57521057128923, 26.75599288940441], [78.60196685791021, 26.756059646606445], [78.606460571289, 26.757520675659407], [78.60938262939453, 26.76102066040039], [78.61178588867216, 26.76711273193382], [78.61569213867193, 26.771900177001953], [78.62043762207048, 26.775199890136832], [78.62857055664091, 26.775390625000114], [78.65036773681658, 26.769729614257983], [78.6590194702149, 26.769229888916016], [78.6675033569336, 26.77424049377447], [78.67282867431635, 26.787748336791935], [78.67736053466808, 26.792381286621037], [78.68342590332037, 26.794612884521484], [78.69007110595709, 26.79602813720703], [78.71534729003935, 26.80021286010765], [78.72142791748075, 26.79771041870123], [78.7203369140625, 26.792741775512752], [78.71784210205072, 26.78717994689964], [78.71837615966825, 26.781700134277287], [78.72293853759777, 26.779342651367244], [78.72586822509766, 26.779621124267635], [78.73145294189453, 26.78310966491705], [78.73596954345697, 26.788980484008903], [78.74108123779325, 26.792520523071516], [78.74479675292986, 26.789409637451286], [78.74904632568365, 26.784400939941406], [78.75447845458984, 26.77571105957037], [78.76214599609392, 26.766830444335938], [78.76638031005865, 26.76453971862793], [78.77070617675798, 26.764190673828125], [78.77414703369158, 26.76606941223156], [78.79868316650419, 26.769111633300724], [78.80610656738293, 26.76879119873047], [78.8113861083985, 26.765470504760742], [78.84068298339838, 26.726070404052848], [78.85114288330107, 26.71642112731928], [78.85431671142584, 26.712320327758732], [78.86492919921892, 26.704669952392635], [78.87123870849626, 26.703609466552734], [78.87708282470732, 26.703540802002067], [78.88288879394548, 26.70440101623558], [78.90394592285168, 26.71338081359886], [78.9079208374024, 26.712940216064396], [78.91278839111328, 26.71038055419922], [78.93076324462908, 26.704269409179688], [78.94814300537115, 26.696741104125977], [78.95015716552729, 26.694040298461914], [78.94991302490246, 26.691940307617244], [78.93698883056669, 26.67228126525879], [78.93579101562506, 26.66793060302757], [78.93607330322283, 26.664880752563477], [78.93791198730497, 26.66269111633312], [78.94370269775408, 26.66105079650879], [78.94789123535156, 26.66262817382824], [78.96393585205095, 26.676517486572266], [78.96965789794939, 26.680570602416992], [78.973876953125, 26.682540893554688], [78.98388671875028, 26.685710906982592], [78.987289428711, 26.686040878296012], [78.99124908447271, 26.68444061279297], [78.99317932128912, 26.684570312500114], [78.9973220825197, 26.68099021911638], [79.00041198730474, 26.676710128784293], [79.00116729736334, 26.673900604248047], [78.99814605712896, 26.66662025451666], [78.99572753906278, 26.663562774658203], [78.99127960205084, 26.654569625854606], [78.98899078369146, 26.651420593261662], [78.98686981201178, 26.647367477416935], [78.98722076416033, 26.644180297851506], [78.99130249023449, 26.641439437866325], [78.9953002929688, 26.635969161987305], [79.00084686279308, 26.630411148071346], [79.00308990478521, 26.626659393310604], [79.0031127929688, 26.6192302703858], [79.00520324707037, 26.614137649536133], [79.00566101074213, 26.610469818115348], [79.00372314453153, 26.606370925903548], [78.99133300781278, 26.60464096069336], [78.9821166992188, 26.59417915344244], [78.97802734375, 26.592430114746207], [78.9810028076173, 26.586008071899528], [78.97952270507841, 26.58156967163086], [78.97962188720709, 26.57407951354992], [78.99134063720732, 26.58230972290039], [78.99353790283209, 26.57880020141613], [78.99820709228544, 26.57422256469738], [78.99785614013672, 26.572151184082088], [78.99912261962902, 26.566730499267635], [78.99797058105474, 26.5640106201173], [79.00437927246111, 26.558620452880803], [79.00673675537115, 26.55780029296875], [79.0051879882813, 26.556230545044002], [78.9976882934572, 26.55586051940918], [78.99575042724604, 26.55411148071289], [78.99798583984386, 26.55093955993658], [79.00284576416033, 26.549930572509822], [79.00598907470714, 26.551420211791935], [79.008041381836, 26.5477809906007], [79.01278686523438, 26.548719406128043], [79.01724243164074, 26.552129745483455], [79.0205459594726, 26.55166053771984], [79.01863098144526, 26.543319702148438], [79.01963043212908, 26.541440963745174], [79.03309631347685, 26.535989761352766], [79.03366851806669, 26.53341102600092], [79.03129577636724, 26.524770736694336], [79.03325653076178, 26.52262115478527], [79.03946685791033, 26.52335929870617], [79.04102325439459, 26.52276039123535], [79.03959655761747, 26.519699096679744], [79.03930664062506, 26.51572990417492], [79.04374694824224, 26.51046943664562], [79.04975128173845, 26.506660461425724], [79.04971313476591, 26.5027694702149], [79.0508804321289, 26.500770568847656], [79.05335998535156, 26.50121116638195], [79.05655670166044, 26.503160476684627], [79.06093597412138, 26.50329971313488], [79.06114196777372, 26.490959167480582], [79.06230926513666, 26.489879608154524], [79.06433868408209, 26.48684120178234], [79.06346130371088, 26.484760284423942], [79.04707336425781, 26.46142005920416], [79.04676055908209, 26.45786094665533], [79.04846191406256, 26.456050872802734], [79.05323028564459, 26.45561027526861], [79.05748748779308, 26.45614051818859], [79.05802917480474, 26.451280593872127], [79.06062316894548, 26.45182991027832], [79.06130218505871, 26.449430465698242], [79.06355285644537, 26.448959350586165], [79.0668487548831, 26.449409484863395], [79.06710052490234, 26.447008132934513], [79.06906890869146, 26.446519851684627], [79.07279205322294, 26.44779014587408], [79.07417297363298, 26.445568084716797], [79.0776977539063, 26.447231292724553], [79.08094024658209, 26.443901062011662], [79.08304595947277, 26.449739456176758], [79.08274841308611, 26.452310562133903], [79.08329772949213, 26.453020095825423], [79.08943176269548, 26.45092964172369], [79.09113311767578, 26.45240020751976], [79.09118652343756, 26.455270767211914], [79.09287261962908, 26.45730018615717], [79.09491729736357, 26.45709991455078], [79.0998916625976, 26.456029891967887], [79.10515594482428, 26.453601837158203], [79.11030578613287, 26.453010559082145], [79.12098693847662, 26.447891235351676], [79.124008178711, 26.445520401000977], [79.126762390137, 26.444810867309798], [79.12328338623053, 26.440639495849666], [79.11911010742216, 26.432880401611442], [79.11682128906278, 26.424219131469954], [79.11723327636747, 26.417121887207088], [79.11489868164074, 26.415588378906477], [79.10067749023455, 26.411731719970817], [79.09703826904297, 26.41259956359869], [79.09268951416033, 26.41614913940424], [79.0919265747072, 26.416740417480526], [79.08682250976568, 26.4178218841555], [79.08072662353521, 26.40550041198742], [79.0869979858399, 26.391082763671875], [79.08959197998041, 26.38820075988781], [79.08849334716814, 26.38313293457037], [79.09047698974615, 26.379390716552734], [79.08911895751959, 26.37713050842291], [79.07924652099638, 26.372880935669002], [79.07675933837902, 26.366020202636776], [79.07679748535185, 26.362691879272518], [79.08421325683622, 26.359712600708008], [79.08857727050793, 26.359920501708984], [79.0930480957033, 26.360139846801815], [79.09517669677751, 26.35981941223156], [79.09673309326178, 26.359569549560547], [79.09644317626982, 26.355609893798885], [79.10038757324224, 26.355091094970817], [79.10340118408209, 26.359510421753043], [79.10526275634783, 26.35598945617687], [79.1085815429688, 26.354490280151424], [79.1166229248048, 26.353572845459098], [79.11952209472685, 26.351039886474666], [79.12320709228533, 26.344730377197493], [79.13137817382812, 26.345899581909237], [79.13374328613287, 26.344970703125], [79.13257598876959, 26.342760086059627], [79.12680053710938, 26.339920043945426], [79.12499237060553, 26.33793067932129], [79.12731170654325, 26.333490371704215], [79.12703704833984, 26.3316593170166], [79.1258621215822, 26.331438064575195], [79.12423706054693, 26.331140518188704], [79.11564636230474, 26.33509063720726], [79.11569213867216, 26.33130073547369], [79.11573028564453, 26.328491210937614], [79.11798858642607, 26.326341629028377], [79.12724304199224, 26.321380615234432], [79.12658691406244, 26.31603050231945], [79.11911773681669, 26.314928054809798], [79.11457824707026, 26.313140869140682], [79.10875701904303, 26.30862045288086], [79.10154724121105, 26.31385040283203], [79.09797668457026, 26.314649581909237], [79.0938491821289, 26.311941146850643], [79.09147644042997, 26.308452606201172], [79.09178924560553, 26.30404281616211], [79.08769226074219, 26.29903030395502], [79.08399200439459, 26.297080993652344], [79.08309936523432, 26.29389953613304], [79.08635711669922, 26.283670425415096], [79.08357238769537, 26.27240943908697], [79.079643249512, 26.272609710693416], [79.07720184326172, 26.273599624633903], [79.07610321044939, 26.27519035339367], [79.07657623291044, 26.278821945190543], [79.07872772216797, 26.280340194702262], [79.07869720459013, 26.28448104858404], [79.07769012451178, 26.28721809387207], [79.07553100585955, 26.28713035583496], [79.07206726074236, 26.28523063659668], [79.06865692138689, 26.287771224975643], [79.06726837158197, 26.28762054443365], [79.06405639648455, 26.282630920410213], [79.05789184570341, 26.28380012512207], [79.05327606201178, 26.27960014343273], [79.04679870605474, 26.270591735839844], [79.0485305786134, 26.265970230102653], [79.04677581787115, 26.265319824218864], [79.03703308105474, 26.26699066162115], [79.03793334960955, 26.262870788574332], [79.0421981811524, 26.259960174560547], [79.04535675048828, 26.260299682617244], [79.04692077636736, 26.255390167236328], [79.04892730712919, 26.253690719604435], [79.05191802978521, 26.253240585327205], [79.05551147460938, 26.254150390625], [79.05844116210949, 26.253910064697322], [79.06266784667997, 26.246931076050032], [79.06112670898466, 26.243690490722656], [79.05652618408209, 26.241889953613395], [79.05555725097662, 26.23964118957531], [79.05705261230474, 26.232891082763672], [79.05526733398438, 26.232389450073242], [79.05216979980497, 26.232112884521484], [79.04603576660162, 26.23354911804205], [79.04055023193388, 26.229280471801985], [79.0342559814456, 26.23154067993164], [79.02960968017584, 26.23207092285162], [79.02684783935547, 26.233360290527344], [79.02466583251959, 26.234252929687614], [79.0203933715822, 26.234252929687614], [79.01714324951189, 26.232168197631836], [79.01690673828153, 26.228000640869368], [79.01761627197271, 26.223400115966854], [79.01729583740229, 26.22369194030773], [79.01872253417974, 26.215829849243107], [79.01819610595714, 26.21252059936529], [79.0207061767581, 26.20967292785656], [79.02062225341803, 26.208570480346737], [79.00990295410173, 26.204940795898438], [79.01039123535185, 26.20277976989746], [79.01257324218767, 26.201400756835994], [79.01502990722656, 26.198150634765852], [79.01494598388678, 26.19746971130371], [79.01297760009766, 26.196861267089957], [79.00232696533209, 26.19676971435547], [78.99655151367205, 26.1989803314209], [78.99444580078142, 26.200450897216797], [78.99175262451172, 26.20396804809593], [78.98403930664068, 26.200670242309798], [78.98091888427751, 26.1984100341798], [78.97737884521496, 26.195499420166016], [78.97574615478533, 26.192810058593977], [78.99178314209001, 26.177280426025447], [78.99598693847673, 26.17551040649414], [79.00340270996111, 26.172958374023494], [79.00238800048857, 26.16472816467285], [79.00092315673845, 26.160261154174805], [79.00071716308594, 26.15497970581066], [78.99459838867182, 26.15278053283697], [78.99179077148455, 26.15205955505371], [78.98966217041016, 26.15070915222168], [78.9862365722658, 26.150539398193416], [78.9706420898438, 26.155401229858455], [78.96533966064459, 26.155780792236442], [78.96032714843767, 26.154270172119084], [78.9523010253908, 26.142601013183594], [78.94576263427763, 26.141061782836857], [78.9426727294923, 26.13914108276373], [78.94438934326183, 26.137519836425838], [78.95464324951178, 26.132860183715763], [78.95810699462896, 26.12990951538086], [78.96652984619169, 26.12565040588379], [78.96922302246122, 26.123441696166992], [78.97049713134771, 26.120281219482536], [78.969779968262, 26.112300872802678], [78.97183990478521, 26.108699798583984], [78.99011993408209, 26.095899581909293], [78.99185180664068, 26.095260620117188], [79.00049591064482, 26.09671020507824], [79.00350952148449, 26.094310760498104], [79.00437927246111, 26.090080261230412], [79.00219726562528, 26.086601257324332], [79.00315093994169, 26.081792831421012], [79.00113677978533, 26.07835960388195], [78.99915313720732, 26.077091217041016], [78.99711608886736, 26.07393074035639], [78.99188232421886, 26.074640274047965], [78.9860229492187, 26.076080322265852], [78.9824829101563, 26.07375907897955], [78.97869110107428, 26.064680099487248], [78.97579956054693, 26.059881210327262], [78.96817779541021, 26.059160232544002], [78.96144866943376, 26.050819396972656], [78.9526672363283, 26.0420303344726], [78.94863128662104, 26.038812637329215], [78.94432830810553, 26.036951065063477], [78.94618988037126, 26.031072616577262], [78.95050048828153, 26.025821685791243], [78.95040130615251, 26.019861221313704], [78.94534301757824, 26.013900756836165], [78.94441986084013, 26.008890151977482], [78.94613647460966, 26.00616073608404], [78.94658660888689, 26.00506973266613], [78.94610595703136, 26.001550674438704], [78.94330596923828, 25.998228073120174], [78.94388580322266, 25.993240356445312], [78.94316864013672, 25.990690231323242], [78.93947601318354, 25.986370086670036], [78.93621826171903, 25.985319137573185], [78.93102264404303, 25.985530853271484], [78.92720031738287, 25.986511230468693], [78.92459106445341, 25.984310150146598], [78.92362213134794, 25.98087120056158], [78.92613220214838, 25.977769851684684], [78.93113708496111, 25.976310729980526], [78.9295196533206, 25.971630096435604], [78.9254760742188, 25.965419769287223], [78.92582702636724, 25.958892822265625], [78.9274215698245, 25.95549964904785], [78.93009948730497, 25.951580047607422], [78.92952728271513, 25.949359893798885], [78.9273529052735, 25.948320388794002], [78.92484283447283, 25.948711395263672], [78.92215728759783, 25.950120925903434], [78.92112731933622, 25.95084762573248], [78.923843383789, 25.952751159667912], [78.91532897949224, 25.94936943054205], [78.90978240966814, 25.946081161499023], [78.90394592285168, 25.941101074218864], [78.90125274658209, 25.9375], [78.8980865478515, 25.930870056152344], [78.89427185058588, 25.92585182189947], [78.87638092041033, 25.91566085815424], [78.87686920166027, 25.914480209350813], [78.87741851806646, 25.9131698608399], [78.88034820556635, 25.909551620483512], [78.88294219970709, 25.906351089477596], [78.88719177246122, 25.89897155761713], [78.88511657714838, 25.8928604125976], [78.88134002685564, 25.888420104980526], [78.88371276855474, 25.8764705657959], [78.8834533691408, 25.87491989135748], [78.88268280029314, 25.870269775390852], [78.87689208984403, 25.86985969543457], [78.87268829345732, 25.873020172119197], [78.86798095703142, 25.874980926513786], [78.8660659790039, 25.874851226806584], [78.86358642578125, 25.874671936035213], [78.8607177734375, 25.873329162597884], [78.85782623291044, 25.87201118469244], [78.85051727294928, 25.865610122680778], [78.84662628173845, 25.860500335693473], [78.84397888183611, 25.84531021118164], [78.84622192382812, 25.838760375976562], [78.8529357910158, 25.843610763549748], [78.86575317382818, 25.8343505859375], [78.8664627075197, 25.82962989807129], [78.86396026611328, 25.81627082824707], [78.86331939697277, 25.80208015441906], [78.8619232177735, 25.799198150634822], [78.85594940185547, 25.7944393157959], [78.84969329834001, 25.7958602905274], [78.84362030029303, 25.801309585571403], [78.84129333496111, 25.805200576782227], [78.84073638916033, 25.812080383300838], [78.84179687500028, 25.81680107116705], [78.84098052978521, 25.820640563964844], [78.83512878417997, 25.824092864990348], [78.81582641601574, 25.831140518188477], [78.81124877929699, 25.83012008667015], [78.80198669433611, 25.822200775146428], [78.79885864257824, 25.81821060180664], [78.80046081542986, 25.812879562378043], [78.80401611328153, 25.810220718383846], [78.80766296386747, 25.811519622802678], [78.81379699707031, 25.816810607910156], [78.81623077392607, 25.817581176757812], [78.82227325439459, 25.81522750854498], [78.82363891601568, 25.812360763549805], [78.82376861572266, 25.81082153320324], [78.82408142089838, 25.807609558105412], [78.82050323486345, 25.799400329589787], [78.8167572021485, 25.799289703369254], [78.81169891357422, 25.799140930175838], [78.80497741699247, 25.80019187927246], [78.80413055419928, 25.80033111572277], [78.79955291748053, 25.799360275268498], [78.79606628417969, 25.795930862426985], [78.79360198974626, 25.793500900268555], [78.79062652587896, 25.78823089599615], [78.77996826171886, 25.77511978149414], [78.77578735351591, 25.76149940490717], [78.76582336425787, 25.758911132812557], [78.7624130249024, 25.75226020813011], [78.75567626953125, 25.752990722656307], [78.75128173828142, 25.752700805664062], [78.74681854248075, 25.749090194702205], [78.74550628662104, 25.744119644165153], [78.74579620361334, 25.73801994323736], [78.74803924560564, 25.73265075683588], [78.75240325927751, 25.7274112701416], [78.76074981689482, 25.72079086303711], [78.77752685546903, 25.713701248169002], [78.79123687744169, 25.710540771484375], [78.79255676269543, 25.707170486450195], [78.79070281982416, 25.70285034179699], [78.78940582275408, 25.69983100891119], [78.7957611083985, 25.69614028930664], [78.80938720703153, 25.67807006835949], [78.81133270263689, 25.67448043823265], [78.81060791015625, 25.66506195068365], [78.81124877929699, 25.645450592041016], [78.8097915649414, 25.63836097717291], [78.80642700195318, 25.63302993774414], [78.80519104003935, 25.624557495117188], [78.79815673828125, 25.619220733642692], [78.79454803466814, 25.617549896240178], [78.78485107421892, 25.615489959716797], [78.76597595214844, 25.61314964294445], [78.75541687011713, 25.609590530395735], [78.74896240234392, 25.60834121704113], [78.74095153808611, 25.603879928588867], [78.73284149169928, 25.603059768676758], [78.7243194580081, 25.608449935913086], [78.71116638183588, 25.606590270996094], [78.70658874511713, 25.603279113769645], [78.7003479003908, 25.601310729980526], [78.69570922851591, 25.599840164184627], [78.68798828125006, 25.595159530639705], [78.67701721191435, 25.594100952148494], [78.67296600341808, 25.59180068969721], [78.66535186767607, 25.584840774536246], [78.64862060546875, 25.565639495849723], [78.64434051513678, 25.565418243408317], [78.62883758544922, 25.569000244140568], [78.62341308593778, 25.571001052856445], [78.62020874023438, 25.57356071472168], [78.62133026123041, 25.582180023193416], [78.61814880371111, 25.586990356445312], [78.608627319336, 25.589080810546875], [78.60573577880876, 25.588872909545955], [78.60420989990251, 25.58728981018072], [78.600151062012, 25.5783500671389], [78.59799194335943, 25.575611114501953], [78.59525299072283, 25.574930191040153], [78.59027862548845, 25.575220108032227], [78.58706665039062, 25.572940826416016], [78.5839920043947, 25.565549850463867], [78.58119201660162, 25.564308166503963], [78.57608032226574, 25.565288543701115], [78.57096862792997, 25.567359924316463], [78.56548309326189, 25.56787109375], [78.55974578857422, 25.56780052185053], [78.54714965820312, 25.56470108032221], [78.54178619384794, 25.565139770507926], [78.53604888916044, 25.566869735717773], [78.53240203857433, 25.57028961181652], [78.52751922607439, 25.572929382324276], [78.51143646240263, 25.572961807251204], [78.49149322509783, 25.581880569458008], [78.48626708984403, 25.582229614257812], [78.48108673095714, 25.58043289184576], [78.46894073486322, 25.572980880737305], [78.46212005615251, 25.567470550537166], [78.46003723144531, 25.56455993652355], [78.45733642578142, 25.555400848388672], [78.45519256591825, 25.551950454711914], [78.44915008544939, 25.55274009704584], [78.4449691772461, 25.55499076843273], [78.44303894042986, 25.55705070495611], [78.43974304199247, 25.5589599609375], [78.43707275390653, 25.564350128173828], [78.4335327148438, 25.565240859985295], [78.42933654785162, 25.56385993957531], [78.4261322021485, 25.561450958252067], [78.41230773925781, 25.542249679565373], [78.40997314453153, 25.537719726562443], [78.40866088867182, 25.532901763916016], [78.41102600097662, 25.5273895263673], [78.41529846191435, 25.52139091491705], [78.41674804687506, 25.51777267456066], [78.41628265380888, 25.515739440918082], [78.41433715820324, 25.5153102874757], [78.41124725341803, 25.51902008056635], [78.40956878662121, 25.51864814758312], [78.40863800048857, 25.507999420166072], [78.40940856933622, 25.50427055358898], [78.41232299804705, 25.49766159057623], [78.4194793701173, 25.49054145812994], [78.4215698242188, 25.47970962524414], [78.42072296142595, 25.477619171142635], [78.41646575927763, 25.47750282287592], [78.40672302246122, 25.47921943664545], [78.40142822265625, 25.472970962524414], [78.396049499512, 25.471771240234375], [78.3937530517581, 25.47125053405773], [78.39309692382818, 25.470420837402344], [78.39189910888672, 25.46884918212902], [78.38568878173834, 25.454160690307617], [78.3834075927735, 25.45193290710455], [78.38088989257818, 25.45045089721674], [78.3773803710937, 25.44837951660162], [78.37077331542969, 25.447170257568473], [78.36614227294922, 25.446317672729435], [78.3609771728515, 25.44660186767578], [78.35266876220709, 25.455312728881836], [78.34925842285162, 25.455791473388615], [78.3475875854495, 25.454839706421012], [78.34378814697294, 25.446178436279524], [78.3365631103515, 25.434989929199276], [78.33518981933622, 25.431051254272404], [78.33407592773466, 25.41815185546875], [78.33248901367193, 25.40455055236839], [78.33027648925776, 25.400999069213924], [78.3215103149414, 25.395219802856502], [78.31690979003935, 25.390909194946232], [78.3106765747072, 25.385070800781307], [78.30716705322294, 25.384162902832145], [78.30340576171892, 25.38479042053217], [78.29972076416044, 25.383752822876204], [78.29551696777372, 25.374799728393555], [78.2942276000976, 25.367620468139705], [78.2962265014649, 25.364990234375057], [78.30162048339872, 25.3643798828125], [78.3162689208985, 25.359619140625], [78.3231964111331, 25.35526847839361], [78.32657623291021, 25.349020004272575], [78.32756042480497, 25.346450805664062], [78.33129119873047, 25.33671951293951], [78.33078002929693, 25.33128929138178], [78.32782745361345, 25.327610015869254], [78.32710266113287, 25.32720947265625], [78.3154373168947, 25.320730209350643], [78.31057739257824, 25.316158294677848], [78.30802917480474, 25.310989379882812], [78.31163787841814, 25.307569503784237], [78.31645202636724, 25.30458068847662], [78.33007812499994, 25.30038070678711], [78.34130859375028, 25.299270629882926], [78.34516143798828, 25.297941207885742], [78.34506988525396, 25.28297042846691], [78.3552627563476, 25.275720596313477], [78.36222076416021, 25.265430450439567], [78.36029815673834, 25.258569717407227], [78.35521697998075, 25.249969482421875], [78.35453033447283, 25.246080398559684], [78.35708618164068, 25.244171142578068], [78.36454010009771, 25.24391174316412], [78.36888885498053, 25.241661071777457], [78.3707580566408, 25.233360290527344], [78.37516784667974, 25.22575187683111], [78.381088256836, 25.223810195922795], [78.3921508789063, 25.22234916687023], [78.3955383300783, 25.221181869506893], [78.397758483887, 25.217750549316463], [78.39450073242199, 25.214639663696403], [78.38577270507807, 25.20868110656744], [78.38394927978521, 25.206001281738395], [78.38385009765653, 25.20486068725586], [78.38359069824224, 25.201950073242244], [78.38427734375017, 25.199331283569336], [78.38536071777372, 25.195159912109318], [78.3888931274414, 25.19281959533697], [78.39132690429688, 25.191200256347656], [78.40355682373064, 25.18894004821783], [78.40725708007818, 25.18576049804699], [78.40902709960966, 25.182029724121094], [78.41726684570312, 25.1727809906007], [78.42823028564459, 25.16964149475092], [78.43511199951178, 25.170360565185604], [78.43746185302729, 25.17140960693365], [78.4391326904298, 25.172149658203125], [78.44394683837885, 25.172559738159293], [78.44645690917986, 25.169021606445256], [78.44631195068365, 25.166709899902457], [78.44284820556658, 25.15788078308117], [78.44198608398449, 25.15735054016136], [78.42870330810547, 25.1583309173584], [78.42089843750017, 25.157640457153263], [78.4182968139649, 25.153499603271484], [78.41882324218767, 25.151090621948242], [78.42294311523466, 25.14537048339838], [78.43235778808611, 25.137540817260742], [78.44291687011724, 25.128770828247127], [78.43097686767572, 25.124481201171932], [78.42468261718744, 25.124691009521428], [78.41765594482439, 25.126970291137695], [78.41072845459013, 25.129230499267692], [78.40226745605474, 25.130970001220646], [78.39531707763666, 25.130527496337947], [78.38968658447271, 25.126991271972713], [78.37869262695341, 25.112699508667106], [78.37441253662115, 25.108539581298828], [78.36699676513678, 25.104520797729435], [78.35784149169928, 25.10235023498535], [78.3478164672851, 25.09996986389166], [78.33265686035162, 25.093242645263672], [78.3309097290039, 25.09163093566889], [78.32776641845732, 25.08876991271967], [78.32675933837896, 25.08688163757347], [78.32524871826178, 25.08406066894554], [78.32498931884783, 25.07249832153326], [78.32717895507841, 25.067911148071346], [78.33078002929693, 25.045370101928825], [78.3380661010745, 25.02733993530279], [78.33751678466791, 25.02079010009777], [78.33460998535168, 25.01073837280279], [78.33020782470709, 25.003740310668945], [78.32753753662115, 24.99955940246582], [78.3096160888673, 24.99124908447277], [78.30668640136719, 24.988992691040153], [78.30256652832043, 24.983970642089957], [78.2895965576173, 24.968139648437614], [78.2822875976563, 24.96320915222168], [78.26271057128935, 24.95260047912592], [78.2599182128908, 24.94924926757824], [78.25604248046903, 24.942039489746207], [78.25244903564447, 24.93950080871582], [78.24936676025419, 24.93848037719738], [78.22878265380888, 24.924079895019645], [78.21391296386747, 24.91557121276861], [78.21070861816423, 24.912340164184513], [78.20395660400402, 24.90050125122076], [78.19973754882818, 24.89623069763178], [78.18917083740251, 24.892801284790266], [78.17704772949224, 24.887331008911246], [78.17044830322266, 24.885269165039062], [78.16535949707037, 24.88174057006836], [78.16470336914091, 24.878299713134766], [78.16332244873058, 24.870992660522518], [78.16355133056669, 24.864280700683594], [78.16380310058611, 24.85709953308117], [78.16532897949236, 24.84817123413086], [78.17000579833996, 24.846479415893555], [78.17357635498053, 24.846189498901424], [78.1868972778322, 24.842809677124137], [78.1915817260745, 24.839670181274357], [78.19403076171886, 24.831560134887752], [78.19587707519537, 24.828590393066406], [78.20896911621088, 24.813070297241154], [78.21836853027361, 24.791919708251953], [78.22387695312517, 24.78300094604498], [78.22582244873053, 24.776571273803768], [78.22518920898438, 24.766391754150618], [78.22428894042969, 24.764030456543026], [78.21987152099626, 24.758190155029524], [78.2188873291015, 24.753799438476506], [78.2203903198245, 24.747369766235295], [78.22631835937494, 24.736249923706055], [78.23654937744146, 24.724639892578125], [78.25078582763689, 24.705570220947322], [78.25280761718778, 24.70094108581543], [78.25460815429705, 24.692489624023665], [78.25699615478544, 24.68593025207531], [78.26799774169928, 24.66959953308117], [78.26847839355463, 24.66710090637207], [78.26789855957026, 24.663520812988338], [78.25834655761747, 24.652839660644588], [78.25669097900408, 24.648620605468977], [78.25847625732428, 24.637800216674805], [78.26339721679693, 24.62812042236328], [78.26753234863281, 24.621919631958008], [78.26985168457048, 24.61538124084467], [78.26940155029325, 24.605020523071403], [78.26808166503935, 24.59697914123558], [78.26375579834001, 24.578720092773438], [78.26035308837896, 24.569232940673942], [78.25888824462902, 24.5581893920899], [78.25531768798822, 24.552299499511946], [78.24610900878918, 24.548690795898494], [78.23654937744146, 24.54632949829113], [78.22418212890653, 24.541339874267635], [78.21839904785162, 24.535690307617244], [78.21653747558605, 24.531642913818473], [78.21971893310553, 24.522779464721623], [78.22817230224621, 24.51645278930664], [78.23805999755865, 24.5116806030274], [78.2401733398438, 24.50958061218273], [78.24150848388678, 24.504842758178654], [78.23768615722662, 24.496179580688477], [78.23789978027355, 24.49358177185053], [78.23963165283232, 24.489459991455135], [78.24621582031267, 24.486719131469783], [78.25459289550798, 24.48582839965843], [78.26323699951178, 24.483081817626953], [78.2668228149414, 24.47999954223627], [78.26962280273432, 24.47618293762207], [78.2696609497072, 24.473108291625977], [78.26030731201189, 24.460010528564453], [78.26074981689459, 24.45393943786621], [78.26687622070318, 24.44737052917486], [78.28121185302763, 24.437210083007812], [78.28985595703125, 24.433120727539176], [78.29985046386724, 24.42654991149925], [78.31150054931646, 24.417440414428825], [78.315200805664, 24.412849426269588], [78.31830596923845, 24.41035079956066], [78.33244323730474, 24.405971527099723], [78.33673095703153, 24.40386962890625], [78.34491729736357, 24.39204025268566], [78.3504028320313, 24.389530181884822], [78.35885620117216, 24.387189865112305], [78.36094665527372, 24.38578987121582], [78.3629226684572, 24.381610870361328], [78.3625717163086, 24.378150939941634], [78.34651947021501, 24.362699508667106], [78.34092712402372, 24.352420806884766], [78.33544921875017, 24.345098495483455], [78.33112335205084, 24.34255027770996], [78.32657623291021, 24.338468551635856], [78.32543182373053, 24.334369659423885], [78.32599639892584, 24.329618453979492], [78.32852172851591, 24.325500488281307], [78.3318099975586, 24.322490692138672], [78.33551788330084, 24.319179534912223], [78.33943176269526, 24.31735992431652], [78.34130859375028, 24.31151962280279], [78.34140014648438, 24.30780982971197], [78.34243774414091, 24.305381774902287], [78.344535827637, 24.30328941345215], [78.35141754150419, 24.299270629882756], [78.36168670654308, 24.296100616455192], [78.36396789550787, 24.292350769043026], [78.36624908447271, 24.290309906005916], [78.36989593505871, 24.28908157348627], [78.37300109863276, 24.286359786987532], [78.37742614746111, 24.27806091308605], [78.37963867187528, 24.275560379028377], [78.38236999511736, 24.273929595947322], [78.38566589355474, 24.27305030822754], [78.39296722412121, 24.274761199951115], [78.4032669067384, 24.275472640991268], [78.40695190429682, 24.2770099639892], [78.4113082885745, 24.28758049011242], [78.4144897460938, 24.288841247558594], [78.41861724853533, 24.289461135864258], [78.4231567382812, 24.289150238037166], [78.42648315429693, 24.290180206298942], [78.43477630615263, 24.297660827636946], [78.43332672119158, 24.30900955200218], [78.4335021972658, 24.313409805297965], [78.44029235839872, 24.325531005859432], [78.4508285522461, 24.329879760742244], [78.45459747314482, 24.333221435546818], [78.4589233398438, 24.33568954467779], [78.46779632568354, 24.33934020996088], [78.47077178955084, 24.343381881713924], [78.47167968750006, 24.357089996337947], [78.47280120849626, 24.362350463867244], [78.475326538086, 24.367429733276595], [78.48430633544928, 24.377628326416016], [78.4897766113283, 24.386051177978572], [78.49819183349615, 24.392780303955192], [78.4999389648438, 24.39433097839361], [78.50537109374994, 24.39394950866705], [78.5145568847658, 24.39055824279785], [78.5192260742188, 24.387350082397404], [78.52207183837896, 24.384149551391715], [78.52511596679693, 24.377138137817326], [78.52762603759777, 24.374471664428768], [78.55258178710943, 24.360628128051815], [78.5568923950197, 24.361190795898494], [78.56265258789062, 24.35935974121088], [78.5665130615235, 24.35732078552269], [78.57489776611334, 24.359350204467773], [78.57843780517578, 24.35708045959484], [78.57888031005865, 24.353961944580078], [78.58071899414062, 24.34983062744135], [78.58470153808622, 24.34343910217285], [78.58777618408203, 24.341350555419922], [78.59364318847685, 24.339361190795955], [78.59900665283232, 24.32318115234375], [78.60208129882812, 24.31830024719244], [78.60478210449236, 24.315740585327376], [78.61492156982428, 24.312572479248047], [78.61962890625, 24.311840057373047], [78.62281036376964, 24.30985069274908], [78.62351226806646, 24.30690193176281], [78.61788177490263, 24.299289703369368], [78.61734008789062, 24.29612159729004], [78.61940002441435, 24.289449691772575], [78.6217193603515, 24.28626060485834], [78.62602233886724, 24.286462783813704], [78.63138580322277, 24.29018974304205], [78.6341629028322, 24.289369583129996], [78.6392364501956, 24.286199569702205], [78.64363861084013, 24.28149986267084], [78.65444946289068, 24.273740768432617], [78.65779876709001, 24.268051147460938], [78.66316223144548, 24.252630233764705], [78.66535186767607, 24.248449325561637], [78.66912078857428, 24.245019912719727], [78.67311096191412, 24.244350433349837], [78.67809295654303, 24.244899749755916], [78.681137084961, 24.2440700531007], [78.69258117675787, 24.23701095581049], [78.69886016845709, 24.234479904175032], [78.70712280273466, 24.238769531250114], [78.71111297607433, 24.23944091796875], [78.7185821533206, 24.239151000976676], [78.72110748291016, 24.241220474243164], [78.72653961181646, 24.252700805664176], [78.73221588134766, 24.253820419311637], [78.7352600097658, 24.251779556274528], [78.73610687255871, 24.245109558105412], [78.73751831054705, 24.24210166931158], [78.74085235595709, 24.24016952514654], [78.7437133789063, 24.239450454711914], [78.7458877563476, 24.239271163940487], [78.74977111816412, 24.24073982238781], [78.75255584716791, 24.243679046630803], [78.75428771972656, 24.247249603271598], [78.75668334960943, 24.259729385376033], [78.76027679443365, 24.258489608764705], [78.7664260864259, 24.250579833984432], [78.76071929931669, 24.239099502563477], [78.760009765625, 24.236511230468864], [78.76053619384794, 24.23385047912609], [78.76774597167974, 24.21777915954584], [78.7698364257813, 24.215270996093977], [78.77488708496094, 24.21228981018072], [78.7762527465822, 24.210020065307617], [78.77831268310541, 24.201049804687443], [78.78205871582037, 24.191520690917912], [78.78459930419916, 24.185140609741325], [78.78848266601562, 24.181358337402457], [78.79168701171892, 24.180240631103572], [78.80224609375006, 24.18190002441412], [78.80570983886724, 24.184299468994197], [78.80795288085943, 24.193319320678825], [78.80908203125, 24.204650878906364], [78.8105010986331, 24.20852088928234], [78.81352233886724, 24.210279464721737], [78.81638336181646, 24.208650588989315], [78.81886291503912, 24.202438354492188], [78.82007598876947, 24.201219558715877], [78.82425689697294, 24.201299667358626], [78.82772064208984, 24.20318984985363], [78.83277893066412, 24.20928192138672], [78.83876800537104, 24.21467971801752], [78.84654235839855, 24.21693038940441], [78.858207702637, 24.21354103088379], [78.86283111572283, 24.214040756225586], [78.87368011474604, 24.21893119812006], [78.87886047363298, 24.22305107116705], [78.88105010986334, 24.228889465331974], [78.87982177734392, 24.244119644165266], [78.8782730102539, 24.248689651489485], [78.87909698486334, 24.25401115417492], [78.8855819702149, 24.25928115844738], [78.9098510742188, 24.272920608520735], [78.91172027587896, 24.276500701904297], [78.91322326660156, 24.28590965270996], [78.91284942626959, 24.289449691772575], [78.90773010253912, 24.29487037658697], [78.90708160400408, 24.296430587768555], [78.9077606201173, 24.301231384277344], [78.9241333007813, 24.314218521118164], [78.92874145507824, 24.316209793091048], [78.93245697021501, 24.318889617919922], [78.945365905762, 24.33130073547369], [78.95088958740263, 24.340410232544002], [78.95493316650385, 24.34392929077154], [78.960990905762, 24.347169876098746], [78.96488189697283, 24.350442886352482], [78.96687316894537, 24.353660583496094], [78.96813964843767, 24.356950759887695], [78.96833801269548, 24.360242843628043], [78.96692657470732, 24.370349884033203], [78.9671707153322, 24.37358283996582], [78.9709777832033, 24.38472938537609], [78.97422027587908, 24.398639678955135], [78.97621154785162, 24.402891159057674], [78.9808731079101, 24.41782951354992], [78.98689270019537, 24.423240661621207], [78.98777770996111, 24.427970886230582], [78.9865112304688, 24.434030532836914], [78.98438262939459, 24.441360473632926], [78.981986999512, 24.447240829467717], [78.97183227539068, 24.444732666015682], [78.96203613281267, 24.444070816040153], [78.95552825927751, 24.44512748718273], [78.94713592529314, 24.443130493164062], [78.94439697265653, 24.44325828552246], [78.94065856933611, 24.44598007202154], [78.93107604980497, 24.459978103637695], [78.92724609375028, 24.46213150024414], [78.91279602050781, 24.463510513305778], [78.9085922241211, 24.466770172119197], [78.902641296387, 24.47837066650385], [78.90088653564459, 24.483579635620345], [78.90093994140653, 24.4883708953858], [78.90808105468756, 24.493160247802678], [78.91381072998053, 24.500841140747298], [78.91757965087908, 24.50251007080101], [78.92182922363287, 24.5010795593264], [78.9243621826173, 24.499080657958928], [78.9260711669923, 24.496387481689567], [78.92569732666027, 24.491830825805664], [78.92334747314459, 24.488399505615178], [78.92517852783197, 24.485990524291992], [78.93071746826172, 24.484540939331282], [78.94313812255876, 24.48488044738781], [78.94856262207037, 24.486192703247184], [78.95455932617188, 24.488559722900504], [78.96391296386719, 24.49378013610834], [78.96639251708984, 24.4969482421875], [78.96549224853521, 24.500280380249023], [78.96340942382818, 24.502040863037337], [78.95018768310564, 24.504478454589957], [78.94708251953153, 24.505989074707145], [78.94416809082037, 24.509508132934513], [78.94336700439459, 24.51662063598627], [78.9447708129884, 24.523630142211857], [78.94393920898443, 24.526647567749023], [78.94042205810575, 24.53120994567871], [78.94001007080107, 24.534080505371037], [78.9403686523438, 24.54314994812023], [78.94550323486334, 24.55331039428711], [78.94465637207048, 24.55620956420921], [78.94299316406256, 24.557878494262923], [78.93038177490251, 24.564390182495117], [78.91314697265653, 24.581300735473633], [78.90850067138678, 24.588809967041072], [78.90561676025396, 24.602210998535156], [78.90438842773432, 24.60430908203125], [78.89295196533203, 24.61383819580078], [78.89186859130865, 24.616800308227596], [78.89144134521501, 24.6220703125], [78.8817214965822, 24.63969993591303], [78.87306976318388, 24.64694976806652], [78.8665390014649, 24.645492553710938], [78.862808227539, 24.64112091064453], [78.85919189453125, 24.628179550170955], [78.85579681396501, 24.622989654541072], [78.8524017333985, 24.620941162109432], [78.84916687011724, 24.62166023254389], [78.84436798095703, 24.6289901733399], [78.83905792236334, 24.628219604492244], [78.8359985351563, 24.62557983398449], [78.83345031738281, 24.62079048156744], [78.83084869384771, 24.60889053344738], [78.82878112792974, 24.60781097412115], [78.8203964233399, 24.60787010192871], [78.81405639648443, 24.605600357055778], [78.81112670898438, 24.605339050293026], [78.80667877197277, 24.60717010498047], [78.80182647705095, 24.607828140258846], [78.79788208007818, 24.605319976806584], [78.7938232421875, 24.598228454589844], [78.77690124511724, 24.59309005737316], [78.76661682128918, 24.597562789916992], [78.7519912719726, 24.602462768554915], [78.7494659423831, 24.604980468750114], [78.74803161621111, 24.611520767212028], [78.74857330322266, 24.624710083007812], [78.74797821044916, 24.637050628662166], [78.74635314941412, 24.643190383911246], [78.74208068847656, 24.65063095092779], [78.74057769775408, 24.656070709228516], [78.74006652832037, 24.659959793090934], [78.74427032470709, 24.666820526123104], [78.74487304687511, 24.669309616088867], [78.75498962402355, 24.67357063293457], [78.75753784179688, 24.677150726318416], [78.75878143310553, 24.682170867919865], [78.75998687744169, 24.693569183349723], [78.76534271240229, 24.695329666137695], [78.76760101318388, 24.69692993164074], [78.77239227294916, 24.704141616821346], [78.77297973632812, 24.706911087036246], [78.77308654785162, 24.7116508483889], [78.76980590820318, 24.71884918212902], [78.76912689209013, 24.723541259765625], [78.7674865722658, 24.743410110473633], [78.76895141601591, 24.75110054016119], [78.76862335205095, 24.754800796508732], [78.76319885253935, 24.766759872436523], [78.76454925537138, 24.794992446899528], [78.76722717285185, 24.798511505127067], [78.777816772461, 24.80487251281761], [78.7801132202149, 24.806989669799805], [78.78109741210943, 24.810510635375977], [78.78054046630871, 24.81497192382824], [78.77256774902372, 24.830480575561523], [78.7688827514649, 24.84374809265148], [78.76740264892607, 24.84891128540039], [78.76716613769537, 24.855670928955135], [78.76448059082037, 24.861368179321403], [78.7613525390625, 24.86295127868675], [78.75343322753912, 24.864969253540096], [78.75061035156278, 24.86886024475092], [78.74668121337908, 24.870849609375057], [78.73838043212896, 24.869630813598576], [78.73441314697294, 24.870992660522518], [78.73163604736345, 24.872341156005803], [78.72254180908209, 24.880718231201286], [78.71887207031256, 24.882661819458008], [78.71280670166021, 24.883790969848633], [78.70289611816412, 24.88402748107933], [78.70056915283209, 24.886480331421012], [78.69634246826189, 24.89466094970726], [78.69171905517572, 24.895900726318587], [78.67965698242216, 24.89719009399414], [78.67543029785162, 24.898540496826172], [78.66839599609386, 24.902399063110465], [78.66301727294928, 24.90926170349121], [78.65947723388666, 24.91752052307129], [78.65709686279303, 24.925060272216854], [78.65371704101591, 24.944219589233455], [78.64218139648455, 24.939769744873274], [78.64050292968756, 24.940362930297965], [78.64005279541033, 24.94532966613781], [78.64251708984375, 24.950290679931697], [78.64243316650396, 24.952650070190543], [78.62491607666044, 24.961940765380973], [78.62204742431652, 24.964900970458984], [78.62290191650408, 24.967790603637752], [78.6320190429687, 24.983720779418945], [78.63510894775408, 25.004329681396428], [78.63616180419933, 25.010892868041992], [78.63616180419933, 25.021369934082145], [78.63719940185564, 25.02555084228527], [78.64418792724638, 25.035249710083008], [78.64192962646479, 25.0614910125733], [78.63941192626982, 25.06637191772461], [78.63558959960949, 25.071010589599666], [78.63482666015636, 25.074190139770735], [78.62948608398449, 25.08242988586437], [78.62474060058622, 25.08641052246105], [78.62032318115246, 25.091592788696403], [78.61760711669928, 25.092710494995117], [78.60555267334001, 25.094221115112248], [78.59716796875017, 25.097871780395565], [78.59667968750011, 25.10345077514654], [78.5982971191408, 25.108089447021428], [78.59816741943365, 25.1270809173584], [78.59597778320312, 25.148580551147404], [78.59371185302751, 25.15739059448248], [78.5697631835938, 25.20195960998541], [78.56456756591803, 25.220960617065657], [78.56259155273432, 25.22602272033714], [78.56149291992205, 25.2274494171142], [78.56254577636747, 25.238670349121094], [78.56579589843778, 25.249450683593807], [78.56816864013689, 25.254051208496207], [78.56858062744146, 25.258609771728516], [78.56437683105474, 25.265211105346907], [78.55702209472685, 25.269329071044922], [78.55237579345709, 25.2708797454834], [78.54226684570318, 25.27203941345215], [78.53601837158214, 25.271949768066463], [78.52849578857439, 25.274509429931868], [78.52555847167997, 25.278171539306754], [78.52516937255888, 25.285499572753963], [78.52085113525408, 25.28803825378418], [78.5053176879884, 25.281547546386832], [78.50257873535162, 25.28342056274414], [78.50080871582031, 25.288248062133903], [78.49668121337896, 25.293859481811637], [78.48932647705107, 25.29208946228033], [78.4540328979495, 25.270601272583008], [78.44445037841803, 25.26995086669922], [78.43575286865229, 25.27324104309082], [78.4287109375, 25.28083038330078], [78.42736053466791, 25.2886714935305], [78.42981719970732, 25.29701042175293], [78.43517303466791, 25.30252075195324], [78.44059753417974, 25.3041610717774], [78.44851684570341, 25.30328941345215], [78.45680236816412, 25.29934120178217], [78.4592895507813, 25.29665946960455], [78.46705627441423, 25.29301071167015], [78.46926116943371, 25.303321838378906], [78.4717559814456, 25.30583953857422], [78.47792053222656, 25.30869102478033], [78.48324584960932, 25.3141899108889], [78.48754119873053, 25.320190429687727], [78.49217224121122, 25.323829650878963], [78.49492645263689, 25.320690155029354], [78.49581146240263, 25.310190200805778], [78.5002517700197, 25.30413055419922], [78.505111694336, 25.302110671997127], [78.51586151123041, 25.304330825805664], [78.51872253417963, 25.305812835693416], [78.52507781982422, 25.306529998779354], [78.53098297119158, 25.317060470581055], [78.53356170654325, 25.318700790405217], [78.53893280029291, 25.320392608642578], [78.54083251953153, 25.32244110107422], [78.54145812988298, 25.32659912109375], [78.53768920898443, 25.329498291015625], [78.53359222412104, 25.330892562866325], [78.53150177001947, 25.33485031127941], [78.5306930541995, 25.33916854858421], [78.53108978271513, 25.348590850830192], [78.53044891357428, 25.352050781250227], [78.52480316162138, 25.354749679565373], [78.52336883544928, 25.358310699463004], [78.52514648437511, 25.363012313842773], [78.52806091308588, 25.365880966186523], [78.53505706787115, 25.364009857177848], [78.54473114013678, 25.358699798584098], [78.55602264404303, 25.348609924316634], [78.56204986572283, 25.347951889038086], [78.57621765136724, 25.35193061828619], [78.57890319824224, 25.355318069458065], [78.57950592041027, 25.36057090759283], [78.57775878906256, 25.377140045166072], [78.57440185546903, 25.382230758666935], [78.57034301757818, 25.38478279113781], [78.56463623046886, 25.383960723876953], [78.56009674072294, 25.38204956054699], [78.55690002441423, 25.38414955139166], [78.56112670898438, 25.395692825317383], [78.56344604492193, 25.39792060852062], [78.56862640380865, 25.396190643310604], [78.57612609863276, 25.391090393066406], [78.57890319824224, 25.390090942382756], [78.58409881591825, 25.39026069641119], [78.58834075927729, 25.39211273193365], [78.59163665771501, 25.39653968811058], [78.59461212158232, 25.40911293029791], [78.59895324707037, 25.41522026062006], [78.60349273681646, 25.417070388793945], [78.61435699462896, 25.416330337524414], [78.61692047119169, 25.410070419311467], [78.6192169189456, 25.407039642333984], [78.62362670898432, 25.405990600585938], [78.62858581542963, 25.406461715698242], [78.63379669189453, 25.409521102905273], [78.63680267333984, 25.414110183715877], [78.6374969482423, 25.419788360595703], [78.6325073242188, 25.433010101318587], [78.63365936279303, 25.43806076049799], [78.63883972167997, 25.440429687500114], [78.6454162597658, 25.437850952148494], [78.64901733398455, 25.442392349243107], [78.65271759033209, 25.444000244140682], [78.65796661376953, 25.443830490112248], [78.67041015625017, 25.438890457153377], [78.67488861084013, 25.43814086914074], [78.67751312255865, 25.4397296905517], [78.67893218994135, 25.443899154663086], [78.68168640136724, 25.447401046753043], [78.68576049804716, 25.447790145874137], [78.68924713134766, 25.44535064697277], [78.6933212280274, 25.439220428466797], [78.69983673095709, 25.432300567627067], [78.70140075683622, 25.428859710693473], [78.7002410888673, 25.426120758056697], [78.68448638916016, 25.41601181030279], [78.66909027099615, 25.40388107299816], [78.66493988037115, 25.404460906982536], [78.6593017578125, 25.41837120056175], [78.65651702880865, 25.420129776000977], [78.65367889404303, 25.416810989379996], [78.65204620361322, 25.41314125061041], [78.65666961669939, 25.40053939819336], [78.65688323974615, 25.39599037170416], [78.65592956542974, 25.39217185974121], [78.65789031982428, 25.387979507446346], [78.66117095947294, 25.386560440063477], [78.66493225097662, 25.388000488281193], [78.66940307617182, 25.392900466919002], [78.67376708984403, 25.39116096496582], [78.6735229492188, 25.387990951538086], [78.67156219482422, 25.384561538696403], [78.68386077880888, 25.38047981262207], [78.68717956542986, 25.380632400512695], [78.68914031982428, 25.383020401001033], [78.69058990478516, 25.386739730835018], [78.69275665283209, 25.38773918151867], [78.6961059570312, 25.385528564453125], [78.69711303710955, 25.383291244506893], [78.69982147216803, 25.381700515747184], [78.70903015136747, 25.378749847412053], [78.70976257324224, 25.37626838684082], [78.70455932617188, 25.36559104919445], [78.70361328125006, 25.361700057983455], [78.70384979248053, 25.358648300170955], [78.70944213867216, 25.35432052612299], [78.71362304687528, 25.3529891967774], [78.71794891357428, 25.352809906005803], [78.72112274169939, 25.353820800781364], [78.72524261474638, 25.353982925415096], [78.73567199707037, 25.349191665649414], [78.74978637695318, 25.352119445800895], [78.7562866210938, 25.357509613037166], [78.76438140869135, 25.35840034484869], [78.76532745361357, 25.360441207885856], [78.76574707031267, 25.36477088928217], [78.76216125488281, 25.374370574951172], [78.76122283935553, 25.382160186767692], [78.75482177734403, 25.386190414428825], [78.75286102294928, 25.39034080505394], [78.75302886962896, 25.391950607299748], [78.75437164306646, 25.393070220947266], [78.7572631835938, 25.39252281188959], [78.75888824462908, 25.393520355224666], [78.75988006591803, 25.397750854492188], [78.75962066650385, 25.402070999145735], [78.75863647460966, 25.404090881347713], [78.75464630126982, 25.406219482422102], [78.7511596679688, 25.405269622802734], [78.74754333496105, 25.40053939819336], [78.74349975585943, 25.39767074584961], [78.74156188964844, 25.398580551147575], [78.7403030395509, 25.403070449829215], [78.74050140380888, 25.406541824340763], [78.74314117431646, 25.412700653076115], [78.74540710449224, 25.415540695190487], [78.74938201904297, 25.417560577392805], [78.7562026977539, 25.419298171997184], [78.77604675292986, 25.421190261840934], [78.78823852539062, 25.423580169677734], [78.79046630859386, 25.425680160522575], [78.79464721679693, 25.426599502563477], [78.80766296386747, 25.42523956298828], [78.8113861083985, 25.427352905273438], [78.81291198730474, 25.430427551269588], [78.81179809570318, 25.43308067321783], [78.80345153808622, 25.438190460205135], [78.79528808593744, 25.44132804870617], [78.78945159912115, 25.44202041625988], [78.78218078613298, 25.439920425414982], [78.77629089355474, 25.436969757080078], [78.77207946777344, 25.432931900024414], [78.76537322998064, 25.43003273010254], [78.75997161865263, 25.430561065673885], [78.75506591796892, 25.433851242065487], [78.7518081665039, 25.43843078613287], [78.74812316894543, 25.448440551757926], [78.74366760253912, 25.45210075378418], [78.73237609863298, 25.45566177368164], [78.72766876220709, 25.458730697631836], [78.72464752197271, 25.463308334350586], [78.72631835937506, 25.490070343017635], [78.73175048828153, 25.500650405883846], [78.73606109619146, 25.50432968139654], [78.7393188476563, 25.499879837036133], [78.74154663085955, 25.489931106567383], [78.7435913085937, 25.484891891479492], [78.74948120117216, 25.48221015930187], [78.7565460205081, 25.476150512695312], [78.76051330566418, 25.475759506225643], [78.76432037353521, 25.476640701294173], [78.77297210693354, 25.482830047607536], [78.77677154541044, 25.48339080810547], [78.78172302246122, 25.484149932861385], [78.78952789306669, 25.483512878418082], [78.81019592285173, 25.475440979003963], [78.81526184082043, 25.472419738769588], [78.82549285888678, 25.46837043762207], [78.82985687255876, 25.46569061279297], [78.83339691162138, 25.46165084838873], [78.83590698242182, 25.459989547729606], [78.837646484375, 25.458850860595646], [78.84211730957037, 25.457149505615234], [78.84574890136724, 25.454389572143555], [78.84200286865263, 25.450002670288086], [78.83718872070324, 25.44798088073742], [78.83268737792969, 25.447652816772404], [78.83036041259794, 25.447481155395565], [78.81645965576166, 25.448909759521598], [78.81387329101568, 25.446308135986328], [78.81569671630854, 25.441759109497127], [78.8197326660158, 25.437780380249023], [78.83097839355486, 25.432031631469783], [78.83426666259771, 25.432460784912166], [78.83660125732428, 25.434249877929915], [78.84533691406256, 25.444971084594783], [78.85369873046892, 25.452301025390625], [78.85724639892607, 25.46215248107933], [78.85717010498053, 25.46714019775385], [78.8516464233399, 25.477790832519645], [78.84880065917974, 25.487571716308594], [78.84603881835938, 25.49138259887718], [78.83071899414091, 25.498371124267578], [78.82699584960955, 25.503700256347713], [78.82832336425798, 25.509981155395508], [78.83394622802746, 25.516000747680778], [78.83673095703142, 25.51678848266613], [78.84120178222668, 25.518070220947322], [78.84706878662115, 25.518539428710994], [78.85128784179693, 25.518890380859375], [78.8760070800783, 25.524320602416935], [78.87837219238287, 25.528659820556584], [78.87757110595709, 25.533189773559513], [78.86840820312506, 25.544179916381836], [78.8690032958985, 25.551160812378043], [78.87435913085943, 25.557012557983455], [78.88109588623075, 25.56019020080589], [78.88276672363287, 25.56040954589838], [78.88553619384783, 25.560770034790096], [78.89678955078142, 25.559391021728516], [78.90595245361345, 25.560600280761662], [78.91036987304693, 25.559339523315487], [78.91332244873075, 25.54552078247076], [78.91683959960955, 25.54129028320324], [78.91857910156256, 25.54332160949707], [78.92044830322283, 25.549570083618278], [78.92263793945324, 25.556829452514705], [78.92568206787115, 25.559957504272575], [78.93074035644548, 25.55972099304205], [78.93566131591791, 25.55709075927757], [78.94168853759771, 25.55144119262701], [78.94381713867199, 25.54092025756836], [78.94188690185553, 25.53115081787132], [78.93844604492193, 25.527530670166016], [78.93224334716797, 25.524351119995117], [78.91961669921903, 25.527442932128906], [78.91726684570318, 25.525470733642578], [78.91638183593778, 25.520750045776367], [78.9166870117188, 25.516750335693587], [78.91918182373053, 25.513551712036076], [78.9261779785158, 25.50761032104498], [78.93315124511747, 25.498260498046875], [78.93518066406256, 25.494300842285156], [78.93612670898443, 25.48778152465826], [78.93563842773466, 25.48002052307129], [78.9300384521485, 25.46858978271507], [78.92745971679682, 25.46569061279297], [78.91974639892584, 25.46216011047369], [78.91340637207048, 25.452060699462947], [78.90631103515625, 25.45045089721674], [78.90322875976591, 25.4469375610351], [78.91259002685541, 25.438671112060547], [78.92913055419933, 25.428329467773494], [78.93415832519531, 25.43189239501953], [78.93782043457048, 25.43753814697277], [78.94258880615251, 25.4417018890382], [78.94696807861345, 25.442541122436523], [78.96012878417986, 25.438890457153377], [78.9624862670899, 25.436359405517578], [78.96891021728533, 25.425132751464957], [78.9702224731447, 25.420459747314567], [78.96553039550787, 25.41147994995123], [78.96817016601568, 25.39655113220215], [78.97106170654303, 25.39184951782238], [78.97580718994146, 25.388690948486328], [78.97840881347656, 25.382860183715934], [78.97850799560553, 25.37601280212408], [78.9744720458985, 25.372560501098746], [78.9552764892581, 25.37308120727539], [78.94844055175776, 25.370002746582088], [78.93871307373041, 25.352830886840877], [78.92862701416016, 25.351800918579045], [78.91715240478544, 25.359991073608455], [78.90638732910162, 25.36338043212885], [78.89695739746094, 25.365209579467887], [78.89322662353521, 25.369010925293026], [78.89245605468756, 25.375297546386776], [78.89539337158232, 25.38079071044922], [78.90912628173857, 25.380561828613224], [78.92636871337908, 25.377340316772518], [78.93113708496111, 25.377122879028434], [78.93885803222668, 25.389070510864315], [78.94725036621105, 25.39318084716797], [78.9512329101563, 25.39645957946783], [78.94935607910185, 25.400159835815373], [78.94341278076178, 25.403120040893782], [78.93103790283214, 25.40316009521507], [78.92266845703153, 25.400461196899414], [78.91541290283232, 25.39962959289562], [78.91201019287104, 25.396999359130973], [78.9083099365235, 25.392370223999023], [78.90107727050787, 25.389259338378963], [78.89055633544928, 25.38883018493658], [78.88301849365229, 25.38951110839838], [78.87474822998053, 25.38765907287592], [78.86142730712919, 25.37702941894554], [78.84535980224615, 25.360910415649528], [78.83773803710943, 25.3521728515625], [78.8358612060548, 25.347030639648438], [78.84317779541016, 25.342081069946232], [78.8454132080081, 25.33867073059082], [78.84567260742205, 25.335189819335938], [78.84350585937528, 25.332361221313477], [78.8402633666995, 25.33185005187994], [78.83566284179699, 25.33298110961914], [78.83329010009783, 25.33134078979498], [78.82659912109392, 25.319852828979435], [78.8216629028322, 25.318742752075252], [78.81667327880876, 25.316570281982365], [78.81456756591797, 25.310960769653434], [78.81022644042969, 25.310859680175838], [78.79802703857428, 25.314521789550895], [78.79193878173834, 25.314792633056754], [78.78674316406267, 25.309720993042106], [78.78328704833984, 25.303180694580192], [78.78324890136747, 25.297611236572322], [78.78692626953142, 25.294940948486385], [78.79120635986334, 25.29301071167015], [78.79328918457037, 25.293100357055664], [78.80367279052729, 25.30199813842779], [78.8069915771485, 25.30297088623047], [78.81167602539091, 25.299840927124023], [78.81272125244146, 25.29776000976574], [78.81215667724615, 25.294099807739315], [78.80635070800776, 25.27946090698248], [78.80562591552751, 25.270931243896598], [78.81128692626982, 25.266000747680664], [78.82367706298857, 25.25107955932623], [78.83505249023443, 25.233200073242244], [78.84175109863287, 25.229160308838004], [78.84462738037121, 25.231109619140682], [78.84594726562506, 25.233789443969727], [78.85028839111334, 25.253427505493164], [78.85288238525385, 25.258850097656364], [78.85791778564459, 25.266241073608512], [78.86228942871111, 25.283130645752067], [78.87059020996122, 25.284868240356445], [78.87242889404303, 25.28820991516119], [78.87185668945318, 25.2917995452882], [78.86763763427734, 25.301349639892578], [78.86686706542986, 25.310989379882812], [78.85954284667997, 25.31455993652338], [78.85643768310553, 25.316959381103516], [78.85823822021484, 25.320882797241268], [78.8624572753908, 25.324609756469783], [78.87306976318388, 25.330829620361442], [78.87560272216797, 25.334011077880916], [78.87679290771484, 25.339210510253906], [78.876518249512, 25.34445953369152], [78.87895965576183, 25.346879959106445], [78.88524627685553, 25.34669113159174], [78.89552307128912, 25.34351921081543], [78.9034729003908, 25.34008979797369], [78.90788269042969, 25.339401245117188], [78.91121673584013, 25.342130661010856], [78.91467285156278, 25.346441268920955], [78.91886901855497, 25.345991134643498], [78.92453002929693, 25.341928482055664], [78.92546081542974, 25.33843994140625], [78.92537689208984, 25.33457946777338], [78.92761230468778, 25.3317108154298], [78.93122863769543, 25.33241271972662], [78.93547058105463, 25.33620071411127], [78.9427795410158, 25.345119476318473], [78.94581604003923, 25.347259521484432], [78.94999694824236, 25.348279953002873], [78.95285797119158, 25.34987068176281], [78.9557723999024, 25.347761154174805], [78.95202636718778, 25.31738090515131], [78.95279693603544, 25.31187820434576], [78.9702758789063, 25.291091918945256], [78.97004699707048, 25.28520965576172], [78.96469879150408, 25.28387069702154], [78.95384979248047, 25.285629272460938], [78.9475402832033, 25.283700942993107], [78.9437866210938, 25.28007125854498], [78.94447326660173, 25.275449752807617], [78.94799041748053, 25.271749496460075], [78.94838714599621, 25.26591110229498], [78.94618225097673, 25.26377105712902], [78.94061279296903, 25.262689590454215], [78.93643951416016, 25.262678146362305], [78.93348693847662, 25.26354026794445], [78.92581176757812, 25.267820358276367], [78.92276763916021, 25.27148056030279], [78.9182891845706, 25.275171279907227], [78.9152069091798, 25.275690078735295], [78.90859985351562, 25.27436065673828], [78.8964462280274, 25.249940872192326], [78.89169311523443, 25.24546051025402], [78.88456726074219, 25.2472305297851], [78.8802261352539, 25.25362014770502], [78.87587738037115, 25.255769729614485], [78.87217712402361, 25.250789642333984], [78.86725616455078, 25.23769187927246], [78.86707305908209, 25.23254013061529], [78.87325286865263, 25.22608184814453], [78.88162231445318, 25.215471267700195], [78.88241577148466, 25.2110595703125], [78.88011932373075, 25.205898284912223], [78.87570190429693, 25.200149536132812], [78.87104797363298, 25.196161270141545], [78.86738586425776, 25.189960479736328], [78.86759948730486, 25.186340332031364], [78.86979675292974, 25.18291282653803], [78.86921691894537, 25.178119659423828], [78.87325286865263, 25.172002792358512], [78.87184143066412, 25.166000366210938], [78.87393188476562, 25.16327095031761], [78.87713623046892, 25.162181854248104], [78.89340972900396, 25.173229217529524], [78.90064239501959, 25.180538177490348], [78.901596069336, 25.18326187133789], [78.90804290771501, 25.19352912902832], [78.9152908325197, 25.202590942382756], [78.91916656494146, 25.206239700317496], [78.92423248291016, 25.210599899291992], [78.9423599243164, 25.218362808227596], [78.94834136962896, 25.220180511474666], [78.95284271240234, 25.220691680908203], [78.96392059326189, 25.219430923461857], [78.96920776367216, 25.216632843017578], [78.97767639160173, 25.204200744628963], [78.98240661621094, 25.199150085449332], [78.98774719238281, 25.196779251098633], [78.99275207519548, 25.19652175903326], [78.99581146240234, 25.195938110351562], [78.9973373413086, 25.19828987121582], [78.99749755859392, 25.207590103149528], [79.00035858154314, 25.21605110168457], [78.99330902099626, 25.222219467163086], [78.99453735351568, 25.225450515747298], [78.99500274658203, 25.232280731201172], [78.99466705322266, 25.233749389648438], [78.99269866943354, 25.235002517700252], [78.98741912841797, 25.235929489135685], [78.97231292724626, 25.242830276489315], [78.97116851806658, 25.244920730590877], [78.97331237792974, 25.253681182861328], [78.9772262573245, 25.261680603027457], [78.9867706298831, 25.274959564209098], [78.99265289306669, 25.27773094177246], [79.00496673583984, 25.276969909668082], [79.01235961914062, 25.274040222168196], [79.01431274414062, 25.27103042602539], [79.01599121093767, 25.26515007019043], [79.01167297363287, 25.252849578857365], [79.01161956787126, 25.249330520629996], [79.01212310791044, 25.248249053955192], [79.01474761962896, 25.24775123596197], [79.02937316894548, 25.249340057373274], [79.03103637695307, 25.246280670166243], [79.02834320068388, 25.241029739379883], [79.02648162841814, 25.234670639038143], [79.04506683349615, 25.230630874633903], [79.05232238769537, 25.228130340576172], [79.05644226074236, 25.225709915161246], [79.05673980712919, 25.21922111511236], [79.05513000488281, 25.217220306396484], [79.04847717285162, 25.209791183471623], [79.04277801513678, 25.210140228271428], [79.02459716796892, 25.186571121215934], [79.02572631835955, 25.182590484619197], [79.02796173095732, 25.180311203002987], [79.03144836425798, 25.17850112915039], [79.03578186035185, 25.17390060424799], [79.02523803710943, 25.155790328979606], [79.02162933349621, 25.146930694580135], [79.02176666259771, 25.143190383911133], [79.02823638916016, 25.139930725097713], [79.0355072021485, 25.13784027099615], [79.03888702392595, 25.137229919433594], [79.04305267333979, 25.138170242309513], [79.04889678955084, 25.14751052856451], [79.05455780029297, 25.148870468139876], [79.05805206298834, 25.150819778442383], [79.06285858154325, 25.162742614746037], [79.06407928466814, 25.172491073608455], [79.07025909423834, 25.17776107788086], [79.08429718017595, 25.19252967834467], [79.08722686767584, 25.18783950805664], [79.08841705322294, 25.18372917175293], [79.0887298583985, 25.17832946777355], [79.09057617187517, 25.176229476928654], [79.10256195068354, 25.17119026184082], [79.1071090698245, 25.168140411377067], [79.11920928955095, 25.163440704345703], [79.1204223632813, 25.164180755615234], [79.11859130859375, 25.158391952514705], [79.10781097412115, 25.143699645996094], [79.12474060058611, 25.129579544067496], [79.12510681152361, 25.12921905517578], [79.11482238769548, 25.117799758911133], [79.12084960937528, 25.113401412963924], [79.12433624267595, 25.11186981201172], [79.12917327880865, 25.1107692718507], [79.13337707519537, 25.111061096191406], [79.13820648193388, 25.118410110473633], [79.14480590820318, 25.11659049987793], [79.15661621093756, 25.1119003295899], [79.16887664794933, 25.111860275268782], [79.17236328124994, 25.11847114562994], [79.17411804199236, 25.119029998779297], [79.1793060302735, 25.117692947387752], [79.17987823486334, 25.128829956054688], [79.16879272460955, 25.13157081604004], [79.16652679443365, 25.13953018188488], [79.16677856445324, 25.142349243164062], [79.16837310791016, 25.14530754089367], [79.17730712890653, 25.145950317382756], [79.1811065673831, 25.14762115478527], [79.18485260009771, 25.151132583618278], [79.18768310546892, 25.150922775268555], [79.18898010253906, 25.149351119995117], [79.19010925292963, 25.145650863647518], [79.19373321533197, 25.14366149902338], [79.1967163085938, 25.142930984497184], [79.19632720947271, 25.13804817199707], [79.19616699218778, 25.13166999816906], [79.19793701171875, 25.128189086914176], [79.20709991455078, 25.124391555786246], [79.20638275146484, 25.11376190185547], [79.21067047119169, 25.11445045471197], [79.21369934082043, 25.116479873657227], [79.21843719482428, 25.118190765380803], [79.22010803222673, 25.120990753173885], [79.22278594970703, 25.12325096130371], [79.22598266601562, 25.12240982055664], [79.23488616943388, 25.117460250854606], [79.2383804321289, 25.116369247436523], [79.23966979980497, 25.117839813232422], [79.24014282226562, 25.120189666748104], [79.23810577392584, 25.126720428466854], [79.23767852783209, 25.13133049011236], [79.2435302734375, 25.140790939331055], [79.2415161132813, 25.1409206390382], [79.2398071289063, 25.142730712890625], [79.23754119873058, 25.142829895019588], [79.22487640380876, 25.14023017883312], [79.22408294677751, 25.140829086303768], [79.22399139404303, 25.143180847168026], [79.22252655029291, 25.145620346069563], [79.21391296386747, 25.148380279541016], [79.21965026855497, 25.15456962585455], [79.22518157959013, 25.158170700073242], [79.23583984375028, 25.160961151123047], [79.24584197998064, 25.161960601806697], [79.25060272216814, 25.161209106445256], [79.25599670410162, 25.15728187561035], [79.25920104980486, 25.153272628784237], [79.25934600830072, 25.1469402313233], [79.25836181640653, 25.143909454345817], [79.261947631836, 25.141910552978516], [79.26207733154297, 25.1411590576173], [79.25454711914091, 25.130460739135685], [79.25807952880865, 25.12401962280296], [79.26007080078153, 25.122100830078068], [79.26875305175781, 25.126230239868164], [79.26999664306669, 25.126150131225643], [79.27381896972685, 25.12168121337902], [79.27654266357439, 25.12026023864769], [79.28218078613293, 25.133520126342773], [79.29110717773443, 25.131259918212947], [79.30098724365234, 25.130830764770565], [79.30322265625, 25.133329391479492], [79.30570983886719, 25.13990020751953], [79.31388854980463, 25.15096092224144], [79.3145370483399, 25.151878356933594], [79.31060028076183, 25.16090011596691], [79.30874633789057, 25.165121078491325], [79.30188751220703, 25.175340652465934], [79.29077911376982, 25.183900833129996], [79.28872680664062, 25.186269760131893], [79.2835159301759, 25.18946075439453], [79.27880096435541, 25.197399139404297], [79.27777862548834, 25.203510284423828], [79.27802276611357, 25.21063995361328], [79.27963256835943, 25.221710205078125], [79.28106689453153, 25.224340438842773], [79.28148651123047, 25.227140426635856], [79.27822875976557, 25.238290786743278], [79.27416992187511, 25.24518966674816], [79.273910522461, 25.246500015258903], [79.27359771728527, 25.248119354248047], [79.27855682373058, 25.247829437255916], [79.28401184082031, 25.246500015258903], [79.29332733154314, 25.240200042724666], [79.29782104492199, 25.23444938659668], [79.3004760742188, 25.2274494171142], [79.30858612060564, 25.22319030761713], [79.31078338623058, 25.21948051452648], [79.31339263916021, 25.219551086425895], [79.31491088867188, 25.21960067749029], [79.3229598999024, 25.222749710083065], [79.32433319091808, 25.222570419311467], [79.32534027099604, 25.222440719604492], [79.32508087158209, 25.2138729095459], [79.3257827758789, 25.21081161499046], [79.32656097412115, 25.20850944519043], [79.33258819580072, 25.200830459594783], [79.34337615966803, 25.209989547729435], [79.34696197509771, 25.214241027831974], [79.33490753173845, 25.222869873046875], [79.32911682128935, 25.22990036010748], [79.33078002929693, 25.23207092285179], [79.33197784423857, 25.232000350952205], [79.33953094482428, 25.22809028625494], [79.34111785888683, 25.230489730835018], [79.34127807617193, 25.239099502563477], [79.34028625488287, 25.243080139160156], [79.34086608886724, 25.2560710906983], [79.341293334961, 25.258649826049805], [79.34452819824224, 25.264299392700195], [79.340087890625, 25.27276039123541], [79.33789825439482, 25.273187637329215], [79.33454132080095, 25.275711059570312], [79.33190155029303, 25.27626991271967], [79.32338714599638, 25.266849517822266], [79.31873321533209, 25.263071060180778], [79.31468963623064, 25.261392593383732], [79.31004333496122, 25.261920928955305], [79.30391693115246, 25.26540184021019], [79.29830932617205, 25.275770187378043], [79.28775024414091, 25.29024124145502], [79.28646087646501, 25.28107070922863], [79.27787017822283, 25.271001815796012], [79.27529907226568, 25.269290924072266], [79.27111053466808, 25.266502380371037], [79.26877593994146, 25.266460418701172], [79.26566314697283, 25.266399383544865], [79.26196289062511, 25.267730712890682], [79.25945281982428, 25.271440505981502], [79.25901031494158, 25.27420997619629], [79.25650787353533, 25.279470443725586], [79.2562789916995, 25.282119750976676], [79.25683593750028, 25.28499031066906], [79.25601196289068, 25.29171943664545], [79.2579879760745, 25.298370361328125], [79.2601394653322, 25.310239791870174], [79.26760101318376, 25.31875038146984], [79.27651977539062, 25.32703018188488], [79.27760314941418, 25.328050613403377], [79.28341674804705, 25.33008956909191], [79.2913208007813, 25.32928848266613], [79.29371643066423, 25.332361221313477], [79.29408264160173, 25.339370727539062], [79.29473114013678, 25.340219497680664], [79.30422210693376, 25.339849472046012], [79.30930328369169, 25.338569641113395], [79.3251266479495, 25.337249755859318], [79.33023071289068, 25.33373069763195], [79.33373260498041, 25.332580566406307], [79.34458923339872, 25.334449768066406], [79.34588623046886, 25.333040237426815], [79.33837890625006, 25.324928283691406], [79.33448028564482, 25.317398071289176], [79.337699890137, 25.310909271240234], [79.34149169921886, 25.307689666748104], [79.34187316894543, 25.30458068847662], [79.33075714111334, 25.294048309326115], [79.33104705810575, 25.29277992248558], [79.33164978027344, 25.29257965087902], [79.33249664306646, 25.29230117797863], [79.34308624267578, 25.29042053222662], [79.34970855712919, 25.288419723510742], [79.351615905762, 25.27799034118675], [79.3510971069336, 25.26995086669922], [79.35296630859403, 25.265380859375], [79.35829925537138, 25.263519287109432], [79.36168670654303, 25.264270782470817], [79.36573791503935, 25.26807022094738], [79.36724090576183, 25.27242088317871], [79.36717224121094, 25.275579452514762], [79.36444854736328, 25.29252052307129], [79.367416381836, 25.29432106018072], [79.36975097656278, 25.294099807739315], [79.37256622314459, 25.293319702148494], [79.37561798095709, 25.291099548339787], [79.3793106079101, 25.28672027587885], [79.38353729248064, 25.283609390258846], [79.38600158691406, 25.284151077270508], [79.38861083984386, 25.2862491607666], [79.39229583740234, 25.284860610961857], [79.40188598632812, 25.279251098632926], [79.40122222900419, 25.262359619140625], [79.41530609130871, 25.259220123291016], [79.42665863037126, 25.258422851562557], [79.43121337890625, 25.259550094604606], [79.45157623291044, 25.273609161377067], [79.45273590087919, 25.275268554687443], [79.4530715942384, 25.2825603485108], [79.45741271972662, 25.28387069702154], [79.47312164306669, 25.282131195068416], [79.47521209716825, 25.279170989990178], [79.47525024414057, 25.277490615844783], [79.47527313232422, 25.276710510254134], [79.475326538086, 25.27487945556635], [79.476303100586, 25.273160934448242], [79.47772216796903, 25.272382736206055], [79.48446655273455, 25.27273941040039], [79.49040222167974, 25.27034950256342], [79.4908294677735, 25.2690105438233], [79.48973846435575, 25.26564025878929], [79.48396301269537, 25.264980316162337], [79.47911834716814, 25.26516914367687], [79.47453308105486, 25.266572952270508], [79.4640121459961, 25.26799964904791], [79.46070098876964, 25.269609451293945], [79.45919036865263, 25.269451141357365], [79.45522308349604, 25.265211105346907], [79.45285034179693, 25.256500244140682], [79.44834136962919, 25.250810623169173], [79.44490814209013, 25.248119354248047], [79.44358825683588, 25.248649597168026], [79.4417572021485, 25.25172042846674], [79.43855285644537, 25.248271942138615], [79.43418121337896, 25.241781234741268], [79.43297576904297, 25.236000061035156], [79.42701721191406, 25.22503852844244], [79.43231201171903, 25.221801757812557], [79.44239807128918, 25.22095108032238], [79.44270324707031, 25.21256065368658], [79.43578338623047, 25.204658508300895], [79.43213653564482, 25.20277976989746], [79.4280090332033, 25.203531265258846], [79.42617797851574, 25.20305824279785], [79.42460632324224, 25.20264816284191], [79.42125701904325, 25.20323944091797], [79.4173431396485, 25.20392036437994], [79.40957641601568, 25.20876121521019], [79.40809631347685, 25.207519531250114], [79.40455627441406, 25.199470520019588], [79.40421295166021, 25.19441032409668], [79.40389251709013, 25.18958091735834], [79.39150238037138, 25.1796493530274], [79.38387298584013, 25.170280456543196], [79.38006591796903, 25.15372085571289], [79.38022613525419, 25.149120330810547], [79.3821258544923, 25.14593124389654], [79.38389587402338, 25.14003944396984], [79.3870468139649, 25.13614273071289], [79.3887329101563, 25.13162994384777], [79.3892898559572, 25.120580673217773], [79.39080810546892, 25.117902755737305], [79.3931732177735, 25.116149902343864], [79.39914703369135, 25.113460540771484], [79.40196990966825, 25.11335945129406], [79.40918731689459, 25.115659713745174], [79.41496276855497, 25.122999191284293], [79.41710662841814, 25.127269744873274], [79.41839599609403, 25.133520126342773], [79.4178009033206, 25.135070800781193], [79.41477203369169, 25.137369155883903], [79.41512298583996, 25.13909912109375], [79.41760253906261, 25.138469696044922], [79.42590332031267, 25.138399124145508], [79.43113708496105, 25.135400772094783], [79.43297576904297, 25.13141822814964], [79.43525695800798, 25.126531600952205], [79.43441009521513, 25.121700286865234], [79.43344879150419, 25.1200008392334], [79.43115997314482, 25.115949630737248], [79.42945861816435, 25.111789703369197], [79.42951965332048, 25.1114826202392], [79.42990875244158, 25.109132766723746], [79.4306716918947, 25.10806083679205], [79.43106842041016, 25.107509613037053], [79.43637084960955, 25.10782051086437], [79.44478607177751, 25.113090515136832], [79.45022583007841, 25.117830276489258], [79.45656585693354, 25.124990463256836], [79.46837615966825, 25.13445091247553], [79.46951293945341, 25.13404083251976], [79.4701766967774, 25.13380050659191], [79.4701766967774, 25.130680084228572], [79.46053314209013, 25.096330642700252], [79.47152709960943, 25.087190628051815], [79.48243713378912, 25.085109710693587], [79.48987579345709, 25.082750320434627], [79.49106597900419, 25.08329963684082], [79.49112701416033, 25.084882736206055], [79.49118041992193, 25.086122512817383], [79.49379730224626, 25.092010498046875], [79.50016021728521, 25.099201202392635], [79.50527191162115, 25.101301193237305], [79.51336669921903, 25.100250244140682], [79.51535797119158, 25.101041793823356], [79.51722717285156, 25.101787567138615], [79.51828765869146, 25.10443115234375], [79.51815795898466, 25.107700347900334], [79.51394653320341, 25.122100830078068], [79.51377105712919, 25.125722885131836], [79.51795959472685, 25.131229400634766], [79.52658843994158, 25.135639190673885], [79.52868652343767, 25.13738250732422], [79.52857971191412, 25.13801193237316], [79.52731323242216, 25.143100738525618], [79.52864837646513, 25.14497947692871], [79.53363037109375, 25.146440505981445], [79.53494262695341, 25.14762115478527], [79.53795623779308, 25.15262985229515], [79.54274749755888, 25.160551071167106], [79.55033874511724, 25.169401168823242], [79.55959320068376, 25.175970077514705], [79.56552124023455, 25.177551269531307], [79.56893920898455, 25.17552185058588], [79.57396697998053, 25.15945053100586], [79.5762557983399, 25.15705108642578], [79.58573913574236, 25.152862548828125], [79.58969879150385, 25.147279739379996], [79.59052276611328, 25.14680099487299], [79.59144592285173, 25.146270751953182], [79.592338562012, 25.14631080627447], [79.59326934814464, 25.14635086059576], [79.60003662109392, 25.15497970581066], [79.60280609130871, 25.154769897460938], [79.60279083251959, 25.153842926025504], [79.602767944336, 25.153100967407227], [79.59854888916021, 25.145349502563533], [79.59748077392607, 25.139551162719727], [79.59541320800776, 25.135620117187614], [79.59516906738293, 25.13413238525385], [79.59787750244169, 25.131431579589957], [79.60209655761713, 25.13135910034174], [79.60514831542963, 25.132230758666992], [79.60608673095732, 25.132499694824276], [79.62003326416016, 25.14266967773449], [79.63285064697283, 25.13282966613764], [79.63784790039068, 25.13108062744135], [79.64070129394537, 25.13239860534668], [79.6430282592774, 25.132360458373967], [79.65419006347673, 25.130451202392578], [79.65659332275402, 25.129512786865234], [79.66053771972662, 25.127960205078182], [79.66616821289091, 25.127120971679688], [79.67079162597673, 25.132089614868164], [79.67418670654291, 25.135778427124137], [79.6765975952149, 25.136989593506087], [79.6869888305664, 25.13686943054205], [79.70728302001959, 25.133319854736328], [79.71776580810553, 25.133819580078182], [79.72455596923828, 25.135400772094783], [79.72603607177763, 25.135732650756893], [79.7395782470706, 25.142959594726562], [79.74563598632818, 25.143882751464844], [79.747817993164, 25.14260101318365], [79.7511062622072, 25.14066123962425], [79.75772094726591, 25.13452911376953], [79.76274871826189, 25.129829406738338], [79.76921844482439, 25.12525939941429], [79.78833770751959, 25.120391845703068], [79.79325103759783, 25.118379592895508], [79.80516815185558, 25.110979080200252], [79.81640625000006, 25.110862731933537], [79.81870269775396, 25.110151290893782], [79.82327270507818, 25.106409072876033], [79.82434082031267, 25.103700637817383], [79.82721710205095, 25.100120544433707], [79.83129119873053, 25.098110198974666], [79.84085845947294, 25.09639930725092], [79.84921264648443, 25.096981048584098], [79.8558959960938, 25.098501205444393], [79.85309600830072, 25.102750778198356], [79.84580993652372, 25.11046981811529], [79.84268188476568, 25.11633110046381], [79.84657287597685, 25.122270584106502], [79.84796905517578, 25.12823104858404], [79.84767150878912, 25.1333904266358], [79.85161590576189, 25.139778137207088], [79.857406616211, 25.142810821533146], [79.8648300170899, 25.144992828369197], [79.87217712402338, 25.148511886596737], [79.87210083007818, 25.15030288696289], [79.86300659179716, 25.153909683227596], [79.86058807373064, 25.156061172485465], [79.85965728759771, 25.162050247192383], [79.862602233887, 25.176969528198356], [79.86154174804705, 25.179069519043026], [79.85810852050798, 25.181858062744254], [79.85878753662138, 25.19022941589361], [79.85478210449247, 25.199092864990234], [79.85185241699224, 25.203479766845703], [79.85411834716797, 25.21042060852062], [79.85618591308611, 25.213609695434627], [79.863037109375, 25.21919059753418], [79.86136627197266, 25.22095108032238], [79.8528518676759, 25.22503089904785], [79.84716033935575, 25.232410430908317], [79.84523010253918, 25.236551284790153], [79.8457260131836, 25.23838233947754], [79.84713745117199, 25.240200042724666], [79.85099029541044, 25.24156951904297], [79.85755157470703, 25.241901397705305], [79.86097717285173, 25.24299049377464], [79.86595916748053, 25.24682044982916], [79.87245941162115, 25.253791809082088], [79.87500762939482, 25.25299072265625], [79.88662719726591, 25.246410369873047], [79.89360046386719, 25.24621009826666], [79.89615631103527, 25.247539520263672], [79.89727020263678, 25.249599456787223], [79.8983459472658, 25.255100250244254], [79.89962005615263, 25.256570816040153], [79.90239715576178, 25.256919860839957], [79.905326843262, 25.255470275878906], [79.90629577636747, 25.254180908203182], [79.91056060791033, 25.244979858398438], [79.910629272461, 25.236049652099723], [79.91220855712919, 25.233762741088924], [79.91345214843756, 25.233440399169922], [79.92099761962885, 25.250709533691406], [79.9241027832033, 25.251550674438533], [79.93257141113287, 25.250320434570312], [79.93196105957037, 25.25985908508295], [79.93332672119146, 25.263019561767578], [79.93437957763689, 25.264869689941463], [79.94095611572271, 25.269710540771484], [79.94256591796875, 25.27187919616705], [79.94921875000028, 25.265300750732422], [79.96304321289068, 25.26824951171875], [79.96717071533203, 25.268470764160156], [79.96951293945312, 25.26816177368164], [79.97727966308594, 25.264940261840877], [79.9922103881836, 25.269300460815373], [79.99672698974604, 25.268650054931754], [79.99733734130876, 25.27013015747093], [79.99534606933622, 25.27466011047386], [79.99559783935547, 25.276729583740234], [79.99218750000017, 25.280981063842773], [79.99125671386719, 25.283161163330192], [79.99220275878923, 25.285249710083008], [79.99385833740229, 25.288841247558594], [79.99870300292974, 25.293769836425724], [80.00833129882841, 25.300678253173942], [80.01264953613287, 25.3017196655274], [80.00991058349626, 25.324752807617244], [80.0126571655274, 25.330110549926758], [80.01449584960955, 25.33111000061058], [80.02073669433622, 25.34316062927246], [80.02419281005854, 25.34459114074707], [80.03719329834001, 25.340969085693303], [80.0444412231447, 25.34185028076172], [80.0548629760745, 25.341299057006893], [80.06150054931646, 25.342041015625], [80.07002258300798, 25.343099594116325], [80.07234191894537, 25.345090866088867], [80.0783996582033, 25.353441238403377], [80.08329772949247, 25.355831146240348], [80.09337615966808, 25.35383033752447], [80.09609222412104, 25.35157966613781], [80.10698699951172, 25.34418106079113], [80.11913299560575, 25.34269905090332], [80.12329864501959, 25.338430404663143], [80.12708282470709, 25.340618133544922], [80.13273620605469, 25.35032081604004], [80.13712310791016, 25.355730056762752], [80.14496612548845, 25.36010932922386], [80.15315246582048, 25.362800598144645], [80.15912628173834, 25.366199493408203], [80.15828704833984, 25.37265968322754], [80.15917968750011, 25.377649307251204], [80.16668701171875, 25.37895011901867], [80.1720123291015, 25.380691528320426], [80.18261718750006, 25.38151931762718], [80.1878967285158, 25.38364982604986], [80.1891632080081, 25.389221191406307], [80.18882751464861, 25.40643119812023], [80.19093322753923, 25.40904045104986], [80.19143676757841, 25.41271018981945], [80.19391632080107, 25.41623115539562], [80.19724273681658, 25.414970397949276], [80.19832611083979, 25.412691116333008], [80.19786834716803, 25.410560607910156], [80.20244598388678, 25.40673065185547], [80.21137237548834, 25.403949737548828], [80.21402740478533, 25.404230117797965], [80.22657775878906, 25.410640716552734], [80.2295608520509, 25.4109210968017], [80.24518585205084, 25.40489006042492], [80.24739837646501, 25.407381057739315], [80.24730682373075, 25.411460876464787], [80.25241088867193, 25.418771743774414], [80.25347900390642, 25.423469543456974], [80.25586700439459, 25.428710937500057], [80.26123046875028, 25.4261798858642], [80.27372741699236, 25.425039291381893], [80.28431701660185, 25.415889739990348], [80.28964233398449, 25.412719726562557], [80.29532623291021, 25.407760620117244], [80.30857849121088, 25.392330169677734], [80.30905151367193, 25.391839981079215], [80.3107528686524, 25.387317657470646], [80.3112106323245, 25.381099700927734], [80.31324768066412, 25.372259140014762], [80.30861663818376, 25.363729476928654], [80.30536651611345, 25.362079620361385], [80.30262756347685, 25.35828018188488], [80.30358886718778, 25.352512359619197], [80.30980682373053, 25.341270446777287], [80.31173706054693, 25.3342094421389], [80.3106918334961, 25.31065177917492], [80.30912017822294, 25.30585098266613], [80.30267333984375, 25.296960830688533], [80.30307006835955, 25.291139602661076], [80.30404663085955, 25.288892745971737], [80.31201171874994, 25.282150268554688], [80.31983947753906, 25.280490875244254], [80.33766174316412, 25.279411315918082], [80.34097290039091, 25.278600692749137], [80.3492660522461, 25.269550323486555], [80.35041046142578, 25.26526260375971], [80.35173797607439, 25.260240554809513], [80.35359191894526, 25.25638961792015], [80.35771179199224, 25.251131057739258], [80.36289215087919, 25.246829986572322], [80.37802886962908, 25.237510681152287], [80.381332397461, 25.23829841613781], [80.38294219970732, 25.24195098876953], [80.39070129394537, 25.24568748474121], [80.39906311035162, 25.242969512939453], [80.40165710449213, 25.22095108032238], [80.4042358398438, 25.214040756225586], [80.40954589843756, 25.20586013793951], [80.4116287231447, 25.1994304656983], [80.41812896728521, 25.191921234131087], [80.42237854003912, 25.181360244751033], [80.42369842529303, 25.17414283752464], [80.4225692749024, 25.172210693359432], [80.41548156738287, 25.165292739868164], [80.40358734130876, 25.165050506591854], [80.38675689697294, 25.162881851196516], [80.38066864013666, 25.160779953002873], [80.3734359741211, 25.155178070068473], [80.36245727539068, 25.149730682373047], [80.35614776611334, 25.14841842651373], [80.35128784179716, 25.14490127563471], [80.34861755371122, 25.140691757202205], [80.34752655029314, 25.13002014160162], [80.3441162109375, 25.124919891357422], [80.33835601806658, 25.121250152587834], [80.32283782959013, 25.10664939880371], [80.31327056884771, 25.10117149353033], [80.31472015380876, 25.09406089782715], [80.31320190429705, 25.08926010131836], [80.31051635742205, 25.081951141357365], [80.30478668212908, 25.07551002502447], [80.29474639892584, 25.06909942626953], [80.28763580322283, 25.066890716552678], [80.28195953369146, 25.063220977783317], [80.28157043457037, 25.060050964355526], [80.2811584472658, 25.056739807128906], [80.27941131591797, 25.05267906188965], [80.27780151367193, 25.043979644775504], [80.27717590332037, 25.042940139770565], [80.2748794555664, 25.039039611816463], [80.27327728271513, 25.037141799926758], [80.27078247070341, 25.034179687499943], [80.26876831054705, 25.032699584960938], [80.2672729492188, 25.031612396240178], [80.26693725585949, 25.030242919921875], [80.27849578857439, 25.021648406982536], [80.28919982910162, 25.02114105224615], [80.29897308349615, 25.016031265258846], [80.31236267089872, 25.006298065185547], [80.31278228759766, 25.00432014465332], [80.3141021728515, 25.003509521484375], [80.3146209716798, 25.003421783447266], [80.31511688232439, 25.00334930419922], [80.31564331054688, 25.003269195556697], [80.31614685058605, 25.00320053100586], [80.316650390625, 25.00314140319847], [80.31716918945312, 25.0030899047851], [80.31768035888683, 25.003030776977596], [80.3181991577149, 25.003011703491325], [80.31871032714861, 25.00296974182129], [80.31922912597685, 25.00294113159191], [80.31973266601568, 25.00291824340826], [80.32025909423845, 25.0029106140139], [80.32079315185547, 25.0029106140139], [80.32128143310553, 25.00290107727062], [80.32179260253923, 25.0029106140139], [80.32231903076172, 25.0029106140139], [80.32285308837919, 25.00294113159191], [80.3233489990235, 25.002960205078125], [80.3238830566408, 25.002981185913143], [80.32438659667997, 25.003030776977596], [80.3249130249024, 25.003070831298885], [80.32594299316406, 25.003110885620117], [80.32739257812506, 25.00434112548851], [80.32895660400419, 25.005430221557845], [80.33798217773455, 25.020940780639762], [80.34456634521496, 25.019470214843864], [80.34793853759771, 25.01646804809576], [80.35257720947277, 25.019880294799805], [80.35507202148466, 25.024490356445312], [80.3588485717774, 25.026079177856445], [80.36782073974615, 25.025430679321403], [80.36885833740234, 25.023839950561467], [80.3692169189456, 25.018880844116154], [80.37283325195341, 25.008329391479606], [80.38218688964872, 25.009740829467773], [80.38739013671892, 25.01242065429699], [80.38915252685553, 25.01490974426281], [80.383041381836, 25.018690109252873], [80.3808822631836, 25.02765846252464], [80.3761291503908, 25.027999877929744], [80.37235260009771, 25.02918052673334], [80.37177276611328, 25.032760620117415], [80.37287902832048, 25.034700393676815], [80.37474060058622, 25.036600112915096], [80.37831115722662, 25.03680992126459], [80.38043212890636, 25.038900375366154], [80.38020324707037, 25.041601181030273], [80.37906646728521, 25.044401168823356], [80.37520599365234, 25.045629501342773], [80.36750793457026, 25.046091079711914], [80.364067077637, 25.047719955444336], [80.3662719726563, 25.053079605102653], [80.36576080322294, 25.057760238647575], [80.3672485351563, 25.05886077880865], [80.3792572021485, 25.05595016479498], [80.38347625732433, 25.06167030334484], [80.38414764404314, 25.065340042114258], [80.38640594482422, 25.067300796508846], [80.3894424438476, 25.068210601806754], [80.3941268920899, 25.072021484375057], [80.3980789184572, 25.06928062438965], [80.39746856689453, 25.065620422363395], [80.40268707275396, 25.060951232910156], [80.40525054931669, 25.060850143432617], [80.40677642822294, 25.063449859619084], [80.40991973876953, 25.076719284057617], [80.42272949218756, 25.07131958007824], [80.42450714111357, 25.071500778198356], [80.42951202392578, 25.072540283203125], [80.43116760253918, 25.073940277099553], [80.43292236328153, 25.078390121459904], [80.43509674072266, 25.08098030090332], [80.44071197509794, 25.082069396972656], [80.44175720214861, 25.08101272583002], [80.44428253173834, 25.081291198730412], [80.44513702392572, 25.08017158508312], [80.4434204101562, 25.07733917236328], [80.44164276123053, 25.07600021362316], [80.44225311279325, 25.0732803344726], [80.4446411132813, 25.070810317993278], [80.44420623779297, 25.068170547485295], [80.44596099853533, 25.065830230712947], [80.45297241210938, 25.068782806396598], [80.45593261718756, 25.073820114135742], [80.45996856689464, 25.069700241088924], [80.46142578125006, 25.0579891204834], [80.47017669677751, 25.04469108581543], [80.4733123779298, 25.04358291625988], [80.47693634033214, 25.043888092041072], [80.47901153564459, 25.044349670410156], [80.48314666748064, 25.047250747680664], [80.48583221435547, 25.047309875488395], [80.49420928955095, 25.045320510864258], [80.49317169189482, 25.05431938171398], [80.49724578857439, 25.056011199951115], [80.50019836425787, 25.05877113342291], [80.50231933593778, 25.0628604888916], [80.5021286010745, 25.067350387573242], [80.50007629394526, 25.070970535278377], [80.49059295654314, 25.078210830688533], [80.49453735351557, 25.079561233520565], [80.49842834472662, 25.08257102966303], [80.49997711181646, 25.089559555053768], [80.49777221679716, 25.09139060974121], [80.49433135986357, 25.092050552368164], [80.48729705810541, 25.091800689697322], [80.47759246826189, 25.096412658691406], [80.47471618652344, 25.09906005859375], [80.47447967529325, 25.10182952880865], [80.47612762451178, 25.102251052856502], [80.4803085327149, 25.101579666137695], [80.4839172363283, 25.102819442749023], [80.49212646484375, 25.102230072021484], [80.49471282959013, 25.10494041442871], [80.50190734863287, 25.104139328002873], [80.509506225586, 25.101020812988338], [80.51288604736345, 25.09823989868164], [80.51425933837896, 25.09577751159668], [80.5151596069336, 25.088460922241325], [80.517318725586, 25.084791183471737], [80.51899719238298, 25.081930160522518], [80.52812957763672, 25.077051162719954], [80.53203582763678, 25.075910568237248], [80.5388259887697, 25.06965827941906], [80.54341888427751, 25.067661285400334], [80.54676818847685, 25.067970275878906], [80.54862213134771, 25.06931114196783], [80.5524520874024, 25.06928062438965], [80.55536651611357, 25.070898056030387], [80.55766296386747, 25.072921752929688], [80.55999755859392, 25.0749893188476], [80.56117248535156, 25.07928276062023], [80.56109619140653, 25.08876991271967], [80.5624389648437, 25.091440200805607], [80.56562805175793, 25.087181091308707], [80.56804656982428, 25.085281372070426], [80.57263946533209, 25.085800170898494], [80.57866668701172, 25.088262557983512], [80.58011627197271, 25.0869598388673], [80.5875778198245, 25.085870742797965], [80.58872222900419, 25.084341049194336], [80.59323120117193, 25.081529617309513], [80.59594726562506, 25.07818031311041], [80.60452270507818, 25.07262992858898], [80.60678100585943, 25.07217979431158], [80.60710144042986, 25.072732925415153], [80.6073074340822, 25.07308006286621], [80.60675811767578, 25.07620048522972], [80.60002136230463, 25.090751647949276], [80.59435272216814, 25.092950820922965], [80.59333801269526, 25.094209671020565], [80.59188842773443, 25.096002578735465], [80.58777618408232, 25.10910034179699], [80.5913772583009, 25.117990493774414], [80.59642028808611, 25.12202072143549], [80.60144805908209, 25.122810363769588], [80.60037994384794, 25.12531089782709], [80.59757232666033, 25.12813949584961], [80.5907592773438, 25.131580352783203], [80.5901107788086, 25.13482093811041], [80.59105682373041, 25.14129066467285], [80.5945892333985, 25.155241012573185], [80.59960937500028, 25.15546989440918], [80.60269927978516, 25.15238189697277], [80.60578918457048, 25.149280548095646], [80.60563659667974, 25.1427898406983], [80.60547637939459, 25.13635063171398], [80.6083374023438, 25.132949829101676], [80.61596679687506, 25.138120651245117], [80.62245178222662, 25.136060714721737], [80.62496185302763, 25.137670516967887], [80.62802124023466, 25.13029098510748], [80.6323928833009, 25.123281478881893], [80.63123321533209, 25.11980056762701], [80.62229919433622, 25.12202072143549], [80.61923217773449, 25.12021064758312], [80.61875152587908, 25.11808013916027], [80.61823272705084, 25.115800857544002], [80.6147689819336, 25.11386108398449], [80.6150665283206, 25.111209869384766], [80.61329650878912, 25.106540679931754], [80.60682678222668, 25.106519699096907], [80.6013565063476, 25.104408264160156], [80.60655212402361, 25.101579666137695], [80.60846710205095, 25.098600387573185], [80.61783599853521, 25.093660354614315], [80.62004089355463, 25.089580535888615], [80.62230682373075, 25.08929061889654], [80.62195587158197, 25.093389511108455], [80.62354278564453, 25.09519958496105], [80.62516784667997, 25.09555816650402], [80.6286163330081, 25.093288421630916], [80.63391876220714, 25.093799591064453], [80.63434600830072, 25.09717941284191], [80.635238647461, 25.097560882568473], [80.63574981689453, 25.096050262451286], [80.63645172119135, 25.093959808349723], [80.64145660400408, 25.093149185180778], [80.64554595947277, 25.09061050415039], [80.65052795410185, 25.08753013610834], [80.65373992919928, 25.07645988464367], [80.65629577636719, 25.074441909790153], [80.66422271728521, 25.078390121459904], [80.66580963134794, 25.080190658569393], [80.66610717773443, 25.08053016662609], [80.66670227050787, 25.08426284790039], [80.6682891845706, 25.086751937866325], [80.6792602539063, 25.081819534301985], [80.67896270751982, 25.075780868530273], [80.6778869628908, 25.0731010437014], [80.67421722412104, 25.06808090209961], [80.67180633544928, 25.067329406738395], [80.67192077636713, 25.0645694732666], [80.67507934570318, 25.062530517578182], [80.6746597290039, 25.060199737548942], [80.673568725586, 25.054170608520735], [80.67829895019537, 25.0545711517334], [80.68688964843756, 25.05879020690918], [80.69801330566435, 25.061550140380803], [80.70533752441423, 25.061420440673828], [80.70831298828153, 25.064929962158317], [80.70948791503935, 25.066320419311637], [80.71096038818365, 25.067262649536133], [80.71441650390653, 25.067752838134993], [80.72720336914091, 25.07182121276861], [80.72921752929693, 25.065532684326286], [80.73359680175781, 25.062440872192496], [80.7441024780274, 25.062330245971793], [80.75142669677763, 25.063999176025504], [80.75566864013672, 25.06257057189947], [80.76595306396479, 25.06114006042486], [80.77593994140625, 25.061691284179688], [80.7782592773438, 25.06386947631836], [80.78137969970732, 25.069561004638615], [80.77961730957037, 25.07786941528343], [80.77597808837896, 25.084300994873047], [80.76703643798834, 25.08559036254877], [80.75112152099626, 25.09111976623535], [80.75100708007818, 25.094289779663143], [80.7520523071289, 25.095409393310774], [80.7493133544923, 25.097770690918026], [80.74577331542986, 25.099399566650447], [80.73343658447271, 25.101329803467024], [80.72931671142607, 25.097297668457145], [80.72524261474615, 25.097959518432674], [80.72049713134771, 25.101392745971737], [80.71900939941435, 25.10402107238781], [80.71991729736334, 25.117258071899414], [80.7253723144533, 25.122882843017805], [80.72244262695341, 25.125991821289062], [80.71730041503935, 25.128919601440373], [80.70746612548828, 25.127431869506836], [80.70086669921886, 25.128038406372184], [80.69847106933611, 25.131372451782227], [80.69963836669939, 25.137149810791016], [80.700927734375, 25.138080596923828], [80.71061706542997, 25.138441085815543], [80.71478271484386, 25.143280029296818], [80.71530914306646, 25.146659851074332], [80.7176361083985, 25.1466007232666], [80.72305297851562, 25.148782730102596], [80.72772979736334, 25.147401809692383], [80.72865295410162, 25.142898559570256], [80.73227691650396, 25.14236259460455], [80.7320632934572, 25.14052963256836], [80.73545837402344, 25.13521957397461], [80.73809814453153, 25.134599685668945], [80.74043273925798, 25.137411117553768], [80.75086212158232, 25.14170074462902], [80.75956726074224, 25.140590667724666], [80.76605987548834, 25.14088821411127], [80.77403259277344, 25.146619796753043], [80.77665710449219, 25.144840240478572], [80.78214263916044, 25.137081146240178], [80.78369903564447, 25.138362884521598], [80.78613281250028, 25.13796043395996], [80.79067230224615, 25.142730712890625], [80.79367065429705, 25.142320632934684], [80.79786682128923, 25.146240234375227], [80.79957580566423, 25.14641761779785], [80.80320739746111, 25.143531799316406], [80.8082809448245, 25.140819549560604], [80.80771636962919, 25.13310050964367], [80.80961608886747, 25.13070106506359], [80.81864166259783, 25.130550384521598], [80.8213958740235, 25.125600814819563], [80.8216857910158, 25.122850418090877], [80.82151794433611, 25.120042800903434], [80.82315826416044, 25.117771148681754], [80.82393646240229, 25.114652633666992], [80.82769775390636, 25.110309600830135], [80.83344268798857, 25.11327171325695], [80.8377532958985, 25.12751007080078], [80.8347930908206, 25.132520675659293], [80.83209991455107, 25.14141082763672], [80.83384704589872, 25.14561271667486], [80.83744049072294, 25.1603107452392], [80.84188842773438, 25.16794013977045], [80.84230041503923, 25.171199798584098], [80.84111022949213, 25.175252914428825], [80.83589172363287, 25.18540954589855], [80.83515167236357, 25.19046974182129], [80.83628082275402, 25.192680358886662], [80.84108734130888, 25.193479537963924], [80.84858703613298, 25.190031051635742], [80.860366821289, 25.1905899047851], [80.86315155029303, 25.18921089172386], [80.86416625976591, 25.18786048889166], [80.86953735351562, 25.188659667968864], [80.8780364990235, 25.195600509643782], [80.88616180419939, 25.177171707153377], [80.88902282714861, 25.174690246582088], [80.89597320556646, 25.171260833740234], [80.90556335449247, 25.164480209350643], [80.90492248535162, 25.1603107452392], [80.90157318115229, 25.15797996520996], [80.89029693603544, 25.14635086059576], [80.88842010498047, 25.14123916625988], [80.88526916503912, 25.140012741088867], [80.8754196166995, 25.14443016052246], [80.8727569580081, 25.133890151977766], [80.86900329589861, 25.127910614013786], [80.86585235595714, 25.125520706176815], [80.86498260498064, 25.12364959716797], [80.86650848388689, 25.11943054199213], [80.87224578857439, 25.109300613403377], [80.87298583984392, 25.102569580078352], [80.87121582031278, 25.098249435424805], [80.86730957031256, 25.09402084350586], [80.86425018310547, 25.08815956115734], [80.86480712890642, 25.084341049194336], [80.87507629394531, 25.07953834533714], [80.87065124511747, 25.071050643921126], [80.855766296387, 25.062440872192496], [80.84687042236345, 25.05327987670904], [80.84113311767595, 25.05127906799322], [80.83522033691423, 25.039680480957145], [80.82668304443365, 25.039190292358626], [80.82911682128923, 25.029979705810604], [80.84005737304693, 25.020210266113395], [80.8419265747072, 25.012510299682674], [80.85025024414091, 25.00314140319847], [80.84818267822266, 24.99814033508312], [80.84504699707037, 24.99349975585949], [80.8364028930664, 24.9860897064209], [80.82470703124994, 24.98606109619152], [80.82109832763672, 24.98250007629406], [80.81864166259783, 24.97363090515148], [80.81257629394537, 24.97367095947277], [80.8065032958985, 24.97500991821289], [80.79879760742205, 24.974891662597656], [80.79360961914057, 24.973651885986328], [80.78999328613276, 24.971782684326172], [80.78994750976591, 24.967180252075252], [80.79164123535162, 24.96391105651867], [80.80290985107433, 24.956939697265568], [80.80220031738276, 24.944459915161133], [80.81542968750006, 24.937908172607536], [80.82081604003912, 24.936590194702205], [80.82901000976568, 24.938449859619197], [80.83490753173834, 24.93452835083002], [80.84091949462885, 24.93556022644043], [80.85661315917986, 24.9359512329101], [80.87500762939464, 24.940710067749023], [80.87684631347662, 24.945060729980582], [80.88123321533209, 24.948200225830192], [80.88482666015642, 24.94889068603527], [80.88870239257818, 24.94744110107422], [80.89482879638678, 24.94244003295921], [80.89795684814453, 24.941690444946403], [80.90004730224604, 24.9395809173584], [80.90278625488287, 24.940160751342773], [80.90119934082031, 24.94334983825678], [80.89331817626964, 24.95046043395996], [80.89431762695307, 24.95389938354498], [80.8973007202149, 24.95672035217291], [80.91152191162126, 24.962280273437443], [80.91596221923834, 24.96479034423828], [80.92162322998064, 24.96657943725586], [80.92846679687494, 24.96769905090332], [80.93374633789074, 24.97010993957531], [80.936820983887, 24.97249984741211], [80.94249725341803, 24.971139907836914], [80.94484710693388, 24.96800994873047], [80.94673919677763, 24.96114158630371], [80.94668579101568, 24.95691108703619], [80.94386291503918, 24.950700759887695], [80.94481658935558, 24.947139739990234], [80.94982910156244, 24.946380615234432], [80.95221710205084, 24.942880630493164], [80.95287322998041, 24.939439773559513], [80.95111083984386, 24.927022933960018], [80.95523071289062, 24.925710678100813], [80.95838928222685, 24.93224906921398], [80.96566772460938, 24.93861961364746], [80.97225952148443, 24.939601898193416], [80.97928619384771, 24.938079833984375], [80.9779281616211, 24.933151245117188], [80.98101043701178, 24.929660797119368], [80.98448944091808, 24.932580947875977], [80.9912414550783, 24.937120437622184], [80.99672698974638, 24.939590454101562], [81.00002288818376, 24.940210342407227], [81.0087203979495, 24.93246078491211], [81.01188659667974, 24.933242797851676], [81.01467132568354, 24.931600570678768], [81.01677703857416, 24.93246078491211], [81.01799011230474, 24.93554115295416], [81.02128601074224, 24.937120437622184], [81.02114105224638, 24.938259124755916], [81.01531219482422, 24.940059661865178], [81.01258087158197, 24.94371986389166], [81.00715637207037, 24.952629089355526], [81.00952911376947, 24.954320907593], [81.01698303222656, 24.946439743041992], [81.01924896240229, 24.944999694824276], [81.02079010009766, 24.946079254150447], [81.0213928222658, 24.948390960693473], [81.01991271972662, 24.951980590820256], [81.02320098876964, 24.952350616455135], [81.02667236328153, 24.954969406127873], [81.0431213378908, 24.952638626098633], [81.04715728759783, 24.955200195312614], [81.05081939697271, 24.95527267456066], [81.05741882324219, 24.953119277954215], [81.07641601562511, 24.95226097106945], [81.08120727539091, 24.950210571289176], [81.08246612548834, 24.94769096374523], [81.08049774169922, 24.93838119506836], [81.08156585693371, 24.93575096130371], [81.08487701416016, 24.93435287475586], [81.08950042724626, 24.924480438232422], [81.09449768066412, 24.923780441284237], [81.09654235839861, 24.922531127929744], [81.0987167358399, 24.918430328369197], [81.10381317138672, 24.91270065307623], [81.1074829101563, 24.912147521972656], [81.11073303222662, 24.910680770874137], [81.11292266845703, 24.90552139282221], [81.11678314208984, 24.901821136474837], [81.12265014648438, 24.898700714111328], [81.12816619873041, 24.893619537353743], [81.13244628906256, 24.89207077026373], [81.13423919677763, 24.893840789795036], [81.13289642334013, 24.90050125122076], [81.133316040039, 24.905570983886832], [81.14008331298834, 24.916439056396484], [81.1427230834961, 24.917369842529297], [81.1481399536134, 24.91768074035639], [81.15231323242193, 24.91628074645996], [81.15249633789068, 24.919622421264705], [81.15090179443376, 24.923740386962947], [81.15116119384771, 24.92720985412609], [81.15233612060558, 24.9293727874757], [81.15548706054705, 24.93197059631359], [81.15602111816406, 24.939821243286076], [81.1577987670899, 24.94267082214361], [81.15689849853521, 24.94571113586437], [81.15956115722662, 24.954732894897575], [81.16143035888678, 24.958511352539062], [81.16419982910185, 24.9597625732423], [81.16967773437506, 24.95675086975109], [81.17212677001959, 24.953500747680778], [81.1765899658206, 24.954969406127873], [81.18062591552734, 24.949459075927734], [81.1884078979495, 24.945051193237248], [81.19895935058611, 24.934738159179744], [81.19828033447271, 24.934049606323242], [81.19303894042986, 24.934610366821403], [81.18441772460966, 24.929220199584904], [81.19579315185553, 24.929008483886776], [81.19948577880888, 24.926940917968864], [81.20249938964855, 24.927801132202376], [81.20729827880888, 24.931102752685547], [81.21098327636736, 24.932590484619254], [81.21260833740246, 24.93452072143549], [81.21148681640653, 24.93622970581049], [81.20749664306669, 24.93725013732933], [81.20600128173828, 24.939239501953125], [81.20437622070318, 24.950479507446403], [81.20639038085955, 24.954080581665153], [81.20600891113298, 24.95808982849121], [81.20407867431635, 24.962841033935604], [81.20001220703136, 24.966850280761662], [81.20127868652344, 24.970262527465877], [81.21230316162126, 24.977741241455135], [81.2127304077149, 24.98166275024414], [81.21129608154325, 24.986801147460994], [81.20733642578125, 24.99127960205078], [81.20169830322271, 24.995729446411133], [81.2038192749024, 24.997552871704215], [81.20482635498075, 25.002809524536133], [81.20511627197271, 25.003110885620117], [81.205810546875, 25.003429412841797], [81.20641326904314, 25.003740310668945], [81.20735931396501, 25.003530502319563], [81.20854187011724, 25.00312042236328], [81.20900726318388, 25.00291824340826], [81.20974731445324, 25.00218009948736], [81.21016693115263, 25.001819610595817], [81.21070098876964, 25.00165939331049], [81.21132659912104, 25.00169181823742], [81.21656799316412, 25.004449844360465], [81.22023773193371, 25.00724029541027], [81.22309875488293, 25.011329650878906], [81.23069000244146, 25.018091201782283], [81.23600769042974, 25.02930068969738], [81.23921203613298, 25.031360626220817], [81.24257659912138, 25.036300659179688], [81.24756622314447, 25.041492462158317], [81.25229644775419, 25.052579879760856], [81.25338745117193, 25.054430007934684], [81.25602722167974, 25.05571937561041], [81.25527191162115, 25.06082916259777], [81.26158905029303, 25.068460464477596], [81.26222229003935, 25.07283020019537], [81.25997924804688, 25.07562255859375], [81.25302886962896, 25.07904815673828], [81.2591171264649, 25.087301254272575], [81.2544326782226, 25.092700958251953], [81.25206756591803, 25.098579406738338], [81.24878692626959, 25.100719451904297], [81.2464828491211, 25.103269577026424], [81.24569702148455, 25.105541229248104], [81.2481231689456, 25.11173820495617], [81.25617980957048, 25.11454963684082], [81.25795745849615, 25.11684989929205], [81.25817871093756, 25.123632431030273], [81.25683593750006, 25.1286296844483], [81.2621459960938, 25.13108062744135], [81.25974273681669, 25.141181945800724], [81.26122283935553, 25.1439208984375], [81.26146697998075, 25.144348144531307], [81.2655868530274, 25.144870758056754], [81.27059173583996, 25.148439407348746], [81.27477264404303, 25.153419494628906], [81.2739028930664, 25.158369064331055], [81.26864624023443, 25.165189743041992], [81.26911926269526, 25.167739868164062], [81.27143096923845, 25.1689395904541], [81.27522277832026, 25.1689910888673], [81.28147888183622, 25.1654891967774], [81.28468322753912, 25.165309906005803], [81.29133605957037, 25.166797637939567], [81.29254913330107, 25.16798019409174], [81.3048706054688, 25.167459487915266], [81.30638885498053, 25.165992736816406], [81.30699920654303, 25.15966987609869], [81.30429077148443, 25.145290374755803], [81.30490112304693, 25.143070220947322], [81.3080215454101, 25.13886070251465], [81.3065795898438, 25.13517189025879], [81.3069686889649, 25.1333904266358], [81.30880737304688, 25.13158988952631], [81.30838775634794, 25.125839233398665], [81.31005096435553, 25.1240291595459], [81.3119506835938, 25.123430252075252], [81.31302642822283, 25.11741065979004], [81.31466674804716, 25.11629104614252], [81.31700897216797, 25.116018295288086], [81.31830596923857, 25.116840362548942], [81.31852722167969, 25.118690490722656], [81.32301330566412, 25.118392944336165], [81.32221221923834, 25.12072944641136], [81.32026672363298, 25.12243080139166], [81.31678009033232, 25.12808036804222], [81.3159866333009, 25.135070800781193], [81.31680297851557, 25.14066123962425], [81.31225585937517, 25.14621925354004], [81.31096649169928, 25.14896011352539], [81.31073760986345, 25.152639389038086], [81.31297302246122, 25.163547515869254], [81.31964111328153, 25.16806030273449], [81.32995605468744, 25.172491073608455], [81.331039428711, 25.16955757141136], [81.33603668212919, 25.166349411010742], [81.34459686279308, 25.16547012329113], [81.34941101074213, 25.16735076904297], [81.35089874267607, 25.163919448852482], [81.35337829589872, 25.161479949951286], [81.35549926757841, 25.157649993896598], [81.35720825195341, 25.152320861816463], [81.3625106811524, 25.145719528198185], [81.36560821533232, 25.14425086975109], [81.36643981933611, 25.1417293548584], [81.3645324707033, 25.139297485351562], [81.3645095825197, 25.137859344482422], [81.3668823242188, 25.137439727783317], [81.37428283691412, 25.138771057128906], [81.37898254394526, 25.13445091247553], [81.38436889648455, 25.135080337524528], [81.38652038574224, 25.133930206298885], [81.38500213623053, 25.13014030456543], [81.38722991943376, 25.128950119018555], [81.38903045654308, 25.124261856079045], [81.39122009277361, 25.123130798339844], [81.39753723144548, 25.121700286865234], [81.40056610107439, 25.121730804443587], [81.40431976318388, 25.1221675872805], [81.40624237060575, 25.123399734497298], [81.40667724609392, 25.125129699707145], [81.40181732177746, 25.1308212280274], [81.40020751953142, 25.13380050659191], [81.41326904296903, 25.131690979003906], [81.41604614257812, 25.132280349731445], [81.41783905029308, 25.13517189025879], [81.41970062255865, 25.135602951049748], [81.42778015136747, 25.13360977172863], [81.43022155761724, 25.133630752563477], [81.4291381835937, 25.129539489746037], [81.43437194824224, 25.12194061279297], [81.43856811523443, 25.11400032043457], [81.43910217285173, 25.111989974975586], [81.43833923339861, 25.110441207885742], [81.43546295166033, 25.111038208007756], [81.42717742919933, 25.110620498657454], [81.41147613525396, 25.112300872802734], [81.40689086914062, 25.112018585205135], [81.40300750732416, 25.111579895019645], [81.40038299560564, 25.109149932861555], [81.40084838867193, 25.107770919799805], [81.40306854248064, 25.106409072876033], [81.41314697265642, 25.103990554809684], [81.42082977294928, 25.101589202880973], [81.42479705810564, 25.099439620971737], [81.43640899658203, 25.096160888671818], [81.45886230468778, 25.092990875244254], [81.45781707763672, 25.089349746704045], [81.45829772949247, 25.086771011352596], [81.46539306640625, 25.081840515136832], [81.4730529785158, 25.080930709838867], [81.47740173339838, 25.079250335693473], [81.48118591308622, 25.075902938842717], [81.48372650146501, 25.074939727783203], [81.48515319824224, 25.07757949829096], [81.48645019531256, 25.08410072326666], [81.492240905762, 25.08192062377941], [81.49462127685564, 25.08210945129389], [81.49740600585966, 25.096040725708008], [81.49426269531256, 25.101699829101506], [81.5005493164063, 25.100830078125057], [81.5028686523438, 25.101720809936523], [81.50701904296892, 25.105321884155273], [81.5075759887697, 25.10680961608881], [81.50319671630876, 25.110519409179688], [81.49314117431646, 25.11065292358404], [81.4856262207033, 25.11586952209467], [81.48171997070318, 25.117321014404354], [81.47772216796886, 25.121089935302734], [81.47812652587919, 25.12792015075695], [81.47204589843778, 25.133039474487532], [81.47175598144537, 25.134990692138615], [81.47287750244158, 25.137121200561467], [81.47469329834013, 25.138120651245117], [81.47743225097673, 25.138429641723633], [81.48017120361334, 25.13770103454584], [81.48452758789068, 25.134349822998104], [81.48960876464838, 25.13422012329096], [81.49054718017607, 25.13504028320324], [81.48995971679716, 25.141918182373047], [81.49199676513678, 25.148759841919002], [81.49540710449224, 25.152349472046012], [81.50063323974638, 25.15284919738781], [81.5049667358399, 25.151220321655387], [81.5109100341798, 25.148401260376033], [81.51566314697271, 25.145339965820426], [81.5184631347658, 25.142547607421875], [81.52465057373058, 25.143640518188533], [81.52517700195318, 25.147531509399357], [81.51873779296886, 25.151830673217773], [81.51995849609392, 25.153659820556754], [81.52884674072277, 25.16133117675787], [81.53000640869169, 25.163339614868278], [81.5272827148438, 25.1666202545166], [81.51074218750028, 25.17368125915533], [81.50781250000006, 25.176250457763672], [81.50711822509794, 25.17854118347168], [81.5077896118164, 25.18497085571289], [81.50956726074224, 25.187030792236442], [81.51284790039091, 25.187900543212947], [81.52007293701183, 25.187240600585994], [81.52321624755876, 25.18576049804699], [81.53253936767578, 25.18542098999029], [81.5333328247072, 25.18756103515625], [81.5340118408206, 25.188261032104492], [81.53991699218778, 25.187658309936637], [81.54876708984392, 25.188650131225586], [81.54902648925787, 25.18658065795921], [81.55844116210966, 25.189191818237248], [81.56639862060553, 25.195749282837028], [81.5716629028322, 25.192951202392692], [81.57718658447283, 25.191299438476676], [81.58560943603516, 25.18662071228033], [81.58799743652372, 25.18378829956066], [81.58194732666033, 25.170330047607422], [81.58177947998064, 25.16827011108421], [81.59657287597685, 25.165531158447266], [81.59982299804716, 25.166030883789062], [81.60114288330107, 25.16736984252941], [81.60291290283203, 25.165889739990178], [81.60549163818365, 25.165628433227653], [81.60703277587896, 25.16805076599121], [81.60675811767595, 25.170570373535156], [81.60810852050798, 25.17276954650879], [81.61000061035173, 25.17365264892578], [81.61347198486334, 25.170520782470703], [81.61441802978521, 25.165069580078125], [81.61737060546903, 25.163898468017635], [81.61898803710938, 25.159650802612305], [81.61965942382841, 25.155639648437614], [81.61892700195307, 25.149089813232365], [81.61763763427751, 25.146249771118164], [81.6150665283206, 25.143930435180664], [81.6122360229495, 25.1466007232666], [81.6100158691408, 25.14717102050787], [81.60430145263672, 25.142810821533146], [81.5991821289063, 25.139829635620117], [81.59417724609392, 25.13801193237316], [81.59211730957037, 25.136381149291992], [81.59414672851562, 25.129512786865234], [81.59146881103516, 25.12735939025879], [81.59102630615246, 25.122989654541016], [81.60230255126982, 25.117509841919002], [81.60180664062517, 25.116018295288086], [81.60280609130865, 25.112449645996094], [81.6012268066408, 25.100210189819393], [81.60426330566423, 25.09966278076172], [81.60639190673845, 25.105941772460938], [81.61007690429693, 25.11170959472662], [81.61302947998047, 25.113229751586914], [81.6148300170899, 25.119859695434513], [81.61675262451178, 25.122619628906307], [81.62329101562528, 25.121931076049805], [81.62506103515642, 25.120449066162223], [81.62534332275396, 25.117811203003043], [81.62265014648443, 25.111240386963118], [81.63195037841814, 25.103269577026424], [81.63166046142607, 25.101480484008846], [81.62930297851568, 25.09972953796398], [81.62583923339861, 25.099889755249137], [81.62153625488293, 25.098360061645508], [81.62088775634783, 25.095079421997013], [81.61486816406261, 25.094047546386832], [81.60949707031256, 25.08515167236328], [81.60443878173828, 25.082990646362305], [81.59591674804693, 25.081829071044922], [81.59379577636736, 25.079799652099666], [81.59446716308622, 25.07693290710455], [81.60280609130865, 25.071830749511776], [81.60395050048834, 25.0695419311524], [81.60811614990234, 25.066820144653434], [81.60971069335949, 25.064699172973746], [81.60855102539068, 25.063310623169002], [81.60558319091797, 25.06455039978033], [81.60324859619169, 25.06435966491705], [81.60272216796875, 25.06304168701172], [81.60434722900396, 25.060749053955192], [81.60852050781256, 25.058879852294865], [81.61725616455095, 25.05712127685547], [81.62190246582037, 25.05692100524908], [81.6252517700197, 25.06245994567894], [81.63201141357428, 25.06147956848156], [81.63559722900396, 25.061790466308707], [81.64418792724615, 25.068359375], [81.64598083496122, 25.07055091857916], [81.64684295654303, 25.0750408172608], [81.653076171875, 25.075031280517635], [81.65650177001947, 25.078620910644474], [81.65869140625006, 25.079730987548828], [81.65989685058622, 25.07818031311041], [81.66040802001959, 25.071460723876896], [81.66221618652338, 25.065139770507812], [81.66398620605486, 25.063949584960938], [81.67137908935541, 25.066249847412166], [81.67582702636719, 25.06598091125494], [81.6778030395509, 25.06467819213873], [81.68306732177751, 25.056762695312557], [81.68371582031261, 25.050790786743278], [81.6818923950197, 25.043771743774357], [81.68553924560564, 25.042182922363224], [81.70536041259783, 25.037902832031477], [81.71012115478533, 25.03912925720215], [81.7133865356447, 25.04006004333496], [81.71382141113287, 25.047250747680664], [81.7164077758789, 25.0529727935791], [81.73239135742216, 25.048709869384822], [81.73507690429682, 25.044521331787223], [81.73446655273466, 25.043138504028434], [81.73723602294939, 25.04194068908697], [81.73821258544928, 25.039070129394588], [81.74150085449224, 25.03697013854992], [81.74646759033214, 25.035739898681697], [81.74740600585943, 25.03362274169922], [81.749771118164, 25.031621932983512], [81.77139282226568, 25.023239135742244], [81.77871704101591, 25.01762008666998], [81.78011322021484, 25.015190124511776], [81.78922271728544, 25.010139465331974], [81.79165649414068, 25.010009765625], [81.8293685913086, 25.019332885742188], [81.83497619628918, 25.018281936645565], [81.84002685546892, 25.014972686767692], [81.84629821777344, 25.007120132446403], [81.84938049316423, 25.00601005554222], [81.86371612548834, 25.003570556640852], [81.86454772949247, 25.00039291381836], [81.86683654785185, 25.000150680542106], [81.86837005615263, 25.002229690551758], [81.87351989746122, 25.002140045166243], [81.88138580322266, 24.99949264526373], [81.88331604003923, 24.99365043640148], [81.88613128662138, 24.992820739746094], [81.8877258300783, 24.99340057373047], [81.89058685302751, 24.99636840820324], [81.89309692382818, 24.999820709228516], [81.89402008056658, 25.00345993041998], [81.89160919189459, 25.005050659179688], [81.88861083984403, 25.00954818725586], [81.88822937011747, 25.0109806060791], [81.8893280029298, 25.013111114501896], [81.8914260864259, 25.013469696045036], [81.89846801757818, 25.009620666503906], [81.89997100830084, 25.00724029541027], [81.89994812011724, 25.003440856933707], [81.89922332763678, 24.99924087524414], [81.8948364257813, 24.991090774536246], [81.89450073242216, 24.98740005493164], [81.90052032470709, 24.98483085632347], [81.9016418457033, 24.982820510864315], [81.89845275878912, 24.976869583129883], [81.89834594726557, 24.97532081604004], [81.90096282958996, 24.973051071167106], [81.90410614013689, 24.94226837158203], [81.90962219238281, 24.937149047851562], [81.9120407104495, 24.930919647216797], [81.91030883789074, 24.920499801635742], [81.90242004394531, 24.91150093078636], [81.89846038818365, 24.905181884765682], [81.89879608154297, 24.899320602416992], [81.89644622802729, 24.89250946044922], [81.90265655517584, 24.8841304779055], [81.90628814697271, 24.883541107177848], [81.91010284423834, 24.880439758300724], [81.91339111328153, 24.880411148071516], [81.91513061523432, 24.877790451049805], [81.92366790771496, 24.87627029418951], [81.92838287353521, 24.873060226440657], [81.92672729492216, 24.860790252685604], [81.9317703247072, 24.856491088867244], [81.93466949462896, 24.851449966430778], [81.93718719482428, 24.8500595092774], [81.9461517333985, 24.846710205078125], [81.94772338867216, 24.842590332031477], [81.95488739013678, 24.839241027831974], [81.95717620849615, 24.832130432128963], [81.95915222167997, 24.830610275268498], [81.96156311035162, 24.831729888916016], [81.96498107910156, 24.841421127319393], [81.96806335449224, 24.84386062622076], [81.97544860839861, 24.842460632324332], [81.99154663085943, 24.846500396728743], [81.99793243408203, 24.847440719604492], [82.00489044189459, 24.850690841674805], [82.02427673339861, 24.844631195068473], [82.03720092773432, 24.83296012878418], [82.04232788085966, 24.834241867065373], [82.05648803710938, 24.82807922363287], [82.06520080566435, 24.823440551757812], [82.07084655761724, 24.82493972778326], [82.08187103271501, 24.8221111297608], [82.08972930908209, 24.81590080261242], [82.09465789794939, 24.810369491577262], [82.1000061035158, 24.809949874877987], [82.10475921630876, 24.80560111999523], [82.10769653320318, 24.800819396972884], [82.1077880859375, 24.793680191040153], [82.1121902465822, 24.792261123657283], [82.12637329101568, 24.79394912719721], [82.12892150878935, 24.799762725830135], [82.13224792480486, 24.804479598998967], [82.14657592773443, 24.79730987548828], [82.15939331054693, 24.792261123657283], [82.16323852539091, 24.795770645141715], [82.17336273193388, 24.800960540771598], [82.16281127929693, 24.804981231689567], [82.17176055908209, 24.808839797973633], [82.17373657226591, 24.814189910888672], [82.18244171142584, 24.81678962707514], [82.18791961669939, 24.820711135864485], [82.19596862792974, 24.82452964782715], [82.19126892089855, 24.81772041320812], [82.18090057373053, 24.80821990966797], [82.17900848388678, 24.804651260375977], [82.18129730224615, 24.800849914550838], [82.18855285644537, 24.79821968078619], [82.19491577148466, 24.796949386596737], [82.20136260986334, 24.800651550293026], [82.20871734619158, 24.79776954650879], [82.20545959472673, 24.791440963745174], [82.20493316650396, 24.785509109497013], [82.20947265625017, 24.78149032592779], [82.20179748535185, 24.780679702758846], [82.19403839111345, 24.783260345458928], [82.18936157226574, 24.78228187561035], [82.19129180908232, 24.774860382080192], [82.19061279296892, 24.769559860229606], [82.19567108154325, 24.763748168945312], [82.19149780273466, 24.753160476684627], [82.17288208007812, 24.739570617675838], [82.18873596191412, 24.74377822875971], [82.1951293945312, 24.73994064331066], [82.20260620117205, 24.74078941345209], [82.20841217041021, 24.73896980285639], [82.21375274658209, 24.728660583496094], [82.216049194336, 24.736150741577262], [82.21340179443388, 24.744209289550895], [82.20221710205095, 24.748170852661133], [82.19948577880888, 24.75206947326666], [82.20918273925787, 24.75951004028326], [82.22280883789062, 24.751739501953125], [82.22157287597662, 24.759910583496037], [82.21853637695324, 24.76498031616211], [82.22091674804705, 24.767049789428825], [82.22338867187517, 24.764179229736442], [82.2277374267581, 24.765560150146484], [82.23237609863298, 24.75814819335949], [82.23837280273449, 24.754409790039062], [82.24108886718778, 24.76827049255371], [82.2403106689456, 24.775470733642578], [82.24365997314459, 24.775751113891715], [82.24659729003935, 24.759761810302848], [82.24962615966808, 24.756368637085075], [82.24590301513689, 24.740659713745117], [82.24143981933622, 24.738460540771484], [82.24101257324224, 24.72690010070812], [82.243949890137, 24.716381072998047], [82.240463256836, 24.710559844970817], [82.2430496215822, 24.701761245727653], [82.23400115966825, 24.696569442749023], [82.2286911010745, 24.690759658813477], [82.22885131835966, 24.67459106445324], [82.22992706298834, 24.669639587402457], [82.23509979248053, 24.66591072082514], [82.2342071533206, 24.671939849853516], [82.2355194091798, 24.676389694213924], [82.24797821044922, 24.675569534301815], [82.24952697753923, 24.66833114624029], [82.25305175781256, 24.666091918945312], [82.26674652099615, 24.678409576416016], [82.25834655761724, 24.682090759277287], [82.26336669921886, 24.68641090393072], [82.26949310302763, 24.68186950683605], [82.27851104736345, 24.680879592895565], [82.28173828125, 24.671741485595703], [82.28520965576189, 24.670011520385685], [82.2910766601562, 24.67086982727045], [82.29641723632807, 24.670011520385685], [82.29189300537126, 24.664779663085938], [82.29808807373075, 24.656549453735465], [82.294692993164, 24.653852462768555], [82.29611206054693, 24.64332008361839], [82.29579925537138, 24.636241912841797], [82.29841613769537, 24.628011703491325], [82.29302978515642, 24.61689949035639], [82.29393005371088, 24.613740921020565], [82.29833984375, 24.61242103576683], [82.30940246582031, 24.612939834594727], [82.3153076171875, 24.615350723266715], [82.31915283203142, 24.620250701904297], [82.32373046875017, 24.622549057006836], [82.32977294921903, 24.62375068664562], [82.33506011962896, 24.62294960021984], [82.34596252441435, 24.618801116943473], [82.35051727294928, 24.60820960998541], [82.35391998291021, 24.604471206665153], [82.36084747314482, 24.602001190185604], [82.38564300537138, 24.597379684448242], [82.39359283447271, 24.597499847412053], [82.4008178710938, 24.59869956970215], [82.40917205810564, 24.597829818725813], [82.41456604003912, 24.60639190673828], [82.40567016601591, 24.61751174926752], [82.40789031982428, 24.62281036376953], [82.40364837646501, 24.630979537963867], [82.4035263061524, 24.63616180419922], [82.40904998779303, 24.6430606842041], [82.40896606445312, 24.649560928344727], [82.41178894042997, 24.657848358154354], [82.4054718017581, 24.666820526123104], [82.40679931640636, 24.674419403076172], [82.401596069336, 24.683799743652287], [82.40738677978544, 24.69514083862299], [82.42015075683605, 24.7052516937257], [82.4323120117188, 24.706281661987305], [82.44484710693376, 24.69637107849121], [82.44838714599638, 24.690620422363395], [82.44480895996088, 24.680089950561637], [82.44885253906267, 24.677900314331055], [82.46402740478544, 24.680070877075195], [82.47667694091797, 24.683580398559627], [82.48676300048822, 24.675500869750977], [82.50129699707048, 24.678409576416016], [82.50905609130888, 24.679090499878157], [82.51843261718744, 24.678340911865348], [82.52398681640642, 24.65714073181158], [82.52926635742216, 24.651960372924805], [82.54425811767584, 24.654878616333008], [82.57396697998064, 24.663000106811523], [82.58764648437528, 24.67373085021967], [82.60299682617193, 24.67945098876953], [82.62996673584013, 24.686700820922795], [82.63643646240246, 24.687839508056697], [82.64569854736345, 24.694549560546875], [82.65792846679693, 24.700397491455305], [82.6655502319336, 24.6998615264892], [82.68543243408209, 24.686521530151595], [82.69230651855474, 24.68022918701172], [82.69595336914074, 24.675720214843807], [82.69586944580095, 24.668712615966854], [82.69345855712896, 24.66157913208002], [82.69169616699224, 24.648639678955078], [82.69518280029308, 24.64425277709961], [82.70207214355497, 24.64211273193365], [82.70921325683611, 24.64371109008789], [82.71460723876959, 24.64212989807129], [82.72746276855497, 24.646472930908317], [82.74312591552734, 24.64406967163086], [82.76278686523455, 24.645669937133903], [82.7658004760745, 24.641630172729492], [82.76716613769531, 24.629430770874023], [82.76789093017607, 24.61061286926264], [82.76297760009783, 24.60481071472168], [82.76007843017607, 24.59981918334961], [82.76825714111357, 24.597541809082145], [82.78542327880888, 24.599510192871094], [82.79637145996111, 24.59976005554205], [82.79644012451178, 24.587499618530273], [82.80076599121111, 24.55268096923851], [82.78093719482439, 24.546068191528377], [82.74601745605486, 24.54152107238781], [82.74536132812528, 24.552511215210075], [82.74120330810541, 24.554590225219727], [82.73352813720714, 24.55162048339838], [82.71611022949224, 24.557140350341854], [82.71253204345709, 24.55621910095215], [82.71501159667974, 24.54811096191412], [82.71414947509783, 24.536199569702205], [82.71563720703153, 24.513299942016715], [82.73654937744146, 24.499771118164062], [82.73377990722656, 24.487239837646428], [82.72377014160162, 24.47632980346691], [82.73060607910162, 24.47033119201683], [82.72602081298834, 24.46084022521984], [82.72503662109392, 24.444732666015682], [82.72730255126953, 24.434141159057617], [82.73271179199224, 24.43274116516119], [82.72572326660185, 24.426258087158203], [82.72019195556669, 24.429679870605526], [82.71936798095709, 24.421630859375057], [82.71496582031256, 24.416170120239315], [82.70758056640636, 24.389377593994254], [82.70716094970709, 24.38517951965332], [82.71286010742193, 24.375209808349666], [82.71849822998075, 24.371221542358455], [82.73478698730469, 24.37117958068859], [82.74677276611345, 24.372520446777287], [82.75446319580084, 24.37951087951666], [82.75688934326189, 24.375940322876033], [82.7605819702149, 24.37304115295416], [82.75875854492182, 24.369310379028434], [82.75892639160185, 24.363149642944336], [82.75981903076178, 24.358381271362305], [82.76449584960938, 24.347549438476562], [82.7632675170899, 24.342430114746094], [82.76299285888689, 24.329828262329215], [82.7604522705081, 24.32310104370123], [82.75981903076178, 24.319080352783203], [82.76603698730486, 24.312208175659123], [82.76413726806658, 24.292430877685604], [82.7570571899414, 24.27569961547863], [82.75460815429705, 24.27161979675293], [82.75058746337908, 24.268131256103516], [82.74938964843778, 24.25662040710455], [82.75157165527344, 24.245861053466854], [82.74991607666021, 24.2361297607423], [82.74331665039062, 24.23161125183111], [82.73706054687517, 24.230310440063477], [82.732231140137, 24.227970123291072], [82.72699737548834, 24.2232608795166], [82.73190307617205, 24.201072692871094], [82.73478698730469, 24.183010101318473], [82.73613739013678, 24.16835021972679], [82.7230758666995, 24.156810760498274], [82.72132110595714, 24.149812698364258], [82.72036743164074, 24.138990402221793], [82.68836212158232, 24.144229888916072], [82.67942810058594, 24.156730651855526], [82.67085266113298, 24.158470153808707], [82.66519927978521, 24.151121139526424], [82.66587066650385, 24.142789840698356], [82.65738677978521, 24.134798049926815], [82.66352844238293, 24.123929977417106], [82.70136260986328, 24.097070693969783], [82.7052230834961, 24.08572959899908], [82.70839691162104, 24.08076095581066], [82.72628021240246, 24.082569122314453], [82.73768615722662, 24.07872962951666], [82.74146270751953, 24.075090408325195], [82.74803924560575, 24.08053016662609], [82.75174713134783, 24.07959747314453], [82.75492095947294, 24.073240280151367], [82.76055145263678, 24.079679489135856], [82.7662582397461, 24.077867507934684], [82.76220703125, 24.05988121032715], [82.75576782226562, 24.04359817504877], [82.74314117431658, 24.034879684448185], [82.73992156982439, 24.031049728393498], [82.74199676513689, 24.021400451660156], [82.74588775634771, 24.013111114501953], [82.75235748291021, 24.00843048095703], [82.76628875732428, 24.006050109863338], [82.78266906738287, 24.006959915161133], [82.78990173339861, 24.006771087646598], [82.79727172851591, 24.00514030456543], [82.8014678955081, 24.001062393188477], [82.80065155029303, 23.99655914306652], [82.80050659179716, 23.985330581665153], [82.79872131347662, 23.976619720459098], [82.79888153076178, 23.97089004516613], [82.80046844482433, 23.967481613159237], [82.8077774047851, 23.963058471679688], [82.79865264892595, 23.96218109130865], [82.79680633544928, 23.96142005920416], [82.79210662841825, 23.955709457397404], [82.79028320312517, 23.95061111450201], [82.77484893798834, 23.938570022583065], [82.75377655029325, 23.935880661010685], [82.75019836425798, 23.930059432983455], [82.75006866455084, 23.926532745361328], [82.74810028076189, 23.92228126525879], [82.74333190917986, 23.920640945434627], [82.71811676025419, 23.921449661254996], [82.70667266845732, 23.92461967468256], [82.7019271850586, 23.924932479858455], [82.6898727416995, 23.920429229736328], [82.68900299072283, 23.919530868530273], [82.6873397827149, 23.9177703857423], [82.68186187744169, 23.9122695922851], [82.67708587646513, 23.909820556640625], [82.67090606689459, 23.909770965576172], [82.66812133789091, 23.907600402832088], [82.6629028320313, 23.908670425415153], [82.65905761718767, 23.90863990783697], [82.65651702880854, 23.907861709594783], [82.65473937988287, 23.90629005432129], [82.6473007202149, 23.894990921020508], [82.64611816406256, 23.888732910156477], [82.65727233886747, 23.878150939941406], [82.65953063964872, 23.87458038330078], [82.66020965576172, 23.870338439941406], [82.65795898437506, 23.86558151245123], [82.65492248535162, 23.862710952758903], [82.65335845947271, 23.85778045654297], [82.65202331542974, 23.85650062561035], [82.64541625976591, 23.857820510864258], [82.64354705810541, 23.85962104797369], [82.64064025878918, 23.85803031921398], [82.63772583007818, 23.849889755249023], [82.63482666015642, 23.847679138183594], [82.63125610351568, 23.84633064270014], [82.6313018798831, 23.841682434082145], [82.62951660156256, 23.839000701904297], [82.60591125488287, 23.83616256713873], [82.60051727294928, 23.83391952514654], [82.58963775634766, 23.824790954589844], [82.58598327636736, 23.822860717773438], [82.57849121093778, 23.822441101074162], [82.56633758544939, 23.824729919433537], [82.56115722656244, 23.82278060913086], [82.54821777343767, 23.826900482177848], [82.54207611083979, 23.82674026489252], [82.53874969482428, 23.824108123779297], [82.53366088867216, 23.82499122619629], [82.52735137939482, 23.82407951354992], [82.52910614013666, 23.821599960327262], [82.53196716308588, 23.819829940796126], [82.5339965820313, 23.814798355102596], [82.53690338134794, 23.812490463256836], [82.53975677490263, 23.81182861328125], [82.54086303710943, 23.810150146484602], [82.54399108886713, 23.80282020568859], [82.54477691650408, 23.798311233520508], [82.54451751709013, 23.794189453125114], [82.540267944336, 23.791200637817326], [82.53578948974604, 23.792100906372127], [82.52879333496094, 23.791349411010742], [82.51619720459001, 23.7842311859132], [82.50670623779303, 23.785480499267692], [82.49665069580107, 23.785049438476506], [82.49175262451189, 23.785707473754883], [82.48507690429705, 23.788379669189567], [82.48375701904314, 23.790571212768555], [82.48268890380865, 23.797519683838004], [82.46987915039068, 23.807649612426758], [82.46350860595703, 23.810848236084098], [82.46002197265653, 23.811399459838867], [82.44904327392595, 23.811651229858455], [82.44576263427729, 23.81085968017578], [82.44023895263672, 23.805721282959098], [82.43644714355486, 23.80470848083496], [82.42323303222685, 23.806087493896598], [82.40296936035162, 23.802778244018555], [82.39335632324236, 23.80241012573248], [82.38822937011724, 23.80137062072754], [82.38397979736328, 23.804870605468864], [82.37985229492193, 23.807041168213004], [82.36834716796892, 23.81110000610346], [82.35658264160162, 23.8083305358889], [82.3470306396485, 23.803710937500114], [82.34291839599638, 23.80389976501459], [82.33854675292997, 23.806011199951172], [82.33125305175787, 23.805360794067383], [82.32823181152372, 23.803670883178825], [82.3209686279298, 23.80874061584484], [82.31505584716808, 23.810308456420955], [82.31112670898455, 23.81118965148937], [82.30715942382812, 23.8111629486084], [82.30432128906256, 23.80986022949213], [82.29759216308611, 23.808160781860465], [82.29511260986345, 23.80854988098156], [82.2838287353515, 23.812900543212947], [82.27767181396496, 23.81713104248047], [82.27121734619169, 23.818691253662223], [82.26476287841797, 23.81874084472662], [82.25528717041021, 23.821889877319336], [82.24855041503906, 23.81979942321783], [82.23152923584013, 23.807790756225643], [82.22899627685553, 23.806671142578125], [82.22614288330084, 23.806932449340877], [82.22107696533197, 23.810060501098746], [82.21611022949213, 23.820962905883732], [82.21160125732422, 23.823932647705078], [82.20136260986334, 23.828292846679744], [82.19925689697271, 23.831920623779297], [82.20096588134771, 23.834539413452205], [82.20435333251953, 23.837120056152287], [82.2066497802735, 23.841030120849553], [82.2068710327149, 23.844041824340763], [82.20388793945341, 23.85299110412609], [82.1955795288086, 23.85038185119629], [82.18933868408209, 23.843709945678825], [82.17875671386736, 23.84204292297386], [82.17352294921886, 23.839090347289982], [82.1724929809572, 23.837909698486385], [82.16971588134777, 23.824678421020565], [82.16826629638689, 23.82269287109375], [82.16525268554688, 23.820751190185604], [82.16240692138678, 23.81995964050293], [82.15573883056646, 23.821977615356445], [82.14456176757841, 23.81925010681175], [82.13407897949247, 23.818161010742415], [82.1257629394533, 23.819669723510856], [82.11746215820341, 23.823120117187727], [82.10875701904314, 23.81868171691889], [82.10678863525419, 23.818490982055607], [82.10018157959001, 23.820100784301815], [82.08911132812517, 23.817890167236385], [82.0780181884765, 23.817068099975586], [82.07202148437506, 23.81978034973156], [82.06328582763683, 23.81911087036127], [82.04540252685541, 23.8205890655517], [82.04234313964872, 23.824960708618107], [82.04052734375006, 23.826328277588004], [82.03217315673834, 23.82930946350109], [82.03100585937506, 23.83189964294445], [82.03433227539091, 23.838670730590934], [82.03515625000017, 23.842559814453182], [82.03251647949224, 23.845079421997127], [82.02849578857422, 23.84770011901861], [82.01161193847685, 23.852279663085994], [82.00759887695341, 23.854951858520508], [82.00567626953136, 23.858800888061637], [82.00073242187528, 23.863140106201286], [81.99214935302763, 23.86264038085949], [81.98394012451183, 23.861999511718807], [81.97154998779325, 23.858350753784407], [81.96238708496105, 23.85707855224615], [81.95070648193365, 23.852890014648494], [81.94490051269531, 23.856929779052734], [81.9400482177735, 23.85777091979986], [81.93856048584013, 23.860969543456974], [81.93685913085966, 23.86206245422369], [81.93390655517584, 23.861932754516715], [81.93228149414091, 23.862611770629883], [81.93289947509783, 23.866750717163313], [81.93164825439459, 23.867910385131893], [81.91644287109403, 23.872989654541243], [81.91470336914074, 23.87187957763672], [81.90983581542986, 23.864099502563477], [81.90425872802729, 23.8585205078125], [81.90077972412121, 23.851221084594783], [81.89807128906256, 23.84828948974632], [81.89409637451183, 23.844060897827205], [81.88535308837919, 23.841739654541072], [81.87843322753912, 23.837900161743278], [81.86207580566435, 23.834810256958065], [81.85765838623053, 23.828769683837947], [81.85293579101591, 23.824319839477596], [81.83164978027361, 23.82130241394043], [81.82863616943365, 23.817092895507756], [81.82411956787138, 23.81641006469738], [81.81741333007818, 23.811241149902344], [81.81172943115263, 23.809499740600643], [81.80564117431669, 23.81043815612793], [81.80058288574224, 23.813550949096737], [81.79341888427763, 23.814420700073242], [81.78748321533214, 23.811929702758846], [81.78266143798834, 23.81184005737316], [81.77262878417997, 23.81419944763178], [81.74518585205072, 23.830921173095646], [81.7344360351563, 23.836191177368278], [81.7305068969726, 23.83936119079584], [81.72685241699247, 23.84095954895031], [81.71906280517572, 23.8404293060305], [81.71835327148455, 23.8433895111084], [81.7214126586914, 23.849071502685547], [81.72389221191406, 23.850717544555607], [81.72384643554688, 23.856889724731445], [81.72300720214855, 23.858980178833008], [81.72091674804699, 23.86082267761236], [81.7149505615235, 23.861881256103516], [81.71253204345732, 23.86296272277832], [81.70268249511736, 23.863399505615234], [81.70228576660156, 23.86898994445812], [81.70297241210943, 23.872850418090763], [81.69845581054682, 23.87799072265625], [81.69966888427734, 23.881490707397575], [81.69738769531256, 23.885961532592773], [81.68692016601568, 23.884941101074276], [81.68239593505888, 23.889789581298885], [81.67949676513678, 23.90764808654791], [81.67733001709001, 23.910240173339844], [81.66771697998075, 23.915700912475586], [81.66491699218767, 23.922079086303768], [81.66159820556652, 23.925598144531364], [81.65740966796903, 23.924568176269588], [81.65165710449224, 23.917829513549805], [81.64811706542969, 23.916160583496094], [81.64145660400408, 23.915170669555778], [81.63728332519548, 23.91361999511713], [81.62921905517572, 23.90765953063959], [81.62451171875017, 23.906919479370117], [81.61444854736334, 23.908279418945256], [81.61051177978544, 23.906972885131893], [81.60756683349615, 23.903270721435547], [81.60555267334013, 23.89585113525402], [81.60338592529303, 23.89240074157709], [81.596908569336, 23.889022827148438], [81.59757995605469, 23.88624191284174], [81.60019683837919, 23.883398056030387], [81.6087493896485, 23.878179550170955], [81.6148529052735, 23.872770309448242], [81.61142730712902, 23.867029190063704], [81.60620117187517, 23.86395072937023], [81.59834289550781, 23.864219665527287], [81.5973892211914, 23.861940383911246], [81.5973892211914, 23.857460021972713], [81.59844207763678, 23.853679656982422], [81.6045608520509, 23.8438396453858], [81.60497283935575, 23.841390609741268], [81.60582733154297, 23.838209152221793], [81.6073303222658, 23.836240768432674], [81.60942077636736, 23.835790634155273], [81.62023162841825, 23.83682060241705], [81.62570953369146, 23.835821151733455], [81.62811279296892, 23.83432960510254], [81.63053894042997, 23.830810546875114], [81.63601684570318, 23.81635093688965], [81.64256286621122, 23.804580688476562], [81.64362335205084, 23.798891067504883], [81.6434860229495, 23.791839599609602], [81.63836669921903, 23.77787971496582], [81.63816833496122, 23.774789810180778], [81.63965606689464, 23.771129608154354], [81.64415740966814, 23.76807975769043], [81.653549194336, 23.76427078247093], [81.66178131103527, 23.759910583496094], [81.66932678222673, 23.75735092163086], [81.67408752441423, 23.753971099853743], [81.67829132080095, 23.748870849609375], [81.67330169677734, 23.743360519409237], [81.67209625244169, 23.74002075195324], [81.67749786376953, 23.734600067138615], [81.68234252929693, 23.725610733032227], [81.6868896484375, 23.722620010376033], [81.68728637695318, 23.721349716186523], [81.68464660644537, 23.713640213012695], [81.67321014404303, 23.693431854248047], [81.64949798584001, 23.683450698852482], [81.6479568481447, 23.667999267578125], [81.64640808105469, 23.663209915161246], [81.64312744140653, 23.66033172607422], [81.635009765625, 23.658969879150447], [81.61849212646496, 23.661380767822266], [81.61324310302751, 23.660980224609432], [81.60951232910162, 23.63298988342291], [81.60652160644526, 23.624458312988224], [81.60437774658214, 23.621370315551985], [81.60108947753912, 23.613941192626953], [81.60267639160185, 23.60003280639654], [81.59984588623041, 23.59692192077648], [81.59480285644537, 23.595470428467024], [81.58024597167986, 23.59679031372076], [81.57505798339838, 23.59202194213873], [81.57077026367193, 23.590919494628906], [81.56973266601562, 23.588649749755973], [81.57042694091808, 23.57981109619152], [81.57444763183622, 23.566680908203125], [81.57550811767584, 23.558710098266545], [81.57707214355474, 23.554889678955192], [81.5839233398438, 23.553960800170955], [81.58690643310564, 23.554510116577376], [81.60227203369152, 23.553672790527457], [81.605697631836, 23.550489425659237], [81.6066513061524, 23.544969558715763], [81.60546875000006, 23.524761199951286], [81.60632324218778, 23.52067947387701], [81.60521697998064, 23.510889053344727], [81.60704803466808, 23.506889343261776], [81.61443328857428, 23.497760772705078], [81.61721801757812, 23.494869232177734], [81.62422943115263, 23.49105072021507], [81.628227233887, 23.49036979675293], [81.63109588623075, 23.49174118041998], [81.63524627685553, 23.498359680175895], [81.63717651367199, 23.49930191040039], [81.64398956298834, 23.500120162963867], [81.64765167236334, 23.502429962158317], [81.65360260009794, 23.513891220093], [81.65396118164074, 23.519960403442496], [81.65309906005876, 23.52769279479992], [81.65453338623058, 23.53155136108404], [81.66203308105463, 23.532438278198356], [81.66718292236322, 23.531900405883846], [81.68187713623047, 23.527200698852653], [81.68744659423845, 23.524450302124137], [81.69309234619169, 23.523340225219783], [81.7063827514649, 23.53358078002924], [81.71034240722673, 23.541240692138672], [81.71306610107428, 23.542669296264705], [81.71675872802763, 23.548349380493278], [81.71923065185575, 23.556051254272518], [81.72344207763666, 23.558828353881836], [81.72595214843767, 23.562450408935604], [81.72923278808594, 23.565099716186467], [81.73603057861322, 23.567430496215934], [81.740707397461, 23.567649841308594], [81.74796295166021, 23.56538009643566], [81.75060272216803, 23.563070297241268], [81.75361633300798, 23.558561325073356], [81.75638580322277, 23.55252075195324], [81.76299285888672, 23.550769805908203], [81.79756164550787, 23.54883193969721], [81.80127716064453, 23.54776000976574], [81.80461883544928, 23.54581069946289], [81.8110427856447, 23.533920288085938], [81.81150817871105, 23.530670166015625], [81.81019592285185, 23.52634048461914], [81.8100662231447, 23.522609710693587], [81.81257629394548, 23.517629623413086], [81.81653594970703, 23.5148601531983], [81.82717895507841, 23.51128959655773], [81.83410644531267, 23.512161254882812], [81.85074615478521, 23.516460418701172], [81.85507202148438, 23.516450881958065], [81.86223602294928, 23.513870239257812], [81.86968994140636, 23.514570236206055], [81.8793563842774, 23.5184326171875], [81.88448333740251, 23.522480010986442], [81.89624786376947, 23.531948089599666], [81.89997100830084, 23.53413009643566], [81.90392303466814, 23.53508949279785], [81.90941619873041, 23.53502273559576], [81.91375732421903, 23.533758163452262], [81.91635894775396, 23.532091140747127], [81.92767333984386, 23.517549514770508], [81.92829895019526, 23.51324081420904], [81.93444824218767, 23.505550384521484], [81.94471740722656, 23.500141143798942], [81.94893646240251, 23.49674034118658], [81.9470291137697, 23.475481033325252], [81.94761657714861, 23.471630096435547], [81.95033264160162, 23.466060638427678], [81.95674133300798, 23.463369369506893], [81.96124267578136, 23.459791183471793], [81.966606140137, 23.45372009277355], [81.96821594238298, 23.45036125183111], [81.97139739990229, 23.44746971130371], [81.971908569336, 23.445201873779354], [81.97145843505876, 23.44164085388195], [81.97508239746111, 23.43184089660656], [81.97338104248053, 23.42628288269043], [81.9705429077149, 23.423870086670036], [81.97158813476557, 23.419731140136776], [81.97360992431646, 23.417591094970817], [81.9758911132813, 23.415571212768555], [81.9761199951173, 23.413110733032283], [81.97886657714861, 23.411529541015682], [81.98739624023466, 23.419519424438477], [81.99191284179693, 23.419292449951286], [81.99545288085938, 23.415599822998104], [81.99952697753912, 23.412811279296875], [82.0097732543947, 23.420528411865234], [82.01597595214855, 23.42350959777832], [82.0184173583985, 23.42111968994152], [82.023246765137, 23.41018295288086], [82.01735687255888, 23.40806007385254], [82.01751708984403, 23.405519485473746], [82.01992034912115, 23.400930404663086], [82.01719665527344, 23.39639091491722], [82.01428985595732, 23.39351081848156], [82.01362609863287, 23.390268325805778], [82.01451873779297, 23.387918472290096], [82.02039337158232, 23.384300231933707], [82.02323913574247, 23.38376045227062], [82.02561187744158, 23.385932922363338], [82.02941894531267, 23.38755035400402], [82.03285217285173, 23.38539123535162], [82.03707122802751, 23.379550933837947], [82.04573822021496, 23.377870559692496], [82.04923248291016, 23.378730773925838], [82.05274200439459, 23.38513946533203], [82.05396270751982, 23.39048957824707], [82.05677032470709, 23.393539428710938], [82.06307983398443, 23.392469406127873], [82.06929779052751, 23.395029067993278], [82.07995605468767, 23.397190093994084], [82.08364868164068, 23.396772384643782], [82.08512878417986, 23.393310546875], [82.09488677978521, 23.398540496826115], [82.09848022460955, 23.39770126342779], [82.09876251220714, 23.394691467285156], [82.1007919311524, 23.390779495239315], [82.10411834716825, 23.38682174682623], [82.10517120361328, 23.38282966613781], [82.10546112060575, 23.369281768798885], [82.10449981689482, 23.363178253173885], [82.10788726806646, 23.35847091674799], [82.1109008789063, 23.355840682983512], [82.11444854736322, 23.354030609130916], [82.11844635009794, 23.354480743408146], [82.12905120849615, 23.361038208007926], [82.13247680664068, 23.362171173095703], [82.13783264160162, 23.36184120178234], [82.14282226562511, 23.354408264160156], [82.14521789550798, 23.349210739135742], [82.15130615234392, 23.345567703247298], [82.15358734130876, 23.3424911499024], [82.15553283691412, 23.335489273071403], [82.15808105468761, 23.333320617675838], [82.16007995605486, 23.332189559936637], [82.1790390014649, 23.32706069946289], [82.18428802490251, 23.326890945434627], [82.18585968017584, 23.325389862060774], [82.18750762939447, 23.322229385375977], [82.18998718261713, 23.31153106689453], [82.18884277343744, 23.30873107910162], [82.1899032592774, 23.303489685058594], [82.1887969970706, 23.298370361328125], [82.18698120117205, 23.294990539550838], [82.18698120117205, 23.290239334106502], [82.1894607543947, 23.284589767456055], [82.18638610839861, 23.27765846252464], [82.18419647216803, 23.275262832641545], [82.17402648925781, 23.272489547729606], [82.16982269287126, 23.270179748535384], [82.16813659667974, 23.267440795898438], [82.16652679443354, 23.26140022277832], [82.15985870361328, 23.25291824340843], [82.15953063964844, 23.249151229858626], [82.15371704101591, 23.24596977233898], [82.14698791503912, 23.23191833496088], [82.14248657226557, 23.227701187133846], [82.14292907714861, 23.222379684448242], [82.14634704589861, 23.213840484619197], [82.1466598510745, 23.209449768066406], [82.14057159423857, 23.19807052612299], [82.14018249511747, 23.19034957885765], [82.1376571655274, 23.188129425048942], [82.13698577880876, 23.182798385620174], [82.13745880126959, 23.180200576782454], [82.14095306396513, 23.178489685058707], [82.14170837402372, 23.17473983764654], [82.13790130615263, 23.168331146240234], [82.13732147216825, 23.164970397949162], [82.14010620117193, 23.163721084594727], [82.14494323730497, 23.16314125061035], [82.15138244628912, 23.160551071166935], [82.15376281738281, 23.158041000366325], [82.15406799316418, 23.151140213012695], [82.15107727050776, 23.14174079895031], [82.13276672363276, 23.131620407104492], [82.13098907470714, 23.128950119018555], [82.12961578369146, 23.12507057189964], [82.12924194335943, 23.114030838012752], [82.12825012207031, 23.112110137939453], [82.11936187744152, 23.10746955871582], [82.11588287353521, 23.103799819946232], [82.10951995849626, 23.10548973083496], [82.10164642334013, 23.108510971069336], [82.08590698242188, 23.109252929687614], [82.0791625976562, 23.112100601196516], [82.07550811767607, 23.112150192260742], [82.07189178466825, 23.113599777221793], [82.06912231445312, 23.114889144897518], [82.06713104248075, 23.116817474365178], [82.06137084960949, 23.115940093994197], [82.04767608642607, 23.103359222412166], [82.04567718505865, 23.099109649658203], [82.03952026367205, 23.091510772705078], [82.02825164794922, 23.08166122436529], [82.02408599853533, 23.08012008666998], [82.01616668701183, 23.07933044433588], [82.01278686523432, 23.079299926757926], [82.01020050048834, 23.080619812011832], [82.00218963623053, 23.078409194946403], [81.99680328369158, 23.080320358276424], [81.99253845214872, 23.084890365600586], [81.99048614501953, 23.084671020507756], [81.98545837402355, 23.086130142211914], [81.98214721679688, 23.08624267578125], [81.97997283935575, 23.085542678833008], [81.97487640380876, 23.08176040649414], [81.97215270996122, 23.081409454345703], [81.96930694580072, 23.07937049865734], [81.96507263183622, 23.080371856689567], [81.96127319335966, 23.080181121826286], [81.95262908935553, 23.07645034790039], [81.93810272216803, 23.077810287475586], [81.93747711181658, 23.076580047607365], [81.93786621093767, 23.06960105895996], [81.93501281738298, 23.06686019897461], [81.9260864257813, 23.062210083007812], [81.92394256591814, 23.05829811096197], [81.92138671875028, 23.047460556030273], [81.91842651367205, 23.040979385376033], [81.919418334961, 23.036680221557674], [81.92597198486357, 23.028541564941463], [81.92707061767584, 23.026039123535384], [81.92679595947283, 23.022380828857536], [81.93229675292963, 23.017421722412223], [81.93721771240263, 23.009492874145735], [81.93701171875011, 23.00329971313488], [81.93853759765636, 23.00081062316889], [81.93844604492205, 22.991651535034407], [81.9412078857423, 22.98494911193859], [81.94241333007807, 22.975269317627067], [81.94256591796903, 22.96453094482422], [81.9402465820313, 22.957090377807617], [81.93327331542969, 22.954761505126953], [81.927978515625, 22.95420074462902], [81.9234466552735, 22.95117950439453], [81.91385650634783, 22.94822120666504], [81.90567016601568, 22.94046020507824], [81.9014663696289, 22.933059692382812], [81.89488983154325, 22.928171157836914], [81.88654327392578, 22.925170898437614], [81.8802795410158, 22.919860839843864], [81.87461090087896, 22.91332054138195], [81.87050628662104, 22.911840438842773], [81.86000823974604, 22.9150009155274], [81.8619461059572, 22.904609680175895], [81.86110687255871, 22.893949508666992], [81.85634613037138, 22.890859603881836], [81.83558654785185, 22.886470794677734], [81.8314285278322, 22.882970809936637], [81.82644653320307, 22.882270812988395], [81.82065582275396, 22.882860183715877], [81.79582977294928, 22.880250930786076], [81.78592681884771, 22.877080917358512], [81.76940155029325, 22.87350845336914], [81.77005004882812, 22.86042976379389], [81.76931762695318, 22.851160049438533], [81.76484680175781, 22.840690612793082], [81.76085662841814, 22.834339141845646], [81.76159667968744, 22.829330444335938], [81.773002624512, 22.809150695800838], [81.77590179443354, 22.8001384735108], [81.77440643310564, 22.78560066223156], [81.7812805175783, 22.774709701538086], [81.78427886962919, 22.76662063598627], [81.7781524658206, 22.75803947448742], [81.7639770507813, 22.746770858764705], [81.76277923584001, 22.74151039123558], [81.7624969482423, 22.735300064086857], [81.74912261962896, 22.733169555664062], [81.74661254882818, 22.726488113403434], [81.74833679199224, 22.719539642333984], [81.7559432983399, 22.697650909423828], [81.76288604736357, 22.685359954834098], [81.76597595214838, 22.676120758056697], [81.76506042480486, 22.669059753417912], [81.76272583007841, 22.663589477539062], [81.74893188476568, 22.646070480346737], [81.7405395507813, 22.648069381713867], [81.73934936523443, 22.661390304565373], [81.73693847656261, 22.669050216674805], [81.73014068603516, 22.673271179199162], [81.72294616699224, 22.676210403442383], [81.71962738037104, 22.67002105712885], [81.718002319336, 22.663730621338118], [81.714111328125, 22.65563011169445], [81.70701599121122, 22.64964103698736], [81.69886779785173, 22.645881652832088], [81.68839263916033, 22.646631240844727], [81.67859649658232, 22.648880004882812], [81.6631622314456, 22.632720947265682], [81.65654754638689, 22.63200187683117], [81.65479278564453, 22.62158966064453], [81.64840698242193, 22.61998939514166], [81.64353942871094, 22.614400863647518], [81.64138793945341, 22.607540130615348], [81.64163208007812, 22.592090606689567], [81.64012145996111, 22.586549758911133], [81.64441680908209, 22.58337974548334], [81.64942169189482, 22.576080322265682], [81.64868927001953, 22.56895065307623], [81.64565277099626, 22.565891265869368], [81.63791656494146, 22.562110900878906], [81.63250732421892, 22.561998367309627], [81.62357330322271, 22.564277648925838], [81.61940765380865, 22.55855941772461], [81.61942291259771, 22.55327987670904], [81.62136077880888, 22.54778289794922], [81.6218872070313, 22.543830871582088], [81.61579132080084, 22.539020538330135], [81.6089630126956, 22.53643989562994], [81.59976959228521, 22.535709381103516], [81.59274291992199, 22.537651062011662], [81.58795928955084, 22.544031143188477], [81.58316040039068, 22.544530868530273], [81.56974029541033, 22.550050735473746], [81.56305694580078, 22.551008224487305], [81.55741882324224, 22.54689025878912], [81.5573120117187, 22.537590026855526], [81.56278228759771, 22.534179687500114], [81.55693054199213, 22.532161712646598], [81.54720306396479, 22.53126144409174], [81.54222106933622, 22.529920578003043], [81.53595733642572, 22.53324127197277], [81.52797698974626, 22.539791107177848], [81.51906585693365, 22.53998184204113], [81.51541900634766, 22.53675079345703], [81.51467132568365, 22.534030914306868], [81.51471710205084, 22.528690338134993], [81.5119705200197, 22.523529052734318], [81.50656127929716, 22.521778106689453], [81.50293731689482, 22.52679061889671], [81.49320983886747, 22.519620895385856], [81.49175262451189, 22.517330169677678], [81.49011993408214, 22.508430480957145], [81.48574829101591, 22.50334930419922], [81.47985839843778, 22.493310928344727], [81.47637176513678, 22.492160797119084], [81.46996307373041, 22.49398994445812], [81.46067047119158, 22.494358062744368], [81.45330810546886, 22.491020202636946], [81.44624328613287, 22.495861053466854], [81.4380569458009, 22.493940353393555], [81.43908691406267, 22.491020202636946], [81.44422912597656, 22.487020492553825], [81.44081115722673, 22.484649658203125], [81.43907928466797, 22.479471206665153], [81.44391632080084, 22.478670120239485], [81.44332885742193, 22.47154045104986], [81.45028686523466, 22.472562789916935], [81.44802856445307, 22.46739006042492], [81.44246673584013, 22.466159820556697], [81.4359588623048, 22.469488143921012], [81.43357086181658, 22.477718353271484], [81.43177795410185, 22.480491638183594], [81.4244384765625, 22.47923851013178], [81.4175872802735, 22.473630905151424], [81.41783142089855, 22.46515083312994], [81.42064666748053, 22.459400177001953], [81.418930053711, 22.454219818115234], [81.41411590576189, 22.44852066040039], [81.39655303955095, 22.441320419311523], [81.3888702392581, 22.44483947753912], [81.3861770629884, 22.451160430908146], [81.38305664062506, 22.462602615356445], [81.38479614257818, 22.477840423584098], [81.38067626953153, 22.48534965515131], [81.37914276123075, 22.493391036987305], [81.37960815429705, 22.497909545898494], [81.37873840332043, 22.505300521850643], [81.37325286865229, 22.510751724243278], [81.36650085449224, 22.514369964599666], [81.36177825927763, 22.515390396118107], [81.35569000244169, 22.513242721557617], [81.34794616699236, 22.5140895843507], [81.3318862915039, 22.52236938476574], [81.32293701171892, 22.524330139160156], [81.3193969726563, 22.519550323486385], [81.31481170654303, 22.51591110229515], [81.31414794921875, 22.499610900879134], [81.31591033935547, 22.489709854126033], [81.30396270751964, 22.481750488281364], [81.29778289794939, 22.48657989501953], [81.29170227050787, 22.489311218261946], [81.28019714355469, 22.498821258545036], [81.27546691894548, 22.4994411468507], [81.27146911621094, 22.495849609375114], [81.26674652099615, 22.494140625000114], [81.26045227050787, 22.49356079101574], [81.25623321533209, 22.48806953430187], [81.25551605224621, 22.472482681274414], [81.24038696289068, 22.459180831909293], [81.23310852050798, 22.45513153076172], [81.22355651855486, 22.45160865783697], [81.21839141845703, 22.451650619506836], [81.209770202637, 22.453849792480526], [81.20214080810575, 22.456769943237305], [81.19419097900408, 22.462080001830998], [81.19503784179693, 22.467758178711165], [81.19323730468767, 22.473709106445426], [81.19264221191406, 22.482479095458984], [81.18686676025419, 22.48921012878418], [81.18004608154291, 22.4901504516601], [81.17066192626982, 22.488000869751033], [81.1640701293947, 22.48191070556652], [81.1578216552735, 22.47448158264183], [81.14807891845709, 22.455850601196403], [81.13404083251982, 22.451999664306697], [81.12275695800787, 22.44762039184576], [81.10999298095714, 22.441120147705135], [81.10491943359392, 22.432790756225643], [81.10346984863287, 22.422080993652344], [81.10465240478527, 22.410802841186523], [81.10266113281267, 22.391269683837834], [81.10093688964861, 22.383239746093807], [81.10685729980486, 22.362180709838867], [81.11054992675787, 22.353000640869197], [81.1156616210938, 22.344089508056697], [81.1120223999024, 22.334640502929744], [81.10926818847685, 22.329639434814567], [81.11045837402361, 22.321491241455078], [81.11470031738287, 22.312589645385742], [81.1150131225586, 22.30323982238781], [81.1138458251956, 22.29438018798851], [81.09681701660162, 22.27746009826666], [81.09178161621111, 22.267860412597884], [81.08467864990229, 22.2467498779298], [81.07258605957037, 22.241741180419922], [81.0692367553711, 22.246259689331282], [81.06282043457037, 22.246852874755973], [81.05452728271513, 22.243871688842717], [81.04886627197283, 22.244190216064567], [81.04043579101562, 22.240570068359432], [81.0363159179688, 22.23771858215332], [81.0194473266601, 22.229190826416016], [81.0157089233399, 22.220211029052734], [81.01579284667997, 22.21410942077631], [81.01922607421903, 22.20779037475586], [81.02349090576189, 22.202829360961914], [81.0257568359375, 22.19769096374523], [81.02477264404325, 22.193130493164176], [81.02511596679699, 22.188821792602653], [81.02150726318388, 22.187030792236328], [81.01551055908209, 22.188409805297965], [81.01169586181646, 22.18400955200201], [81.01328277587902, 22.177490234375114], [81.0171508789062, 22.171039581298885], [81.01905059814482, 22.165260314941463], [81.01761627197271, 22.153848648071516], [81.01740264892595, 22.140279769897575], [81.01579284667997, 22.132709503173885], [81.00517272949236, 22.13272285461437], [80.99283599853521, 22.131530761718864], [80.98670196533203, 22.13087081909191], [80.97342681884777, 22.123689651489315], [80.97175598144526, 22.12148094177246], [80.97081756591797, 22.114650726318473], [80.97226715087896, 22.111890792846623], [80.9743270874024, 22.11136054992687], [80.97666931152355, 22.11280822753912], [80.98020935058611, 22.11280822753912], [80.98725128173845, 22.110651016235295], [80.99027252197266, 22.109079360962028], [80.99282073974615, 22.10519027709961], [81.00006866455084, 22.100830078125114], [81.00369262695318, 22.096889495849666], [81.00395202636747, 22.094451904296875], [80.99991607666021, 22.089651107788143], [80.99742889404303, 22.080869674682674], [81.00427246093756, 22.070020675659407], [80.99916076660162, 22.061500549316463], [80.99282073974615, 22.05766105651867], [80.99117279052763, 22.058080673217887], [80.98972320556658, 22.05649757385254], [80.98808288574224, 22.052209854126033], [80.98776245117216, 22.048479080200195], [80.9825973510745, 22.04895973205572], [80.97885131835955, 22.048311233520508], [80.97364044189482, 22.051771163940543], [80.97181701660173, 22.05429077148449], [80.96341705322283, 22.058361053466854], [80.96208953857439, 22.061929702758846], [80.96573638916021, 22.07917022705078], [80.9655380249024, 22.081979751587028], [80.95752716064459, 22.09715080261242], [80.9505233764649, 22.11301040649414], [80.94552612304693, 22.11748123168951], [80.9389190673831, 22.11901092529297], [80.92479705810575, 22.120670318603516], [80.91715240478527, 22.120889663696403], [80.91084289550787, 22.119159698486385], [80.90608978271496, 22.11444091796875], [80.89817047119158, 22.10132980346691], [80.89475250244158, 22.07650947570795], [80.89122772216825, 22.06595993041998], [80.88844299316423, 22.062410354614258], [80.8849868774414, 22.060710906982365], [80.87895965576178, 22.060600280761832], [80.87663269042986, 22.056789398193416], [80.87735748291016, 22.050712585449162], [80.8701171875, 22.03858947753912], [80.86894989013666, 22.03359031677269], [80.86950683593778, 22.016500473022575], [80.86859893798845, 22.011209487915096], [80.8593368530274, 22.000129699707145], [80.85929870605474, 21.997760772705192], [80.85840606689464, 21.99543952941889], [80.85719299316406, 21.993240356445426], [80.85640716552751, 21.991851806640682], [80.85546875000017, 21.98880958557129], [80.85456848144537, 21.987230300903263], [80.85312652587885, 21.983480453491325], [80.85309600830107, 21.981292724609375], [80.85253143310575, 21.97841072082531], [80.85169219970709, 21.975120544433707], [80.85037231445318, 21.972810745239258], [80.84851074218778, 21.970010757446346], [80.84745025634783, 21.96690940856945], [80.84673309326178, 21.963621139526424], [80.84577178955084, 21.960899353027344], [80.84336090087919, 21.958410263061523], [80.83938598632807, 21.957740783691463], [80.83583831787115, 21.95761108398449], [80.83178710937517, 21.95794105529791], [80.82885742187528, 21.95743942260765], [80.82451629638666, 21.956840515136832], [80.8216857910158, 21.958198547363224], [80.82022094726568, 21.95813179016119], [80.81844329834001, 21.956790924072266], [80.8195877075197, 21.953569412231502], [80.82102966308605, 21.95145034790039], [80.82115936279303, 21.950588226318416], [80.82221984863276, 21.94835090637207], [80.8233871459961, 21.947320938110465], [80.82627105712908, 21.947111129760742], [80.82895660400408, 21.947019577026424], [80.83074188232428, 21.947191238403263], [80.8318481445313, 21.947441101074276], [80.83338928222662, 21.946640014648494], [80.83502197265625, 21.940891265869254], [80.83561706542986, 21.937030792236555], [80.83656311035173, 21.935659408569336], [80.83654022216797, 21.931800842285213], [80.83589935302746, 21.927930831909407], [80.83452606201178, 21.926019668579045], [80.83251953124994, 21.921751022338867], [80.83139038085938, 21.920120239257812], [80.83006286621094, 21.918430328369084], [80.82699584960932, 21.91358184814453], [80.82620239257841, 21.91196060180664], [80.82453155517578, 21.908430099487305], [80.82544708251982, 21.90388107299816], [80.82380676269548, 21.897880554199332], [80.82456207275408, 21.894708633422965], [80.82422637939459, 21.891031265258846], [80.8240585327149, 21.88936042785656], [80.82543945312528, 21.886650085449332], [80.83010864257812, 21.88479042053234], [80.83141326904314, 21.884279251098633], [80.83406066894531, 21.88249969482422], [80.83660125732428, 21.878549575805664], [80.83959197998047, 21.875400543212947], [80.83967590332037, 21.871580123901367], [80.83763885498075, 21.868812561035156], [80.83666229248058, 21.867019653320256], [80.8370208740235, 21.86248016357422], [80.83994293212919, 21.8588104248048], [80.84117126464844, 21.85645294189476], [80.8404159545899, 21.852760314941406], [80.83767700195307, 21.851821899414062], [80.83432769775396, 21.850698471069393], [80.83289337158232, 21.84906959533697], [80.83168029785162, 21.84618949890131], [80.83230590820341, 21.840139389038086], [80.83280944824224, 21.83749961853033], [80.83368682861328, 21.83479118347168], [80.8358764648438, 21.83214950561529], [80.8370971679687, 21.831760406494197], [80.83767700195307, 21.82985115051281], [80.83660125732428, 21.827199935913143], [80.83558654785156, 21.82454109191889], [80.83380126953136, 21.82020950317377], [80.83304595947277, 21.81691932678217], [80.83238983154314, 21.813800811767635], [80.83183288574224, 21.81057167053234], [80.8317108154298, 21.808670043945256], [80.83170318603527, 21.804809570312614], [80.82990264892595, 21.800701141357536], [80.82797241210955, 21.796821594238395], [80.82550048828142, 21.79450035095209], [80.82388305664074, 21.790910720825252], [80.82110595703142, 21.78697967529297], [80.82081604003912, 21.784788131713867], [80.8204193115235, 21.78226089477539], [80.81918334960938, 21.77815818786621], [80.8182373046875, 21.77601051330589], [80.81682586669933, 21.77421760559082], [80.8144607543947, 21.768320083618164], [80.81355285644537, 21.76749992370611], [80.81156158447266, 21.763990402221623], [80.81063079834001, 21.761030197143782], [80.81044769287126, 21.758440017700252], [80.81033325195318, 21.75538063049322], [80.81166839599615, 21.750829696655217], [80.81120300292986, 21.747491836547795], [80.8081359863283, 21.746440887451172], [80.80362701416021, 21.74605941772461], [80.79899597167986, 21.745351791381836], [80.79582977294928, 21.744270324707088], [80.7925872802735, 21.74322128295904], [80.78845977783197, 21.741279602050895], [80.78272247314482, 21.739570617675895], [80.77709197998053, 21.740861892700195], [80.77683258056635, 21.744308471679744], [80.77382659912126, 21.74982070922846], [80.76982116699236, 21.752052307128906], [80.7664184570313, 21.75513076782238], [80.76210021972685, 21.75791931152338], [80.75874328613298, 21.75715065002447], [80.75463867187506, 21.757009506225643], [80.74962615966803, 21.757730484008903], [80.74503326416033, 21.758260726928654], [80.74297332763678, 21.757961273193416], [80.74005126953142, 21.756490707397575], [80.73841857910162, 21.753540039062443], [80.73699951171892, 21.750650405883846], [80.73483276367216, 21.74764060974121], [80.731010437012, 21.73919868469261], [80.72891235351591, 21.735160827636776], [80.7263259887697, 21.731029510498104], [80.72580718994146, 21.729480743408203], [80.72570800781244, 21.72578048706049], [80.72445678710943, 21.72249031066889], [80.72387695312506, 21.719707489013672], [80.72341918945307, 21.71747016906744], [80.723129272461, 21.71562004089361], [80.72267150878906, 21.714479446411076], [80.71991729736334, 21.713640213012923], [80.7185287475586, 21.711860656738338], [80.719711303711, 21.709770202636946], [80.7220077514649, 21.70730972290039], [80.72390747070318, 21.70583152770996], [80.724906921387, 21.70433044433588], [80.7252960205081, 21.70100021362299], [80.72511291503935, 21.69828987121582], [80.72492218017607, 21.697771072387695], [80.72374725341808, 21.69360160827631], [80.72212982177751, 21.690599441528434], [80.7202758789063, 21.687759399414062], [80.71877288818365, 21.684810638427734], [80.71781921386724, 21.683071136474553], [80.71631622314464, 21.680810928344783], [80.71510314941412, 21.678670883178825], [80.7140884399414, 21.677280426025447], [80.71288299560558, 21.67584037780773], [80.71190643310553, 21.674850463867244], [80.71089172363298, 21.674089431762695], [80.70923614501959, 21.673610687255916], [80.70735168457043, 21.67158126831066], [80.70874023437494, 21.669349670410213], [80.7100372314456, 21.667739868164062], [80.70944976806652, 21.665710449218977], [80.70749664306646, 21.664100646972656], [80.70784759521484, 21.66196060180664], [80.70833587646513, 21.660989761352766], [80.70909881591825, 21.658159255981502], [80.70979309082037, 21.65615081787115], [80.71050262451189, 21.65369033813471], [80.71045684814447, 21.65241050720209], [80.7112197875976, 21.649070739746094], [80.71235656738276, 21.64613914489746], [80.71463775634794, 21.644950866699276], [80.71684265136724, 21.64427947998047], [80.71910858154303, 21.643659591674805], [80.72049713134771, 21.640670776367188], [80.71955871582043, 21.636632919311523], [80.7196884155274, 21.635820388794173], [80.72025299072271, 21.63422012329113], [80.72097015380876, 21.63047027587902], [80.72117614746111, 21.627830505371207], [80.72210693359375, 21.625001907348746], [80.72245788574247, 21.622760772705192], [80.72138977050781, 21.620500564575195], [80.72165679931652, 21.6172199249267], [80.7199096679688, 21.61461067199707], [80.71781158447271, 21.612461090088004], [80.71617126464838, 21.609569549560604], [80.71351623535156, 21.607410430908203], [80.71083831787104, 21.606241226196346], [80.70939636230474, 21.60398101806652], [80.70903015136724, 21.600759506225586], [80.70935058593767, 21.59810066223156], [80.70915985107439, 21.594472885131836], [80.70905303955084, 21.59238815307623], [80.70913696289062, 21.58980941772461], [80.70923614501959, 21.58675003051752], [80.70955657959001, 21.58478927612316], [80.71164703369158, 21.583190917968864], [80.71253204345732, 21.582160949707088], [80.71369934082026, 21.581300735473746], [80.7159805297851, 21.57953071594244], [80.71689605712919, 21.577409744262695], [80.71821594238293, 21.574768066406364], [80.71884918212885, 21.573560714721737], [80.71953582763678, 21.571500778198356], [80.71922302246088, 21.568149566650618], [80.71723937988287, 21.565019607543945], [80.71608734130865, 21.563110351562557], [80.71514129638678, 21.561540603637695], [80.71383666992199, 21.558650970459098], [80.71354675292986, 21.555711746216048], [80.7149276733399, 21.55455970764183], [80.71935272216803, 21.552000045776424], [80.72087097167974, 21.550689697265682], [80.72412109375006, 21.546739578247298], [80.72583770751959, 21.544210433960075], [80.72807312011724, 21.541809082031364], [80.72972106933588, 21.54002952575695], [80.73065948486357, 21.538721084594783], [80.73081970214872, 21.535430908203182], [80.72988128662138, 21.53144836425787], [80.72833251953136, 21.528139114379826], [80.72702026367216, 21.525369644165096], [80.72583007812506, 21.52218818664562], [80.72477722167969, 21.518259048461914], [80.72442626953142, 21.516191482543945], [80.72437286376947, 21.511859893798885], [80.72426605224615, 21.509260177612532], [80.72429656982428, 21.505979537963867], [80.72464752197271, 21.502239227294865], [80.72377014160185, 21.498710632324162], [80.72197723388678, 21.49563980102539], [80.72233581542986, 21.490810394287053], [80.72426605224615, 21.487941741943303], [80.72583770751959, 21.484371185302734], [80.72727203369158, 21.480749130248967], [80.72824096679705, 21.476900100708008], [80.72891235351591, 21.474601745605696], [80.73021697998053, 21.472051620483455], [80.72911071777372, 21.468259811401595], [80.72770690917974, 21.463291168213004], [80.72624206542997, 21.457860946655217], [80.72392272949224, 21.453170776367188], [80.72120666503912, 21.449401855468807], [80.71803283691418, 21.445400238037053], [80.71482086181669, 21.442260742187443], [80.7120971679688, 21.43942832946783], [80.70818328857422, 21.43621063232422], [80.70423126220709, 21.433652877807617], [80.70162963867199, 21.43138122558588], [80.69904327392595, 21.42974090576172], [80.69754791259766, 21.42719841003418], [80.69764709472685, 21.422590255737305], [80.69853210449224, 21.41913032531744], [80.69925689697283, 21.414119720458928], [80.69814300537115, 21.41117858886713], [80.69706726074247, 21.40858078002941], [80.69507598876959, 21.405731201171932], [80.69287109375028, 21.401451110839787], [80.69335174560547, 21.39817047119152], [80.69326782226591, 21.393791198730582], [80.69165039062506, 21.38818168640148], [80.689468383789, 21.384239196777457], [80.68781280517595, 21.380081176757756], [80.68583679199247, 21.376831054687443], [80.68416595459001, 21.372610092163086], [80.68097686767584, 21.36919021606451], [80.67827606201189, 21.366230010986442], [80.67517852783203, 21.363550186157227], [80.67150878906278, 21.358560562133903], [80.66998291015653, 21.35423088073742], [80.66845703125028, 21.34856986999506], [80.66638183593778, 21.344289779663143], [80.66494750976568, 21.34093284606928], [80.6629180908206, 21.337339401245117], [80.66130065917986, 21.335479736328125], [80.65991210937494, 21.334432601928825], [80.65653228759783, 21.3307723999024], [80.65177154541016, 21.331190109253043], [80.65042877197283, 21.329931259155273], [80.6482925415039, 21.326379776000977], [80.64438629150396, 21.325479507446346], [80.63817596435547, 21.324859619140682], [80.63356018066435, 21.324188232421818], [80.63179016113287, 21.32372093200695], [80.62832641601568, 21.322589874267578], [80.62491607666021, 21.32182121276867], [80.62328338623041, 21.321460723876953], [80.62066650390642, 21.32015991210949], [80.61775207519526, 21.319171905517578], [80.61299133300776, 21.320341110229435], [80.61096191406256, 21.3217010498048], [80.61009216308622, 21.322620391845703], [80.60851287841803, 21.323932647705078], [80.60531616210966, 21.324310302734432], [80.60234832763689, 21.32372093200695], [80.59941101074247, 21.32323074340826], [80.59739685058611, 21.323499679565487], [80.5931625366211, 21.324790954589844], [80.59127044677751, 21.326740264892692], [80.58946990966808, 21.328340530395565], [80.58672332763689, 21.329460144043026], [80.58307647705095, 21.331169128418196], [80.58188629150419, 21.334329605102653], [80.58241271972668, 21.337221145629826], [80.5816268920899, 21.341590881347656], [80.58027648925787, 21.342100143432617], [80.57788848876947, 21.34300041198742], [80.57543945312517, 21.343790054321346], [80.57176971435575, 21.34560966491722], [80.56909179687528, 21.344430923462028], [80.56636047363287, 21.342800140380803], [80.56417846679688, 21.342779159545955], [80.56136322021484, 21.343309402465763], [80.56053924560541, 21.345460891723633], [80.55982971191423, 21.34856986999506], [80.5580368041995, 21.351030349731502], [80.55837249755865, 21.35316276550293], [80.56109619140653, 21.354402542114258], [80.56376647949247, 21.355739593505973], [80.56417083740234, 21.357870101928825], [80.5596771240235, 21.360380172729435], [80.55901336669916, 21.361129760742244], [80.55821990966825, 21.361288070678825], [80.55519866943354, 21.362710952758846], [80.5502319335937, 21.3647403717041], [80.54577636718756, 21.366260528564396], [80.54424285888678, 21.36729049682623], [80.54091644287126, 21.36812019348139], [80.53964996337896, 21.368520736694393], [80.536880493164, 21.36913108825695], [80.53424835205095, 21.37205123901373], [80.5331115722658, 21.37486076354992], [80.53203582763678, 21.377281188964844], [80.52971649169928, 21.380950927734602], [80.52686309814459, 21.381668090820312], [80.52420043945318, 21.38372039794922], [80.52166748046892, 21.387340545654524], [80.5203704833985, 21.38825035095215], [80.51943206787115, 21.389570236205998], [80.5165100097658, 21.390518188476676], [80.51471710205107, 21.39101982116705], [80.51140594482428, 21.391860961914176], [80.50887298584001, 21.39109039306652], [80.50569152832037, 21.39072036743164], [80.50289154052763, 21.39058113098156], [80.50055694580084, 21.39077949523937], [80.49633026123053, 21.392940521240348], [80.4934387207033, 21.394239425659237], [80.48989868164068, 21.396350860595817], [80.48549652099615, 21.397638320922965], [80.48396301269537, 21.39727020263672], [80.48145294189459, 21.39697074890148], [80.47897338867193, 21.395908355712947], [80.47561645507841, 21.394729614257926], [80.4747619628908, 21.395750045776424], [80.47387695312506, 21.399320602416992], [80.47135162353521, 21.39583969116211], [80.46817779541044, 21.395240783691463], [80.46676635742193, 21.395570755004826], [80.4643173217774, 21.395900726318416], [80.46285247802763, 21.396350860595817], [80.46016693115263, 21.39701080322277], [80.45635986328153, 21.398700714111328], [80.45475006103521, 21.39966011047369], [80.45333862304682, 21.400360107421875], [80.45069885253923, 21.40234947204584], [80.44831848144537, 21.402330398559627], [80.44764709472673, 21.398460388183594], [80.44706726074219, 21.395570755004826], [80.44558715820312, 21.39256095886236], [80.44426727294928, 21.39052963256836], [80.44320678710966, 21.387992858886776], [80.44329071044939, 21.38463973999029], [80.44374847412121, 21.379690170288086], [80.44364166259783, 21.376399993896484], [80.44294738769537, 21.373798370361555], [80.44040679931658, 21.372100830078125], [80.437240600586, 21.371379852295036], [80.4356079101562, 21.37125015258789], [80.43353271484392, 21.371181488037223], [80.43048095703142, 21.37189292907715], [80.42758178710966, 21.372909545898494], [80.42685699462908, 21.373081207275504], [80.42494201660156, 21.374500274658203], [80.42296600341808, 21.375240325927734], [80.42095184326189, 21.375682830810604], [80.41760253906256, 21.375650405884016], [80.41407775878923, 21.375272750854435], [80.4102859497072, 21.375459671020735], [80.40844726562506, 21.376089096069336], [80.4065628051759, 21.37640953063959], [80.40444183349615, 21.375810623168945], [80.40336608886713, 21.37648963928234], [80.40196990966803, 21.377811431884822], [80.40112304687517, 21.378271102905387], [80.39935302734403, 21.380491256713924], [80.39792633056646, 21.384109497070312], [80.39653778076189, 21.387849807739315], [80.3938980102539, 21.39215087890625], [80.3915328979495, 21.396631240844954], [80.3898315429687, 21.400871276855412], [80.38906097412104, 21.404319763183594], [80.38907623291016, 21.407379150390625], [80.38990020751959, 21.408889770507756], [80.39347076416016, 21.412670135498047], [80.39678192138678, 21.41534996032715], [80.39924621582037, 21.417909622192383], [80.39996337890642, 21.41948127746582], [80.39803314208979, 21.4230899810791], [80.39891815185553, 21.424940109252987], [80.40161132812528, 21.428079605102596], [80.40426635742199, 21.43070030212408], [80.40600585937528, 21.432451248168945], [80.40862274169928, 21.434829711914006], [80.41024017333979, 21.436399459839095], [80.41130828857428, 21.43820190429699], [80.41055297851568, 21.440160751342773], [80.40947723388666, 21.44359970092796], [80.40825653076178, 21.447219848632756], [80.40644073486328, 21.45119285583496], [80.4053573608399, 21.45440101623541], [80.40467834472685, 21.456359863281364], [80.40453338623047, 21.458610534668082], [80.40367889404303, 21.4613094329834], [80.40223693847656, 21.463371276855526], [80.4009628295899, 21.465431213378963], [80.39904022216814, 21.466400146484602], [80.3965911865235, 21.467239379882756], [80.39528656005865, 21.4678707122805], [80.39209747314482, 21.469390869140625], [80.38994598388678, 21.470928192138786], [80.38685607910162, 21.47343254089361], [80.3844528198245, 21.476350784301815], [80.38366699218761, 21.479000091552734], [80.38272094726574, 21.482440948486328], [80.38170623779303, 21.484800338745117], [80.3802108764649, 21.487270355224666], [80.37858581542969, 21.489330291748047], [80.37767791748064, 21.49012947082531], [80.37578582763678, 21.490940093994254], [80.37532806396479, 21.491140365600813], [80.37494659423822, 21.49287033081066], [80.3748626708985, 21.494831085205078], [80.3748397827149, 21.49591064453125], [80.37455749511747, 21.498979568481445], [80.37422943115251, 21.501100540161133], [80.3738861083985, 21.50306129455589], [80.37386322021501, 21.505081176757812], [80.37357330322294, 21.509450912475813], [80.37248229980469, 21.51279067993164], [80.37117767334001, 21.515148162841854], [80.37085723876959, 21.517091751098633], [80.37079620361345, 21.51786994934082], [80.3706130981447, 21.52096939086914], [80.36923217773432, 21.522911071777457], [80.36762237548834, 21.52467918395996], [80.36582946777361, 21.52634048461914], [80.36219024658203, 21.528490066528434], [80.35691070556646, 21.530799865722656], [80.35189056396484, 21.533002853393498], [80.34639739990251, 21.535720825195256], [80.34229278564482, 21.53742027282715], [80.33967590332031, 21.537902832031307], [80.3380126953125, 21.538749694824332], [80.3351669311524, 21.540740966796875], [80.33294677734403, 21.542209625244368], [80.33097839355474, 21.543701171875114], [80.32968902587902, 21.544441223144645], [80.32740783691418, 21.546091079711914], [80.32443237304705, 21.548717498779354], [80.3255920410158, 21.550340652465877], [80.32728576660156, 21.551740646362305], [80.329086303711, 21.553659439087028], [80.33009338378935, 21.554700851440543], [80.32977294921892, 21.556310653686523], [80.32858276367216, 21.558269500732536], [80.32746887207031, 21.559640884399414], [80.32628631591825, 21.561580657958984], [80.32464599609392, 21.564100265502873], [80.32283782959013, 21.567430496215763], [80.32139587402361, 21.57059097290039], [80.32018280029325, 21.573579788208008], [80.31884002685575, 21.57455062866211], [80.31693267822294, 21.57568168640148], [80.3129959106447, 21.577091217041072], [80.30988311767607, 21.577341079711857], [80.3076400756836, 21.576740264892805], [80.30336761474621, 21.576129913330078], [80.29908752441423, 21.575389862060604], [80.29537200927763, 21.57547950744629], [80.29191589355474, 21.57802963256836], [80.29026794433588, 21.58263015747076], [80.28978729248053, 21.58591270446783], [80.28909301757841, 21.588430404663143], [80.28864288330084, 21.58965110778803], [80.28800964355486, 21.592290878296012], [80.28658294677746, 21.59343147277832], [80.28282928466791, 21.595119476318473], [80.27980041503923, 21.596130371093864], [80.27543640136736, 21.599079132080135], [80.2737426757813, 21.60263061523449], [80.27237701416033, 21.60712051391613], [80.27086639404314, 21.610620498657283], [80.2649765014649, 21.616558074951172], [80.26022338867193, 21.620149612426815], [80.25665283203153, 21.620281219482536], [80.25527954101568, 21.62072944641119], [80.25206756591808, 21.622249603271484], [80.24762725830084, 21.622499465942496], [80.24269866943365, 21.620491027832088], [80.2401428222658, 21.620519638061637], [80.23596954345703, 21.62076950073248], [80.23207092285185, 21.620452880859375], [80.22688293457043, 21.620101928710994], [80.22058868408214, 21.61963081359869], [80.21630859375017, 21.620340347290096], [80.21465301513678, 21.621240615844727], [80.21203613281278, 21.62421989440918], [80.21039581298845, 21.62627983093256], [80.20797729492193, 21.62965011596674], [80.2046966552735, 21.633541107177734], [80.20040130615263, 21.63470077514654], [80.19515228271484, 21.634939193725643], [80.19210815429693, 21.634620666504134], [80.18942260742205, 21.63425064086914], [80.18821716308588, 21.634201049804688], [80.18618774414062, 21.632669448852482], [80.18519592285173, 21.630640029907283], [80.18369293212908, 21.62849044799816], [80.182373046875, 21.62704086303711], [80.18031311035162, 21.625520706176985], [80.17672729492199, 21.623920440673942], [80.17491149902361, 21.62396049499523], [80.17339324951189, 21.624120712280387], [80.171127319336, 21.6237411499024], [80.16895294189447, 21.623201370239315], [80.16499328613298, 21.621730804443416], [80.16210174560547, 21.61948966979986], [80.15991973876959, 21.61749076843256], [80.15673828125028, 21.61412048339838], [80.15499114990263, 21.611799240112305], [80.15264129638678, 21.60970115661621], [80.1499862670899, 21.607419967651367], [80.14787292480474, 21.60630035400385], [80.14392089843761, 21.60497283935547], [80.14068603515653, 21.60472106933605], [80.13751983642595, 21.605199813843], [80.13298797607428, 21.605609893798942], [80.12622833251947, 21.608301162719727], [80.1240997314456, 21.6086101531983], [80.12145233154325, 21.6090602874757], [80.11857604980497, 21.608898162841797], [80.11493682861357, 21.607009887695426], [80.1128692626956, 21.603771209716797], [80.11242675781256, 21.600809097289982], [80.11219024658209, 21.59955024719244], [80.11157226562517, 21.59647941589367], [80.10990142822271, 21.593410491943303], [80.1079330444336, 21.592119216919002], [80.10560607910185, 21.591110229492244], [80.10209655761724, 21.589389801025504], [80.1004028320313, 21.588739395141715], [80.09874725341825, 21.588659286499137], [80.0963211059572, 21.587432861328125], [80.0940170288086, 21.58629989624029], [80.09329986572266, 21.585371017456282], [80.09081268310564, 21.58356285095215], [80.08967590332031, 21.5822811126709], [80.08669281005871, 21.578559875488338], [80.08483886718744, 21.57617950439453], [80.08201599121111, 21.571769714355412], [80.0787582397461, 21.56839942932129], [80.07704162597656, 21.566759109497127], [80.07508087158232, 21.565139770507812], [80.0733261108399, 21.563850402832088], [80.07115936279314, 21.562000274658203], [80.07002258300798, 21.56038093566889], [80.0684585571289, 21.5584716796875], [80.06658935546892, 21.556840896606502], [80.06356811523443, 21.554580688476676], [80.06211853027372, 21.55424118041998], [80.06118774414057, 21.554019927978572], [80.0596466064456, 21.553730010986442], [80.05719757080078, 21.553600311279297], [80.05419921875, 21.553541183471737], [80.05074310302751, 21.554119110107365], [80.05007171630871, 21.554119110107365], [80.0481567382813, 21.554149627685547], [80.04557037353516, 21.55475044250511], [80.04403686523438, 21.55514907836914], [80.04155731201172, 21.556249618530387], [80.03840637207037, 21.556859970092773], [80.03439331054693, 21.557470321655273], [80.03199005126982, 21.557558059692383], [80.0282287597658, 21.5573406219483], [80.02617645263678, 21.55665016174322], [80.02265167236357, 21.553819656372127], [80.0191268920899, 21.550790786743278], [80.016899108887, 21.548851013183707], [80.01465606689447, 21.54735183715826], [80.01223754882812, 21.545980453491154], [80.01000976562506, 21.544591903686637], [80.0074691772461, 21.542568206787166], [80.00476074218767, 21.54087066650385], [80.00208282470703, 21.538970947265568], [79.99819946289074, 21.536640167236328], [79.99669647216825, 21.535310745239315], [79.99355316162115, 21.534711837768498], [79.985580444336, 21.536779403686637], [79.97177886962908, 21.55512046813959], [79.96624755859392, 21.557270050048885], [79.9614486694336, 21.558000564575423], [79.9470977783206, 21.555250167846737], [79.9363861083985, 21.556800842285384], [79.93103790283209, 21.55561065673828], [79.92719268798834, 21.553730010986442], [79.92124938964861, 21.54619979858404], [79.91831207275419, 21.540311813354492], [79.91581726074247, 21.52448081970215], [79.90119171142595, 21.524360656738338], [79.89228820800787, 21.523260116577262], [79.88976287841814, 21.523880004882926], [79.8858261108399, 21.529640197753906], [79.87668609619146, 21.528470993041992], [79.87187957763678, 21.529560089111328], [79.85707855224638, 21.53092193603527], [79.85475921630871, 21.532520294189567], [79.85056304931652, 21.53753089904785], [79.841537475586, 21.541818618774528], [79.82504272460966, 21.546720504760856], [79.81819152832026, 21.55900955200201], [79.81165313720714, 21.56430053710949], [79.80319213867188, 21.57262992858898], [79.7918167114259, 21.581409454345646], [79.76879882812494, 21.59043121337902], [79.74488830566412, 21.59786987304699], [79.73262023925781, 21.602529525757063], [79.7138214111331, 21.591131210327262], [79.70617675781261, 21.590900421142692], [79.69934082031278, 21.592321395873967], [79.69380950927763, 21.590951919555664], [79.69122314453142, 21.587890625000227], [79.68934631347662, 21.583641052246094], [79.68483734130888, 21.58069038391136], [79.66294097900385, 21.57971000671398], [79.65814208984403, 21.57733154296875], [79.65394592285185, 21.56345176696783], [79.650619506836, 21.55880928039562], [79.64747619628935, 21.55717277526867], [79.64074707031256, 21.555480957031307], [79.63426971435558, 21.554950714111328], [79.62534332275419, 21.554861068725643], [79.61682128906267, 21.557210922241325], [79.6087112426759, 21.555931091308537], [79.59938812255888, 21.55076980590826], [79.59490966796875, 21.549659729003906], [79.58952331542969, 21.54955863952648], [79.57614898681635, 21.54335975646984], [79.57135772705107, 21.543800354003906], [79.56031036376982, 21.548019409179744], [79.54738616943376, 21.544298171997184], [79.53662109375011, 21.544218063354606], [79.53423309326189, 21.54816818237316], [79.5338973999024, 21.550760269165096], [79.53605651855497, 21.55496978759777], [79.53952026367216, 21.56520080566429], [79.5375595092774, 21.568990707397518], [79.53214263916033, 21.57298088073736], [79.5276565551759, 21.574800491333065], [79.521713256836, 21.580320358276367], [79.51066589355474, 21.58316040039074], [79.50582122802751, 21.590280532837028], [79.50681304931646, 21.602380752563477], [79.50308227539091, 21.607509613037223], [79.49819183349626, 21.612369537353516], [79.50112915039068, 21.61964988708496], [79.5032424926759, 21.622360229492188], [79.50473022460943, 21.62326812744135], [79.50850677490234, 21.622861862182617], [79.51245880126953, 21.626480102539176], [79.51161956787115, 21.631130218505973], [79.50959777832031, 21.633361816406364], [79.50263977050787, 21.634599685668945], [79.50026702880876, 21.640520095825195], [79.50113677978527, 21.64571762084961], [79.49929046630854, 21.64784812927246], [79.49738311767572, 21.651939392089844], [79.49456024169939, 21.660539627075195], [79.49089050292963, 21.66370964050293], [79.48963928222662, 21.665800094604492], [79.488578796387, 21.674121856689453], [79.45851135253923, 21.68732261657715], [79.45101165771513, 21.684337615966854], [79.44072723388666, 21.68223953247076], [79.43224334716803, 21.683490753173828], [79.42796325683594, 21.685260772705305], [79.42298126220732, 21.69057273864746], [79.4157791137697, 21.691448211669865], [79.41139984130876, 21.69096755981451], [79.40772247314482, 21.685560226440543], [79.40045166015653, 21.6796493530274], [79.39708709716814, 21.675640106201172], [79.39473724365263, 21.674591064453125], [79.38307952880871, 21.6753902435305], [79.36178588867188, 21.67951011657715], [79.34902191162126, 21.678890228271484], [79.34832000732428, 21.684408187866325], [79.3426132202149, 21.684511184692496], [79.32213592529314, 21.688381195068473], [79.32025146484375, 21.686599731445256], [79.31733703613281, 21.685819625854492], [79.28481292724615, 21.693910598754883], [79.27680206298834, 21.700229644775334], [79.27478027343778, 21.70523071289074], [79.27175903320312, 21.70903968811041], [79.26486968994135, 21.71492004394554], [79.25766754150408, 21.71754074096691], [79.22869110107439, 21.72392845153803], [79.22808074951172, 21.721910476684684], [79.22892761230474, 21.72048950195324], [79.2347717285158, 21.715208053588867], [79.22187805175787, 21.700599670410213], [79.22091674804693, 21.696590423584098], [79.2181701660158, 21.681261062622184], [79.22016143798834, 21.67700004577631], [79.22455596923834, 21.67588043212902], [79.22682952880865, 21.67439079284668], [79.22840118408232, 21.67139053344738], [79.22693634033203, 21.657649993896598], [79.2215728759765, 21.656909942627067], [79.21990203857439, 21.650810241699276], [79.216606140137, 21.65019035339361], [79.18618774414068, 21.654428482055664], [79.1478271484375, 21.660520553589095], [79.14713287353527, 21.656560897827262], [79.14109039306635, 21.63953018188488], [79.13707733154291, 21.636850357055607], [79.12773895263666, 21.62805938720703], [79.11123657226568, 21.62556266784668], [79.09916687011736, 21.618900299072322], [79.09873199462919, 21.616310119629134], [79.09947967529325, 21.612270355224723], [79.10411071777361, 21.609359741210938], [79.09809875488287, 21.60284042358404], [79.09203338623075, 21.603429794311523], [79.08808898925798, 21.599189758300895], [79.08155059814482, 21.607151031494084], [79.0760803222658, 21.607681274414062], [79.05075073242193, 21.603942871093807], [79.0479125976563, 21.60569000244152], [79.0429306030274, 21.60470962524414], [79.03096008300787, 21.605609893798942], [79.00955200195318, 21.601499557495117], [79.00579833984386, 21.60402107238781], [78.99999237060564, 21.609798431396598], [78.99738311767584, 21.615779876708984], [78.99444580078142, 21.6187496185305], [78.98149108886736, 21.617160797119197], [78.97476196289057, 21.6175594329834], [78.96227264404303, 21.6058807373048], [78.9458618164063, 21.59604072570795], [78.94034576416021, 21.593759536743107], [78.9290618896485, 21.59463119506836], [78.92267608642607, 21.592609405517692], [78.91323852539068, 21.59235954284668], [78.91217803955107, 21.585180282593], [78.911636352539, 21.57090950012207], [78.9143371582033, 21.569641113281364], [78.9198989868164, 21.568958282470817], [78.92839050292997, 21.564430236816634], [78.92782592773466, 21.560289382934798], [78.92398071289074, 21.560150146484375], [78.91271972656261, 21.563129425048828], [78.90909576416027, 21.56175041198742], [78.9044265747072, 21.554840087890625], [78.92179870605486, 21.54318809509283], [78.92457580566435, 21.538681030273665], [78.92340087890636, 21.5330810546875], [78.92343902587919, 21.523788452148494], [78.92623901367193, 21.521640777587947], [78.93633270263678, 21.519390106201286], [78.93869781494169, 21.517288208007812], [78.94064331054688, 21.513700485229606], [78.93689727783209, 21.51044082641596], [78.93379974365251, 21.492389678955078], [78.93183135986357, 21.48740005493164], [78.92057037353544, 21.48763084411621], [78.90792846679693, 21.494251251220703], [78.9027328491211, 21.498018264770508], [78.89576721191435, 21.500568389892578], [78.89048767089861, 21.498239517211914], [78.8853759765625, 21.48559188842779], [78.87985229492193, 21.48497009277355], [78.87513732910162, 21.487928390502987], [78.85154724121088, 21.495700836181697], [78.84771728515653, 21.4914608001709], [78.84417724609375, 21.48997116088873], [78.82794952392595, 21.489959716796875], [78.82337951660173, 21.491119384765625], [78.8192596435548, 21.489629745483455], [78.81313323974615, 21.488729476928825], [78.81009674072271, 21.490869522094783], [78.79281616210938, 21.489860534668196], [78.78968811035162, 21.48850059509283], [78.78462219238281, 21.489139556884766], [78.78016662597668, 21.480808258056697], [78.77704620361334, 21.47907829284668], [78.77552032470709, 21.47351264953619], [78.77218627929716, 21.4671306610108], [78.76438140869135, 21.474279403686523], [78.76078796386736, 21.484710693359602], [78.76103973388678, 21.48975944519043], [78.7505187988283, 21.490760803222656], [78.74648284912126, 21.49386978149414], [78.74040222167986, 21.48371124267578], [78.73883819580078, 21.472900390625057], [78.73512268066412, 21.471410751342773], [78.72972869873064, 21.47136116027832], [78.72418975830095, 21.46438026428234], [78.71975708007807, 21.464620590210018], [78.71391296386724, 21.46795082092291], [78.70388031005888, 21.47120094299322], [78.70162200927763, 21.474700927734375], [78.69574737548845, 21.474430084228516], [78.69618225097662, 21.477411270141545], [78.69196319580095, 21.478681564331055], [78.68830108642578, 21.478860855102596], [78.68444061279325, 21.477951049804688], [78.68406677246122, 21.481960296630916], [78.66417694091803, 21.480730056762752], [78.65908813476591, 21.478889465331974], [78.65065765380871, 21.482820510864315], [78.64354705810553, 21.484251022338924], [78.63745117187506, 21.48419761657715], [78.63046264648466, 21.481330871582145], [78.62532806396513, 21.47783088684082], [78.6209716796875, 21.477540969848746], [78.61606597900396, 21.48151969909668], [78.60537719726562, 21.488370895385685], [78.60102081298834, 21.487159729003963], [78.59863281249994, 21.48480987548828], [78.59326171875028, 21.487689971923885], [78.58486938476591, 21.486881256103572], [78.58119201660162, 21.489641189575195], [78.57325744628935, 21.49850082397461], [78.56529998779314, 21.505979537963867], [78.56468963623041, 21.50932121276867], [78.56652832031256, 21.515697479248274], [78.560043334961, 21.514610290527344], [78.55648803710932, 21.515819549560547], [78.55239868164068, 21.519390106201286], [78.5464706420899, 21.51996994018566], [78.53727722167986, 21.524562835693303], [78.52835083007818, 21.524620056152457], [78.5247421264649, 21.525831222534237], [78.52007293701172, 21.525379180908203], [78.50856018066418, 21.52843284606928], [78.50434875488287, 21.52670288085949], [78.50208282470732, 21.526630401611442], [78.49791717529325, 21.522960662841854], [78.49600982666044, 21.517971038818416], [78.49075317382818, 21.517971038818416], [78.48561859130865, 21.512039184570426], [78.48339843750028, 21.507740020752067], [78.48040008544922, 21.506120681762923], [78.47209167480474, 21.50692939758312], [78.47090911865234, 21.504869461059513], [78.46530151367216, 21.503538131714095], [78.46167755126982, 21.503538131714095], [78.459228515625, 21.504631042480412], [78.45627593994146, 21.50445175170921], [78.45419311523449, 21.498310089111328], [78.45169830322271, 21.497331619262752], [78.44467926025419, 21.501920700073185], [78.43858337402372, 21.50375938415533], [78.43009948730474, 21.50175094604498], [78.43026733398455, 21.509162902832145], [78.43218231201189, 21.51991081237793], [78.42782592773443, 21.52675056457531], [78.42685699462896, 21.530199050903434], [78.42752838134794, 21.53832054138195], [78.42550659179705, 21.542270660400504], [78.42195129394537, 21.545841217041243], [78.42060089111334, 21.548780441284293], [78.42073059082048, 21.55479812622093], [78.42225646972673, 21.563720703125114], [78.41906738281256, 21.57160186767578], [78.41594696044939, 21.57308006286621], [78.41349792480469, 21.577739715576286], [78.41584777832037, 21.588150024414176], [78.4225616455081, 21.601949691772518], [78.41925811767584, 21.6042995452882], [78.41086578369146, 21.606599807739258], [78.40448760986328, 21.610099792480412], [78.39904785156256, 21.61108016967779], [78.392562866211, 21.610099792480412], [78.38932037353521, 21.610561370849723], [78.38355255126953, 21.61663818359375], [78.37951660156267, 21.61865043640131], [78.37571716308611, 21.61745071411127], [78.37165832519526, 21.615030288696516], [78.37203979492182, 21.6107692718507], [78.37763214111345, 21.595600128173885], [78.37415313720703, 21.58996963500988], [78.3660507202149, 21.58192062377941], [78.36096191406278, 21.578298568725643], [78.35468292236322, 21.576908111572322], [78.3476867675783, 21.578861236572322], [78.34203338623053, 21.582870483398438], [78.33677673339844, 21.590520858764876], [78.32846069335943, 21.58118057250988], [78.3229370117188, 21.577381134033317], [78.31874084472662, 21.575588226318587], [78.308822631836, 21.57369041442871], [78.30410766601591, 21.571430206298942], [78.30184936523432, 21.57287025451683], [78.30178070068365, 21.58040046691889], [78.30000305175798, 21.585058212280387], [78.28163909912104, 21.586759567260856], [78.27107238769537, 21.592960357666072], [78.26612091064459, 21.59428024292015], [78.26220703125017, 21.593759536743107], [78.25762176513672, 21.59184074401861], [78.25517272949236, 21.58984184265131], [78.25540924072271, 21.58523941040039], [78.25853729248075, 21.581899642944336], [78.26902008056669, 21.57472991943382], [78.27024841308611, 21.57237052917486], [78.26925659179688, 21.570711135864258], [78.2465591430664, 21.564010620117188], [78.23871612548822, 21.56549072265625], [78.22666931152372, 21.55644035339367], [78.21547698974626, 21.553730010986442], [78.18094635009766, 21.558681488037223], [78.17726898193388, 21.556699752807617], [78.17273712158203, 21.553302764892635], [78.17061614990263, 21.542190551757926], [78.17167663574224, 21.535762786865348], [78.17106628417986, 21.528739929199276], [78.16800689697283, 21.526041030883732], [78.17764282226591, 21.514318466186467], [78.17134094238293, 21.50850105285639], [78.17057037353527, 21.502059936523665], [78.1693420410158, 21.49850082397461], [78.14280700683611, 21.48211097717291], [78.12722778320318, 21.47340011596691], [78.10906219482439, 21.46418190002447], [78.10074615478521, 21.46095085144043], [78.09249114990234, 21.45601081848156], [78.07856750488281, 21.44571113586437], [78.06371307373053, 21.43885993957531], [78.05105590820312, 21.437032699585075], [78.04345703125017, 21.435031890869197], [78.02912139892578, 21.425359725952205], [78.01957702636719, 21.420589447021598], [78.00707244873053, 21.418411254882756], [78.00443267822271, 21.415880203247127], [77.99973297119135, 21.41616249084484], [77.99582672119146, 21.4137802124024], [77.98027801513666, 21.402799606323242], [77.97599792480474, 21.402099609375057], [77.97154998779314, 21.401380538940543], [77.95995330810553, 21.401428222656364], [77.95774841308622, 21.401140213012695], [77.94111633300793, 21.398950576782283], [77.9387817382813, 21.386909484863395], [77.93176269531256, 21.385818481445312], [77.9248886108399, 21.386060714721737], [77.91825103759794, 21.38474082946783], [77.91176605224638, 21.382761001587028], [77.90550994873041, 21.37957000732422], [77.90071868896513, 21.378711700439453], [77.89904022216797, 21.378419876098576], [77.89231109619169, 21.379049301147575], [77.88664245605469, 21.380420684814453], [77.88186645507812, 21.377691268921012], [77.88337707519526, 21.38549041748047], [77.87622070312506, 21.38643074035639], [77.86321258544939, 21.388120651245174], [77.85473632812528, 21.39072036743164], [77.84661102294939, 21.394109725952262], [77.83392333984386, 21.401519775390682], [77.81801605224626, 21.408729553222656], [77.80449676513678, 21.412000656127987], [77.79936981201178, 21.412300109863395], [77.79847717285185, 21.410709381103516], [77.79598999023466, 21.406259536743107], [77.79522705078153, 21.403778076171875], [77.79396820068376, 21.399610519409237], [77.79344940185553, 21.390739440918082], [77.79010009765653, 21.389240264892805], [77.78552246093778, 21.389390945434798], [77.77655029296903, 21.388029098510856], [77.76506805419933, 21.384662628174055], [77.76140594482428, 21.384420394897404], [77.75689697265653, 21.38640975952154], [77.7499389648438, 21.385709762573356], [77.7464904785158, 21.38421058654791], [77.7433624267581, 21.380069732666072], [77.73834991455084, 21.366630554199276], [77.73387908935564, 21.364730834961165], [77.72489929199219, 21.364152908325195], [77.70524597167969, 21.359069824218864], [77.70519256591825, 21.367280960083065], [77.70514678955084, 21.373451232910156], [77.70433044433611, 21.37770080566429], [77.69554138183611, 21.37775993347168], [77.69259643554699, 21.380649566650447], [77.69425201416021, 21.394542694091797], [77.69352722167974, 21.396541595459098], [77.69113159179688, 21.397069931030273], [77.68827056884766, 21.396730422973576], [77.6810913085938, 21.38549041748047], [77.67520141601568, 21.378810882568473], [77.67000579834001, 21.37292289733898], [77.6687774658206, 21.372301101684513], [77.66722106933605, 21.371490478515568], [77.66481018066406, 21.373630523681697], [77.66307830810541, 21.377450942993107], [77.66335296630865, 21.385629653930778], [77.66208648681669, 21.387971878051758], [77.65158081054699, 21.390190124511662], [77.65097045898443, 21.393390655517578], [77.64589691162138, 21.393360137939453], [77.64257049560553, 21.391410827636776], [77.64145660400396, 21.38867950439453], [77.63920593261747, 21.387939453125], [77.63617706298857, 21.389499664306754], [77.62931060791044, 21.39097976684576], [77.61519622802763, 21.390659332275334], [77.61145782470703, 21.393810272216854], [77.601547241211, 21.393558502197266], [77.60067749023466, 21.393180847168026], [77.59919738769531, 21.392549514770508], [77.5993881225586, 21.392089843749943], [77.6006469726563, 21.389120101928768], [77.60066223144543, 21.385902404785384], [77.60204315185541, 21.384201049804744], [77.60575866699224, 21.370351791381836], [77.60481262207037, 21.366992950439567], [77.60148620605469, 21.36527061462408], [77.58701324462908, 21.367750167846737], [77.58444213867199, 21.364479064941406], [77.58262634277361, 21.36680030822754], [77.58081054687506, 21.36913108825695], [77.57599639892584, 21.37047004699707], [77.57089233398443, 21.373260498046875], [77.56533050537115, 21.37262916564947], [77.5625, 21.373380661010742], [77.54840850830107, 21.381229400634993], [77.53984069824247, 21.38117027282709], [77.5287628173831, 21.379070281982422], [77.52427673339861, 21.379730224609375], [77.52072143554693, 21.377300262451286], [77.51785278320318, 21.377849578857536], [77.51692199707043, 21.378032684326286], [77.5105285644533, 21.3767604827882], [77.5017318725586, 21.379249572753963], [77.48702239990263, 21.377750396728516], [77.4829864501956, 21.390380859374943], [77.48419189453125, 21.398509979248047], [77.48175048828142, 21.415668487548828], [77.47709655761747, 21.420860290527457], [77.47302246093756, 21.432689666748047], [77.46920776367193, 21.437049865722713], [77.46884155273443, 21.442920684814396], [77.46975708007818, 21.448680877685547], [77.46858215332048, 21.452909469604492], [77.46930694580078, 21.45689964294428], [77.45716094970709, 21.467071533203125], [77.45378875732433, 21.46729278564453], [77.45236206054705, 21.467990875244197], [77.44892120361345, 21.46967124938959], [77.43875885009794, 21.472780227661246], [77.43830871582037, 21.472919464111328], [77.43808746337896, 21.47555923461914], [77.43785095214861, 21.478202819824276], [77.43515014648432, 21.48163986206049], [77.43737792968756, 21.48353195190441], [77.4392166137697, 21.489322662353516], [77.43112945556669, 21.502220153808594], [77.42079925537121, 21.516281127929688], [77.41880035400408, 21.520839691162166], [77.41696929931646, 21.533060073852653], [77.41990661621094, 21.538698196411133], [77.42350769042997, 21.542560577392578], [77.42894744873053, 21.5456600189209], [77.43187713623075, 21.54640007019043], [77.44207000732439, 21.544649124145735], [77.44664001464861, 21.545610427856502], [77.45024871826189, 21.54837989807129], [77.45030975341803, 21.551940917968693], [77.45195007324219, 21.55561065673828], [77.45751190185564, 21.556570053100813], [77.46472930908203, 21.555971145629996], [77.46872711181635, 21.55449104309082], [77.48400115966797, 21.553302764892635], [77.50435638427763, 21.554668426513786], [77.50726318359375, 21.550819396972656], [77.51191711425787, 21.547510147094954], [77.5291900634765, 21.54076957702648], [77.53533935546892, 21.53904914855957], [77.5407333374024, 21.538919448852766], [77.5533981323245, 21.53617286682129], [77.56698608398455, 21.52975082397461], [77.57789611816412, 21.529211044311523], [77.58924865722685, 21.530349731445426], [77.59488677978521, 21.533170700073356], [77.6071166992188, 21.54277038574213], [77.60575866699224, 21.550910949707088], [77.5906829833985, 21.56161117553711], [77.58551788330078, 21.55880928039562], [77.5797271728515, 21.558151245117244], [77.57408905029303, 21.557500839233455], [77.57099914550798, 21.562620162963867], [77.56999969482416, 21.56978988647461], [77.57022857666033, 21.575668334960994], [77.57219696044928, 21.587671279907227], [77.5699310302735, 21.611141204834098], [77.5681762695313, 21.61623191833496], [77.56784057617193, 21.621059417724723], [77.5709609985351, 21.623519897460938], [77.57132720947294, 21.62704086303711], [77.5655364990235, 21.63503265380865], [77.56037902832037, 21.645181655883846], [77.55754089355474, 21.655588150024414], [77.55856323242182, 21.66867256164562], [77.55050659179716, 21.67628288269043], [77.54736328125017, 21.681560516357422], [77.54566955566412, 21.68607139587425], [77.54457092285162, 21.692432403564453], [77.54218292236345, 21.701030731201172], [77.53592681884766, 21.708259582519588], [77.5333862304687, 21.712690353393555], [77.52610778808622, 21.71503257751465], [77.52345275878935, 21.713541030883732], [77.5230865478515, 21.71362113952631], [77.52104187011736, 21.714130401611442], [77.51882934570324, 21.721160888671875], [77.51832580566406, 21.7243709564209], [77.51790618896513, 21.72701072692871], [77.50836181640653, 21.73528289794922], [77.5060501098634, 21.741212844848633], [77.49986267089861, 21.744890213012752], [77.49687194824224, 21.749200820922795], [77.49231719970714, 21.749790191650504], [77.48882293701178, 21.75024986267084], [77.47586822509771, 21.757881164550895], [77.47550964355474, 21.761850357055664], [77.47515106201183, 21.765739440917912], [77.4770126342774, 21.76795959472662], [77.477767944336, 21.77022171020502], [77.47547149658209, 21.771440505981502], [77.47138214111357, 21.77124977111822], [77.45868682861334, 21.768180847168082], [77.45262908935553, 21.764320373535384], [77.44988250732439, 21.763410568237248], [77.44387817382824, 21.763519287109375], [77.43850708007818, 21.76272010803234], [77.42665863037115, 21.76040077209484], [77.41298675537138, 21.757730484008903], [77.40531158447271, 21.756731033325252], [77.40113067626959, 21.756179809570426], [77.37592315673834, 21.75711059570324], [77.35338592529314, 21.759460449218693], [77.3422927856447, 21.76183128356945], [77.33912658691412, 21.761659622192383], [77.337387084961, 21.76156044006359], [77.32598114013678, 21.757360458374023], [77.32129669189453, 21.75703048706066], [77.30889129638666, 21.7596492767334], [77.29367065429705, 21.759918212890682], [77.28623962402361, 21.762750625610295], [77.27997589111334, 21.761262893676758], [77.27707672119158, 21.759809494018555], [77.27774810791027, 21.75375938415533], [77.27826690673834, 21.74913978576666], [77.28227233886724, 21.7481307983399], [77.28446197509794, 21.746448516845703], [77.28308868408214, 21.741649627685547], [77.28328704834013, 21.738491058349666], [77.28501892089872, 21.73750114440918], [77.28690338134777, 21.73644256591797], [77.28581237792963, 21.728820800781307], [77.28314971923828, 21.724220275878906], [77.26737976074224, 21.72907066345209], [77.26277160644548, 21.723630905151424], [77.25802612304688, 21.715829849243107], [77.25518035888678, 21.71519088745123], [77.23993682861334, 21.717121124267805], [77.22460174560547, 21.717889785766715], [77.22323608398466, 21.704181671142692], [77.2222366333009, 21.701679229736385], [77.22159576416016, 21.700109481811523], [77.2179794311524, 21.698429107666243], [77.21021270751959, 21.697120666503906], [77.20742034912104, 21.694009780883846], [77.20136260986345, 21.696319580078068], [77.18432617187528, 21.704460144043026], [77.18766021728521, 21.720729827880916], [77.18802642822266, 21.722570419311637], [77.18383026123047, 21.724500656127873], [77.1714477539063, 21.727260589599723], [77.16803741455084, 21.725759506225643], [77.16506195068388, 21.716920852661246], [77.16242218017578, 21.714107513427848], [77.16004943847662, 21.7137393951416], [77.15777587890636, 21.713409423828182], [77.14750671386747, 21.714651107788086], [77.13333892822271, 21.722320556640625], [77.12110137939459, 21.72534942626953], [77.11416625976562, 21.724861145019588], [77.1041107177735, 21.722890853882063], [77.10330963134783, 21.722642898559684], [77.0939331054687, 21.719631195068473], [77.08377838134794, 21.718629837036246], [77.08024597167986, 21.71869277954113], [77.07530975341803, 21.722370147705078], [77.07406616210966, 21.722610473632926], [77.07232666015636, 21.722930908203352], [77.06903839111334, 21.721809387207088], [77.06205749511747, 21.715049743652344], [77.05948638916021, 21.709400177001953], [77.03427124023455, 21.700511932373104], [77.02916717529303, 21.69606018066412], [77.02333831787138, 21.69378089904791], [77.01814270019537, 21.690799713134993], [77.01016235351591, 21.68439102172846], [77.00158691406278, 21.68215942382824], [76.99727630615251, 21.68161010742199], [76.97866821289074, 21.665979385376033], [76.9115524291995, 21.614931106567326], [76.90567016601557, 21.604499816894588], [76.90112304687517, 21.600809097289982], [76.89174652099604, 21.600700378418026], [76.86073303222662, 21.61230278015148], [76.85214996337896, 21.615030288696516], [76.8477630615235, 21.613300323486328], [76.83863067626959, 21.600500106811637], [76.833549499512, 21.5930690765382], [76.8231811523438, 21.592681884765682], [76.80387115478533, 21.59683036804205], [76.7953491210938, 21.5975399017334], [76.79339599609375, 21.595172882080078], [76.79148864746094, 21.58741950988781], [76.78359222412138, 21.577970504760856], [76.78024291992193, 21.5624675750733], [76.78283691406244, 21.551469802856445], [76.78457641601562, 21.54605293273937], [76.78782653808611, 21.540130615234375], [76.78553771972673, 21.535301208496207], [76.77530670166021, 21.532020568847713], [76.7675170898438, 21.52754020690918], [76.76293182373053, 21.522649765014762], [76.77023315429716, 21.51074981689453], [76.78649139404314, 21.4992294311524], [76.79180145263666, 21.489891052246207], [76.79017639160162, 21.48236083984375], [76.78513336181635, 21.476720809936637], [76.78418731689453, 21.466489791870117], [76.77578735351557, 21.460130691528377], [76.75654602050798, 21.449928283691406], [76.74339294433611, 21.443140029907227], [76.73842620849626, 21.42938041687023], [76.73722839355497, 21.415290832519588], [76.73208618164091, 21.408809661865234], [76.71909332275419, 21.400650024414176], [76.66841125488281, 21.369470596313477], [76.628646850586, 21.339771270751953], [76.624526977539, 21.33510017395031], [76.62583923339872, 21.329740524291992], [76.63973236083996, 21.31064987182623], [76.64862823486328, 21.30004119873047], [76.6610717773438, 21.282421112060604], [76.66017913818388, 21.273599624633846], [76.6594467163086, 21.262130737304744], [76.65902709960966, 21.25324821472168], [76.65849304199219, 21.24781036376976], [76.64987945556669, 21.249019622802734], [76.64257812500006, 21.247720718383903], [76.6372833251956, 21.23911285400402], [76.63169097900396, 21.228900909423942], [76.63134002685558, 21.215641021728516], [76.63157653808622, 21.205369949340934], [76.62686920166033, 21.198810577392578], [76.6233673095706, 21.192659378051758], [76.62003326416021, 21.1954402923584], [76.6167831420899, 21.198570251464844], [76.612319946289, 21.195911407470817], [76.60562896728544, 21.197162628173885], [76.5867462158206, 21.19868278503418], [76.57604980468778, 21.20366287231468], [76.57518005371111, 21.20407295227045], [76.5593872070313, 21.205810546875], [76.54129791259771, 21.196290969848633], [76.52919769287126, 21.189292907714957], [76.52078247070312, 21.18922042846691], [76.49807739257807, 21.19614028930664], [76.49117279052763, 21.197820663452205], [76.48737335205107, 21.196060180664062], [76.48245239257812, 21.188230514526424], [76.47828674316423, 21.175680160522518], [76.47673797607439, 21.161289215087947], [76.47702026367193, 21.155300140380803], [76.47489166259771, 21.152070999145508], [76.46897125244146, 21.150569915771484], [76.46675872802763, 21.147268295288143], [76.46700286865234, 21.143190383911246], [76.46549987792986, 21.139240264892692], [76.45751190185547, 21.13833999633789], [76.4559326171875, 21.131919860839957], [76.45291900634783, 21.124429702758846], [76.45269012451172, 21.114868164062727], [76.4477081298831, 21.11285972595215], [76.4410705566408, 21.112131118774528], [76.4375, 21.107589721679688], [76.43373870849621, 21.106689453125057], [76.41182708740263, 21.107269287109432], [76.40943908691423, 21.09408950805664], [76.39682006835955, 21.090570449829215], [76.39010620117216, 21.08805084228527], [76.38275909423834, 21.079561233520508], [76.3810424804688, 21.07907104492199], [76.37961578369169, 21.078479766845703], [76.37637329101591, 21.07731056213379], [76.37198638916044, 21.07855987548828], [76.36862182617205, 21.078701019287166], [76.36579132080084, 21.07907104492199], [76.36132049560541, 21.0800018310548], [76.35697937011736, 21.079669952392635], [76.3348159790039, 21.077180862426815], [76.29711914062506, 21.077180862426815], [76.28576660156278, 21.076499938964844], [76.28176879882841, 21.07530975341797], [76.2777633666995, 21.078029632568473], [76.27324676513689, 21.085411071777344], [76.26924896240251, 21.09295082092285], [76.26210784912138, 21.094701766967717], [76.23510742187517, 21.093910217285213], [76.22749328613287, 21.091449737548828], [76.20868682861357, 21.090179443359375], [76.18907165527372, 21.090311050415266], [76.18386077880865, 21.08995056152355], [76.18077850341803, 21.087419509887695], [76.17727661132812, 21.085491180419865], [76.17263793945341, 21.0846004486084], [76.16864776611357, 21.085821151733455], [76.16702270507812, 21.089570999145565], [76.16813659667986, 21.093231201171875], [76.16927337646501, 21.098659515380803], [76.1693115234375, 21.101419448852653], [76.16911315917986, 21.10371971130371], [76.16845703125028, 21.105411529541072], [76.1674423217774, 21.106298446655387], [76.16221618652361, 21.109960556030217], [76.15146636962919, 21.114999771118107], [76.142143249512, 21.12107086181635], [76.13566589355497, 21.126211166381836], [76.13417053222656, 21.130319595336914], [76.13934326171892, 21.133630752563533], [76.14092254638678, 21.13602256774908], [76.1399230957033, 21.140068054199276], [76.1316909790039, 21.15267944335949], [76.12841796875028, 21.156709671020565], [76.12409973144548, 21.159099578857536], [76.11891174316406, 21.160118103027457], [76.11396026611345, 21.164640426635856], [76.1143188476562, 21.17045974731451], [76.11939239501959, 21.174680709838867], [76.12741851806652, 21.177919387817496], [76.13070678710966, 21.175550460815543], [76.14298248291033, 21.173131942749023], [76.15505981445318, 21.172561645507756], [76.16088867187517, 21.172000885009993], [76.16684722900396, 21.170721054077205], [76.16913604736334, 21.17448043823265], [76.17063903808611, 21.18217277526861], [76.17272186279314, 21.188289642333928], [76.16908264160173, 21.191881179809513], [76.16590881347662, 21.195489883422795], [76.16571807861334, 21.200048446655273], [76.1670532226563, 21.203580856323356], [76.16770935058622, 21.20588111877447], [76.16794586181658, 21.208120346069393], [76.16427612304716, 21.211811065673828], [76.16152191162115, 21.216688156127987], [76.1631469726562, 21.221950531005916], [76.16403198242193, 21.2241725921632], [76.15933227539057, 21.227251052856502], [76.15328979492188, 21.229818344116268], [76.1480102539063, 21.231649398803654], [76.14553070068365, 21.233190536499023], [76.14440155029308, 21.238090515136946], [76.14409637451189, 21.241479873657227], [76.14412689209001, 21.242580413818416], [76.15091705322294, 21.2456111907959], [76.15428924560553, 21.2491397857666], [76.15809631347662, 21.253549575805664], [76.15921783447271, 21.259141921997127], [76.15603637695324, 21.263210296630973], [76.1538696289063, 21.268819808960075], [76.1498031616211, 21.274209976196346], [76.14714050292969, 21.28137016296398], [76.14499664306669, 21.287771224975586], [76.13987731933588, 21.28899955749523], [76.13497161865251, 21.291500091552734], [76.12925720214844, 21.29751014709484], [76.12726593017607, 21.307340621948356], [76.12224578857428, 21.32163810729992], [76.11596679687506, 21.338779449462834], [76.10694885253912, 21.36020278930664], [76.0986709594726, 21.37392807006836], [76.09504699707026, 21.372671127319393], [76.08815002441435, 21.369989395141715], [76.07724761962896, 21.364269256591854], [76.06565856933622, 21.35919952392601], [76.0523757934572, 21.35270118713379], [76.04704284667986, 21.355199813842887], [76.04202270507807, 21.3588924407959], [76.03459930419922, 21.36527061462408], [76.02749633789091, 21.36813926696783], [76.0159759521485, 21.369882583618164], [76.00023651123075, 21.37481117248535], [75.99160766601568, 21.376089096069336], [75.98487854003912, 21.377178192138672], [75.96874237060575, 21.393970489501953], [75.95939636230497, 21.39619064331049], [75.94796752929716, 21.392980575561637], [75.9373779296875, 21.392869949340934], [75.93234252929716, 21.39151000976574], [75.91654205322266, 21.38982772827154], [75.9122772216798, 21.390649795532227], [75.90508270263666, 21.395639419555664], [75.89705657959013, 21.397260665893555], [75.89563751220709, 21.398740768432617], [75.88810729980463, 21.399629592895508], [75.88212585449224, 21.39842987060547], [75.87615203857422, 21.398191452026367], [75.87226104736357, 21.395500183105582], [75.86818695068365, 21.39048957824707], [75.86277770996111, 21.387300491333065], [75.85932922363298, 21.387300491333065], [75.85135650634766, 21.389350891113338], [75.84662628173834, 21.38813972473139], [75.84342193603527, 21.389450073242188], [75.83262634277361, 21.383300781250114], [75.8125, 21.387331008911246], [75.80545806884777, 21.389030456543082], [75.80140686035162, 21.390150070190373], [75.79220581054705, 21.389211654663086], [75.77382659912138, 21.386648178100643], [75.76013946533203, 21.38570022583002], [75.75894165039091, 21.38549041748047], [75.75467681884771, 21.38838958740257], [75.74610137939459, 21.391710281372184], [75.74408721923857, 21.39319038391119], [75.73834991455107, 21.393432617187443], [75.73558044433594, 21.392709732055607], [75.73294067382818, 21.39332962036127], [75.72271728515653, 21.389152526855696], [75.72158813476557, 21.3909912109375], [75.713851928711, 21.391611099243164], [75.70675659179705, 21.391321182251033], [75.69483184814464, 21.389562606811467], [75.68972015380888, 21.38750076293951], [75.6878204345706, 21.38433074951172], [75.6847915649414, 21.38223075866722], [75.67846679687528, 21.382171630859318], [75.6750793457033, 21.38145065307623], [75.67341613769537, 21.38035011291504], [75.65882110595732, 21.382749557495117], [75.65487670898455, 21.382020950317496], [75.64575958251959, 21.382471084594727], [75.63986206054693, 21.381490707397518], [75.63263702392584, 21.381771087646484], [75.62946319580072, 21.381229400634993], [75.62679290771479, 21.382009506225586], [75.62361145019548, 21.384281158447493], [75.62111663818376, 21.387870788574332], [75.6194458007813, 21.39346122741705], [75.6089172363283, 21.395000457763786], [75.60295104980463, 21.39052963256836], [75.59126281738293, 21.39174079895031], [75.58775329589861, 21.388900756835938], [75.58486175537126, 21.387599945068473], [75.57655334472662, 21.38552093505882], [75.58155059814482, 21.380849838256836], [75.58125305175798, 21.37985992431652], [75.57209014892595, 21.378229141235295], [75.56598663330095, 21.379150390625], [75.56420898437528, 21.37809944152832], [75.56027221679705, 21.378810882568473], [75.56111145019537, 21.38117027282709], [75.55980682373075, 21.382261276245174], [75.55533599853516, 21.377450942993107], [75.55133056640625, 21.375448226928654], [75.54814910888678, 21.37248992919922], [75.54714965820318, 21.372659683227653], [75.54530334472668, 21.375799179077262], [75.53994750976568, 21.37719154357916], [75.5293960571289, 21.384729385375977], [75.52458190917969, 21.387161254882812], [75.51628112792974, 21.386730194091797], [75.5101318359375, 21.387992858886776], [75.50048828125028, 21.39157295227045], [75.49643707275396, 21.39073181152355], [75.4848022460938, 21.391260147094727], [75.46840667724615, 21.394201278686523], [75.46559906005888, 21.391361236572322], [75.46005249023466, 21.393022537231502], [75.45443725585938, 21.392051696777457], [75.45007324218756, 21.392402648925838], [75.44615173339872, 21.390470504760856], [75.44361877441412, 21.39101982116705], [75.4362869262697, 21.39072036743164], [75.43165588378935, 21.393949508666935], [75.41996765136724, 21.39027023315441], [75.41337585449219, 21.39106750488287], [75.40925598144537, 21.389921188354606], [75.40381622314482, 21.383779525756893], [75.40091705322277, 21.383979797363338], [75.39839172363287, 21.382980346679688], [75.39537811279308, 21.384679794311523], [75.39308929443371, 21.384069442749023], [75.3844833374024, 21.38558959960949], [75.38133239746094, 21.387630462646484], [75.378662109375, 21.392419815063533], [75.36694335937506, 21.39891052246105], [75.36138153076178, 21.403230667114258], [75.35800170898449, 21.396179199218807], [75.35378265380865, 21.393489837646598], [75.33487701416021, 21.39466857910162], [75.3268127441408, 21.394239425659237], [75.32090759277361, 21.392402648925838], [75.31195831298828, 21.395280838012752], [75.30866241455078, 21.394500732421932], [75.30190277099615, 21.389249801635742], [75.30182647705095, 21.392419815063533], [75.30316162109392, 21.395191192627067], [75.30184936523438, 21.41483116149908], [75.2996292114259, 21.41566085815424], [75.29162597656261, 21.413909912109375], [75.28856658935558, 21.41181182861328], [75.27662658691406, 21.40887069702154], [75.26702117919933, 21.40887069702154], [75.25910949707048, 21.40521812438959], [75.25399780273443, 21.406139373779297], [75.2476806640625, 21.410671234130973], [75.24347686767595, 21.414939880371207], [75.2363662719726, 21.417100906372184], [75.2322616577149, 21.416589736938477], [75.21985626220709, 21.410869598388786], [75.21055603027355, 21.414220809936523], [75.2074584960938, 21.415840148925838], [75.20372009277372, 21.417318344116268], [75.19599914550787, 21.42285919189453], [75.18802642822271, 21.427310943603516], [75.15737152099638, 21.438272476196403], [75.14743804931669, 21.443340301513672], [75.12977600097673, 21.449279785156364], [75.12297821044928, 21.45333290100109], [75.11509704589861, 21.45956039428711], [75.10666656494135, 21.469629287719727], [75.10044097900396, 21.485311508178654], [75.0948791503908, 21.493812561035156], [75.09266662597662, 21.50090980529785], [75.08999633789068, 21.514331817626953], [75.08355712890653, 21.52575111389166], [75.07832336425787, 21.532131195068416], [75.07624053955084, 21.538019180297965], [75.07221984863287, 21.54165077209484], [75.06503295898449, 21.550819396972656], [75.06359863281267, 21.55500030517578], [75.06018829345703, 21.55933952331543], [75.05774688720709, 21.564939498901424], [75.05356597900396, 21.567190170288086], [75.03183746337902, 21.569309234619197], [75.01783752441423, 21.57261085510254], [75.01584625244169, 21.577880859374943], [75.01341247558594, 21.58118820190441], [75.00477600097685, 21.586042404174805], [75.00356292724615, 21.586708068847656], [75.00267791748075, 21.587169647216797], [75.00183105468756, 21.587642669677848], [75.00096130371122, 21.58811950683605], [75.00009918212908, 21.5885906219483], [74.99923706054716, 21.589050292968807], [74.99835205078142, 21.589500427246037], [74.99745941162115, 21.58992958068842], [74.99656677246122, 21.590330123901595], [74.99565124511713, 21.590700149536076], [74.99474334716814, 21.591091156005973], [74.99379730224626, 21.591449737548885], [74.99289703369146, 21.591831207275447], [74.99195861816412, 21.592191696166992], [74.9910430908206, 21.59255027770996], [74.99011993408197, 21.59290122985834], [74.98918151855469, 21.593250274658203], [74.98824310302751, 21.5935897827149], [74.9873123168947, 21.59392166137701], [74.9863891601563, 21.594249725341797], [74.98544311523443, 21.594560623168945], [74.98449707031256, 21.59486961364746], [74.98353576660162, 21.595172882080078], [74.98258972167974, 21.595460891723576], [74.9816284179688, 21.595741271972713], [74.98068237304693, 21.596019744873104], [74.97972869873053, 21.596269607543945], [74.97875976562506, 21.596519470214957], [74.97780609130865, 21.596740722656364], [74.97683715820312, 21.596960067749023], [74.9758605957033, 21.597171783447322], [74.9748764038086, 21.597370147705192], [74.97390747070307, 21.597560882568473], [74.97293090820341, 21.59774971008295], [74.97194671630871, 21.59793281555187], [74.97096252441412, 21.59811973571783], [74.96997833251959, 21.598289489746037], [74.96898651123064, 21.59847068786621], [74.96800231933588, 21.598649978637752], [74.96702575683622, 21.598831176757926], [74.96604919433622, 21.599018096923828], [74.965072631836, 21.599201202392578], [74.96408843994146, 21.5994110107423], [74.96312713623053, 21.599599838256836], [74.96214294433611, 21.59980964660656], [74.96116638183611, 21.600019454956055], [74.96018981933594, 21.600269317627067], [74.95923614501953, 21.600509643554744], [74.958267211914, 21.600772857666243], [74.95732116699213, 21.601030349731445], [74.9563598632812, 21.601289749145735], [74.9553985595706, 21.60155105590826], [74.95443725585966, 21.60181045532221], [74.95349884033197, 21.602079391479492], [74.95252990722685, 21.60235023498535], [74.95157623291044, 21.60263061523449], [74.95060729980497, 21.60291290283203], [74.94966888427763, 21.603181838989315], [74.94869995117216, 21.603469848632812], [74.94776153564482, 21.60375022888195], [74.94682312011713, 21.604030609130916], [74.94584655761747, 21.604320526123047], [74.94489288330107, 21.604600906372184], [74.94394683837919, 21.604900360107422], [74.94300079345732, 21.605182647705135], [74.94204711914091, 21.605489730834904], [74.94108581542997, 21.605779647827376], [74.9401626586914, 21.606082916259822], [74.93920135498041, 21.60637092590332], [74.938247680664, 21.60667037963873], [74.93731689453142, 21.606971740722884], [74.93636322021501, 21.60728073120123], [74.93541717529314, 21.60757064819336], [74.93447113037126, 21.607879638671875], [74.93353271484392, 21.608190536499023], [74.93258666992188, 21.608491897583008], [74.93163299560547, 21.60880088806158], [74.93067932128906, 21.60910034179699], [74.92974090576178, 21.609420776367244], [74.92880249023443, 21.609720230102653], [74.92785644531256, 21.610031127929744], [74.92691802978521, 21.610338211059513], [74.92595672607428, 21.610652923583984], [74.92502593994152, 21.610990524292106], [74.92408752441435, 21.611318588256893], [74.923149108887, 21.61165809631359], [74.92222595214838, 21.61202049255371], [74.92130279541033, 21.612369537353516], [74.92038726806646, 21.612751007080078], [74.91947937011724, 21.61314010620123], [74.91857910156278, 21.613529205322322], [74.91770172119158, 21.61395263671875], [74.91680145263678, 21.614379882812557], [74.91591644287138, 21.614828109741154], [74.91504669189459, 21.615310668945312], [74.91416168212902, 21.615808486938533], [74.91333770751959, 21.616340637207088], [74.91250610351562, 21.616899490356445], [74.91172790527338, 21.61749076843256], [74.91095733642607, 21.618110656738224], [74.91026306152361, 21.61876106262207], [74.9096221923831, 21.619449615478572], [74.90907287597656, 21.620201110839957], [74.90860748291021, 21.621021270752067], [74.90818023681646, 21.621879577636832], [74.90780639648443, 21.6227703094483], [74.9074325561524, 21.623661041259993], [74.90703582763678, 21.624559402466048], [74.90661621093767, 21.62543106079113], [74.9061813354495, 21.626251220703182], [74.9056396484375, 21.627029418945426], [74.90500640869152, 21.627790451049748], [74.90434265136736, 21.62853050231945], [74.90358734130876, 21.62922286987316], [74.90276336669916, 21.629800796508732], [74.9018783569336, 21.630229949951115], [74.9009399414063, 21.630479812622298], [74.90001678466803, 21.63068962097168], [74.89904785156256, 21.63086128234886], [74.89807128906256, 21.631019592285213], [74.89708709716814, 21.631162643432674], [74.89610290527344, 21.631280899047965], [74.89512634277372, 21.631389617919922], [74.89411926269537, 21.631469726562443], [74.8930969238283, 21.631559371948356], [74.89208221435541, 21.63162994384777], [74.89105987548834, 21.631679534912166], [74.89005279541016, 21.631719589233626], [74.88903808593744, 21.631759643554915], [74.88803100585949, 21.631782531738338], [74.88701629638678, 21.631799697876033], [74.8860168457033, 21.631799697876033], [74.88501739501982, 21.631799697876033], [74.88401031494146, 21.63179016113287], [74.88302612304693, 21.631719589233626], [74.88204956054693, 21.631580352783203], [74.88105773925798, 21.63141059875494], [74.8800659179687, 21.631200790405387], [74.87909698486357, 21.630990982055664], [74.8781280517581, 21.63078117370611], [74.8771362304688, 21.63059043884283], [74.87613677978521, 21.630439758300838], [74.87516021728533, 21.630340576171875], [74.87415313720697, 21.630290985107422], [74.87312316894537, 21.630260467529297], [74.87209320068376, 21.63023948669445], [74.87106323242216, 21.63023948669445], [74.87001037597673, 21.630290985107422], [74.86900329589838, 21.630390167236442], [74.86801910400419, 21.630529403686523], [74.86709594726557, 21.630741119384822], [74.86630249023466, 21.63112068176281], [74.86575317382841, 21.63212013244629], [74.86534118652372, 21.633302688598633], [74.86486053466814, 21.634029388427848], [74.86415863037115, 21.633850097656307], [74.86342620849621, 21.633460998535213], [74.86266326904308, 21.63302040100109], [74.86193084716825, 21.63251113891596], [74.86115264892607, 21.631959915161133], [74.86038208007841, 21.63137054443365], [74.85964965820341, 21.630741119384822], [74.85884857177746, 21.630109786987305], [74.8580780029298, 21.62944984436035], [74.85727691650396, 21.6287899017334], [74.8564758300783, 21.628110885620174], [74.85568237304705, 21.62745094299322], [74.85488128662138, 21.62681007385254], [74.8540725708009, 21.626190185546875], [74.85321807861345, 21.625600814819393], [74.85237884521513, 21.625040054321232], [74.85153198242193, 21.62451934814476], [74.8506622314456, 21.624071121215763], [74.84976959228533, 21.623661041259993], [74.84884643554705, 21.62327957153343], [74.84793853759771, 21.622940063476562], [74.84697723388678, 21.622631072998047], [74.84601593017584, 21.622329711914062], [74.84506988525396, 21.62206077575695], [74.84409332275396, 21.621799468994254], [74.84310913085955, 21.62153053283697], [74.84214019775408, 21.621282577514762], [74.84115600585932, 21.621009826660156], [74.84020233154291, 21.62072944641119], [74.8392486572265, 21.620441436767635], [74.83833312988298, 21.620130538940543], [74.83740997314453, 21.619791030884016], [74.8365097045899, 21.619409561157454], [74.83564758300781, 21.618970870971793], [74.83489990234392, 21.618330001831055], [74.83423614501964, 21.617551803588867], [74.83370971679716, 21.616699218750227], [74.83336639404314, 21.61584091186546], [74.83329772949247, 21.614870071411246], [74.83348846435575, 21.61379051208519], [74.83368682861357, 21.612739562988395], [74.83367156982433, 21.61186027526861], [74.83320617675798, 21.61129951477045], [74.8324584960938, 21.61090087890625], [74.83156585693371, 21.610620498657283], [74.83055877685553, 21.610418319702262], [74.82946777343761, 21.610292434692496], [74.82836151123075, 21.610210418701115], [74.82726287841814, 21.610189437866268], [74.82624053955107, 21.610189437866268], [74.82524108886724, 21.610210418701115], [74.82425689697271, 21.610292434692496], [74.8232727050783, 21.61038017272955], [74.82227325439447, 21.61049079895031], [74.82128906250028, 21.610631942748967], [74.82028961181646, 21.610790252685547], [74.81928253173845, 21.61094093322754], [74.81830596923845, 21.61112022399925], [74.8173217773437, 21.61129951477045], [74.8163375854495, 21.611471176147518], [74.81536865234403, 21.611640930175724], [74.81437683105474, 21.61182975769043], [74.81339263916021, 21.61203193664562], [74.8124084472658, 21.61225128173828], [74.81146240234392, 21.612541198730582], [74.81053924560553, 21.612871170043945], [74.80963134765636, 21.613269805908203], [74.80876159667986, 21.61372947692871], [74.80790710449224, 21.614221572875977], [74.8070220947265, 21.61469841003418], [74.806137084961, 21.615142822265682], [74.80520629882818, 21.61549949646019], [74.80404663085943, 21.61586952209467], [74.80287933349626, 21.616130828857422], [74.80207061767578, 21.616050720214844], [74.80190277099626, 21.61548995971691], [74.80207061767578, 21.614639282226676], [74.80245971679688, 21.61363029479992], [74.80284118652344, 21.61255836486822], [74.80306243896501, 21.611560821533203], [74.80288696289062, 21.610731124878157], [74.8020629882812, 21.610050201416016], [74.80103302001959, 21.609830856323356], [74.80004882812506, 21.609859466552734], [74.799072265625, 21.609899520874023], [74.79808807373064, 21.60996055603033], [74.79708862304716, 21.610019683837834], [74.79609680175793, 21.610090255737305], [74.79509735107428, 21.610162734985295], [74.79408264160173, 21.610250473022404], [74.79308319091825, 21.610338211059513], [74.79209899902372, 21.61046981811529], [74.79106903076178, 21.610580444335994], [74.79007720947283, 21.610719680786076], [74.78906250000028, 21.61086082458496], [74.78808593750011, 21.61102104187006], [74.78710174560553, 21.61117935180664], [74.786117553711, 21.611360549926758], [74.78514862060547, 21.611560821533203], [74.78417968750017, 21.611770629882926], [74.78324127197266, 21.61203193664562], [74.7823104858399, 21.6123504638673], [74.78137207031256, 21.612701416015682], [74.78045654296886, 21.61308097839367], [74.77954864501947, 21.61349105834961], [74.77863311767595, 21.613910675048885], [74.77774047851568, 21.614330291748104], [74.77683258056652, 21.614759445190487], [74.77593231201166, 21.61515998840332], [74.77501678466814, 21.615539550781307], [74.7739715576173, 21.615539550781307], [74.77297973632818, 21.615510940551758], [74.77197265625017, 21.615480422973746], [74.77097320556635, 21.61547088623047], [74.7699661254884, 21.61543083190918], [74.76896667480474, 21.61541175842308], [74.76796722412126, 21.61541938781744], [74.76698303222656, 21.61547088623047], [74.76599121093778, 21.615520477295036], [74.76499938964855, 21.615619659423885], [74.7639999389649, 21.615739822387695], [74.76303100585943, 21.615858078002987], [74.76203155517595, 21.616020202636662], [74.7610473632812, 21.61618041992199], [74.760063171387, 21.616340637207088], [74.75907897949224, 21.616519927978516], [74.75808715820318, 21.616720199585075], [74.75712585449224, 21.616910934448356], [74.75614929199236, 21.61712074279808], [74.75515747070312, 21.61731910705589], [74.75419616699219, 21.61751937866211], [74.75319671630888, 21.617719650268555], [74.75224304199247, 21.617919921874943], [74.7512664794923, 21.618129730224837], [74.75028991699224, 21.618320465088118], [74.74931335449224, 21.6185302734375], [74.74833679199219, 21.618740081787223], [74.74735260009783, 21.618940353393782], [74.74637603759766, 21.619140625], [74.74540710449213, 21.619350433349553], [74.744438171387, 21.619552612304915], [74.743461608887, 21.619760513305664], [74.74249267578136, 21.61996078491211], [74.7415161132813, 21.62017250061058], [74.7405395507813, 21.62037086486839], [74.73956298828125, 21.62059020996088], [74.73860168457048, 21.620792388916243], [74.73761749267595, 21.621000289916992], [74.73664093017572, 21.621200561523438], [74.73565673828153, 21.621421813964844], [74.73468780517607, 21.62162971496582], [74.73371887207043, 21.621839523315543], [74.73274230957037, 21.622051239013672], [74.7317733764649, 21.622261047363395], [74.7307968139649, 21.622480392456055], [74.72981262207048, 21.622690200805778], [74.72885131835955, 21.622909545898438], [74.72786712646479, 21.623130798339844], [74.72690582275385, 21.623340606689567], [74.72592163085966, 21.623561859130803], [74.72496795654325, 21.62378120422369], [74.72397613525396, 21.623991012573185], [74.72302246093756, 21.62421989440918], [74.72203826904303, 21.62445068359375], [74.72107696533209, 21.624671936035156], [74.72012329101568, 21.624891281128043], [74.7191467285158, 21.62512016296381], [74.71816253662126, 21.625370025634993], [74.71720886230486, 21.62559127807623], [74.71624755859375, 21.625810623168945], [74.71527862548822, 21.6260604858399], [74.71430206298857, 21.62629127502447], [74.71334075927763, 21.626541137695312], [74.71237945556669, 21.626802444458008], [74.71141815185575, 21.62705993652355], [74.71044921875011, 21.627321243286076], [74.70948791503912, 21.62759017944336], [74.70852661132818, 21.627870559692496], [74.7075881958009, 21.628160476684627], [74.7066268920899, 21.628440856933594], [74.7056732177735, 21.62874984741211], [74.70474243164091, 21.629051208496094], [74.70379638671903, 21.629360198974666], [74.70285797119169, 21.629688262939453], [74.70192718505854, 21.630029678344727], [74.70101165771501, 21.63035964965826], [74.70008087158203, 21.6307182312014], [74.69917297363287, 21.63109970092796], [74.69827270507841, 21.631509780883732], [74.69738006591814, 21.631950378418196], [74.696517944336, 21.632400512695426], [74.69564819335938, 21.632890701293945], [74.69477844238287, 21.633380889892805], [74.69396209716814, 21.633899688720703], [74.69313049316435, 21.634420394897575], [74.69230651855474, 21.63496017456066], [74.69149017334001, 21.63552284240717], [74.69069671630876, 21.63607978820812], [74.68990325927729, 21.636632919311523], [74.68910217285185, 21.637210845947322], [74.68830871582037, 21.637779235839844], [74.68753051757818, 21.638360977172965], [74.686752319336, 21.63894081115734], [74.68596649169922, 21.63953018188488], [74.68517303466814, 21.640110015869254], [74.68438720703125, 21.640699386596737], [74.683609008789, 21.641281127929744], [74.68282318115263, 21.641870498657227], [74.68205261230497, 21.642459869384766], [74.68126678466808, 21.64303970336914], [74.68047332763678, 21.643619537353516], [74.67970275878912, 21.644189834594783], [74.67888641357439, 21.644760131835994], [74.67809295654297, 21.64532279968273], [74.677299499512, 21.645879745483512], [74.67648315429693, 21.646419525146598], [74.67565917968767, 21.646989822387695], [74.67487335205095, 21.64754295349144], [74.67402648925793, 21.64809989929205], [74.6732025146485, 21.648620605468864], [74.67237091064453, 21.649150848388672], [74.67151641845709, 21.64965057373047], [74.67066192626953, 21.650110244751033], [74.66977691650396, 21.650558471679688], [74.66887664794933, 21.650970458984375], [74.66797637939447, 21.651340484619197], [74.66706085205095, 21.65168952941906], [74.66612243652361, 21.652019500732422], [74.66517639160156, 21.652320861816406], [74.66420745849626, 21.652610778808707], [74.66326141357439, 21.652870178222656], [74.66227722167986, 21.653121948242415], [74.66131591796875, 21.65335083007824], [74.6603317260745, 21.653551101684798], [74.65933990478527, 21.65374946594261], [74.65837097167974, 21.653930664062614], [74.65740203857428, 21.654100418090877], [74.6564331054688, 21.654270172119084], [74.6554260253908, 21.654420852661133], [74.65444946289062, 21.654571533203125], [74.65342712402355, 21.654710769653377], [74.65245819091803, 21.65484046936035], [74.65146636962896, 21.65497970581066], [74.65046691894548, 21.655107498169002], [74.64949035644531, 21.655229568481445], [74.64850616455107, 21.655349731445312], [74.64749908447271, 21.655471801757926], [74.64650726318365, 21.655599594116325], [74.6455307006836, 21.655731201171875], [74.6445388793947, 21.655839920044173], [74.64353179931669, 21.655969619750977], [74.64254760742199, 21.656101226806697], [74.64155578613287, 21.656240463256836], [74.64057159423828, 21.65637016296398], [74.63958740234392, 21.656509399414062], [74.63858032226591, 21.656660079956055], [74.63761138916044, 21.65682029724121], [74.63661193847662, 21.65698051452631], [74.63564300537115, 21.657150268554744], [74.6346511840822, 21.65733146667492], [74.63368988037126, 21.657520294189453], [74.63269805908203, 21.657728195190543], [74.63173675537104, 21.657930374145565], [74.63076019287138, 21.658140182495117], [74.62980651855497, 21.658359527587947], [74.62882232666027, 21.658590316772518], [74.62784576416021, 21.658821105957088], [74.62687683105474, 21.65904808044445], [74.62590789794928, 21.659282684326172], [74.62494659423834, 21.659521102905273], [74.62396240234392, 21.659759521484375], [74.62300109863298, 21.65999984741211], [74.62201690673828, 21.660230636596623], [74.62106323242188, 21.660470962524528], [74.62008666992216, 21.660707473754826], [74.61913299560575, 21.660949707031477], [74.61814117431652, 21.66118812561058], [74.61717987060558, 21.661399841308707], [74.61621093750006, 21.661630630493278], [74.61524200439459, 21.66184043884283], [74.61427307128912, 21.662050247192383], [74.61329650878906, 21.66226005554205], [74.6123123168947, 21.662460327148494], [74.61134338378906, 21.662630081176758], [74.610366821289, 21.66282081604004], [74.60939025878935, 21.662990570068473], [74.60839843750006, 21.66315269470215], [74.60742187500006, 21.663280487060547], [74.60639953613298, 21.663379669189567], [74.60537719726591, 21.663419723510856], [74.60434722900396, 21.66343116760254], [74.6033096313476, 21.663419723510856], [74.602279663086, 21.663379669189567], [74.60122680664062, 21.663328170776367], [74.60018920898443, 21.663280487060547], [74.59913635253906, 21.66323089599632], [74.59809875488287, 21.663198471069393], [74.59709167480474, 21.663169860839844], [74.59607696533203, 21.663169860839844], [74.59509277343778, 21.66321182250988], [74.59413909912138, 21.663280487060547], [74.5931930541995, 21.663408279418945], [74.59227752685564, 21.66358947753912], [74.59140777587896, 21.663831710815543], [74.5905532836914, 21.66415977478033], [74.58976745605463, 21.664648056030273], [74.58899688720732, 21.665269851684513], [74.58831024169922, 21.666019439697322], [74.58767700195307, 21.666830062866268], [74.5870895385745, 21.66772079467796], [74.58657073974626, 21.668621063232422], [74.58615112304682, 21.669530868530387], [74.585746765137, 21.67041015625], [74.58545684814459, 21.671249389648665], [74.58547210693365, 21.672109603881836], [74.58579254150408, 21.67300033569336], [74.58627319335943, 21.673919677734602], [74.58670043945341, 21.674858093261776], [74.58693695068376, 21.67579269409191], [74.58689117431669, 21.676700592041072], [74.58677673339861, 21.67766189575201], [74.58661651611334, 21.678659439086914], [74.58644104003912, 21.679662704467887], [74.58619689941423, 21.68066024780279], [74.58589935302746, 21.681631088256836], [74.58557128906244, 21.6825408935548], [74.5851593017581, 21.683380126953125], [74.584701538086, 21.6841201782226], [74.5841674804688, 21.684740066528263], [74.5834503173831, 21.68513107299816], [74.58248901367216, 21.685279846191406], [74.58141326904314, 21.685270309448242], [74.58027648925798, 21.685140609741268], [74.5791625976563, 21.68499946594244], [74.578140258789, 21.684869766235465], [74.57713317871105, 21.684780120849553], [74.57611846923834, 21.68466949462902], [74.57507324218778, 21.68456268310547], [74.57405090332037, 21.68443107604992], [74.57302093505876, 21.68431091308588], [74.57200622558622, 21.68416023254389], [74.57099151611334, 21.683990478515625], [74.5700073242188, 21.683801651000977], [74.56906127929693, 21.683570861816406], [74.56813812255865, 21.68332290649414], [74.56726074218744, 21.683029174804688], [74.56652069091797, 21.6825981140139], [74.56636047363298, 21.681539535522575], [74.56626129150402, 21.68045043945324], [74.56569671630888, 21.67996025085455], [74.56476593017607, 21.679849624633846], [74.56371307373053, 21.67990112304699], [74.56262969970714, 21.680089950561523], [74.56160736083984, 21.68042182922369], [74.56072998046886, 21.68086051940918], [74.55980682373075, 21.681430816650447], [74.5588760375976, 21.682081222534237], [74.55800628662115, 21.682790756225586], [74.5572967529298, 21.683532714843693], [74.55680084228533, 21.68425941467308], [74.55661010742205, 21.68494033813488], [74.55694580078153, 21.68555068969721], [74.5577392578125, 21.686109542846793], [74.5587768554688, 21.686679840087834], [74.55977630615246, 21.68729019165039], [74.56054687500028, 21.687990188598633], [74.56086730957037, 21.68882751464855], [74.56105804443365, 21.68970108032238], [74.56121063232439, 21.690599441528434], [74.56130981445341, 21.691511154174748], [74.56137847900408, 21.69244194030773], [74.56143951416021, 21.693389892578182], [74.56147003173834, 21.694339752197266], [74.5614624023438, 21.695301055908203], [74.56141662597656, 21.69627952575678], [74.56137847900408, 21.697229385376204], [74.561332702637, 21.698200225830078], [74.56124877929693, 21.69915962219244], [74.56115722656244, 21.700120925903377], [74.56107330322271, 21.701049804687614], [74.56096649169916, 21.70198059082037], [74.56079864501953, 21.702890396118164], [74.56056976318388, 21.70380020141613], [74.56024932861345, 21.70470046997076], [74.5598983764649, 21.70560073852539], [74.55948638916033, 21.70646286010748], [74.5590362548831, 21.70730972290039], [74.55856323242193, 21.708160400390625], [74.55806732177763, 21.708980560302848], [74.55760955810553, 21.70984077453619], [74.55713653564482, 21.710739135742244], [74.55667877197271, 21.711669921875057], [74.55621337890625, 21.712610244750977], [74.55573272705084, 21.713550567627067], [74.555229187012, 21.714479446411076], [74.55471038818376, 21.71537017822277], [74.55417633056646, 21.71623039245611], [74.55362701416021, 21.717018127441634], [74.55303192138678, 21.71774101257347], [74.55237579345732, 21.718399047851676], [74.5517196655274, 21.71894836425787], [74.5509872436524, 21.71939277648937], [74.55020141601568, 21.719707489013672], [74.54940032958984, 21.71991920471197], [74.54852294921886, 21.720029830932845], [74.547622680664, 21.720029830932845], [74.54664611816435, 21.719970703124943], [74.54567718505888, 21.719829559326286], [74.54467010498053, 21.719650268554688], [74.54366302490251, 21.71940994262718], [74.54261779785185, 21.71915054321289], [74.54155731201189, 21.71887969970703], [74.54049682617193, 21.718610763549805], [74.53943634033203, 21.718328475952205], [74.5383911132813, 21.718090057373104], [74.53734588623064, 21.717870712280273], [74.53631591796886, 21.717699050903434], [74.53530883789068, 21.717582702636776], [74.53431701660173, 21.71754074096691], [74.53333282470703, 21.717491149902287], [74.53231048583996, 21.71747016906744], [74.53131866455084, 21.71747016906744], [74.53031921386736, 21.717479705810604], [74.52929687500028, 21.71754074096691], [74.52832031250028, 21.717582702636776], [74.52731323242193, 21.717630386352596], [74.52630615234392, 21.717721939086857], [74.5253067016601, 21.717809677124137], [74.52433013916044, 21.717918395996094], [74.52333831787121, 21.718080520629996], [74.52234649658209, 21.718282699585018], [74.52139282226568, 21.71850967407238], [74.52041625976568, 21.718790054321516], [74.51947784423834, 21.7191104888916], [74.51854705810553, 21.719470977783317], [74.517631530762, 21.719869613647575], [74.51671600341791, 21.72029113769537], [74.51583862304693, 21.72076034545904], [74.51497650146513, 21.721281051635742], [74.51422119140653, 21.72187995910656], [74.51352691650408, 21.722530364990348], [74.51288604736357, 21.723260879516545], [74.51226043701178, 21.724090576171932], [74.5117568969726, 21.724950790405273], [74.51138305664057, 21.72585105895996], [74.51122283935564, 21.72674942016596], [74.5112533569336, 21.727649688720817], [74.51135253906278, 21.72854804992687], [74.5115203857423, 21.72944068908697], [74.51174926757841, 21.73033905029297], [74.51197814941423, 21.73125076293951], [74.5122680664063, 21.73216247558605], [74.51255798339861, 21.733079910278377], [74.51286315917997, 21.733980178833008], [74.51317596435553, 21.734909057617188], [74.51348876953125, 21.735822677612305], [74.5137557983399, 21.73676109313965], [74.51403808593778, 21.737670898437614], [74.5142593383789, 21.738582611083984], [74.51447296142595, 21.739509582519588], [74.51463317871094, 21.740430831909407], [74.51471710205084, 21.74135017395031], [74.51471710205084, 21.74228096008312], [74.51461791992182, 21.74323081970215], [74.51447296142595, 21.744169235229492], [74.51426696777361, 21.74513053894043], [74.51407623291033, 21.74608993530279], [74.51386260986322, 21.74703979492199], [74.51365661621122, 21.74798011779791], [74.51354217529297, 21.74891090393072], [74.51348876953125, 21.74981117248535], [74.51352691650408, 21.750690460205305], [74.51378631591803, 21.75152969360346], [74.5143661499024, 21.752260208129826], [74.51516723632841, 21.75293922424322], [74.51599121093767, 21.753610610961914], [74.51666259765636, 21.75435066223139], [74.51700592041021, 21.755180358886776], [74.51721191406256, 21.756080627441406], [74.51740264892584, 21.75699996948248], [74.51757049560553, 21.7579402923584], [74.51769256591797, 21.75889968872076], [74.51780700683605, 21.75987052917486], [74.51788330078125, 21.7608318328858], [74.51790618896501, 21.761789321899357], [74.51789855957048, 21.76276016235363], [74.5178604125976, 21.76370811462425], [74.5177307128908, 21.76463127136236], [74.51759338378912, 21.76554107666027], [74.5173568725586, 21.766399383545036], [74.51700592041021, 21.767230987548828], [74.51653289794916, 21.76803016662609], [74.5159683227539, 21.768800735473746], [74.51529693603521, 21.7695693969726], [74.51463317871094, 21.7703094482423], [74.51393127441412, 21.77103042602539], [74.51320648193365, 21.771760940551758], [74.51257324218767, 21.772470474243107], [74.51185607910162, 21.773120880126953], [74.51101684570312, 21.773700714111328], [74.51021575927763, 21.774271011352596], [74.50946044921903, 21.7749080657959], [74.50888061523466, 21.77561950683605], [74.5084075927735, 21.776428222656193], [74.50800323486345, 21.77726936340332], [74.50763702392584, 21.778141021728572], [74.5072860717774, 21.779029846191463], [74.50695800781278, 21.779939651489258], [74.50665283203142, 21.78083038330078], [74.506332397461, 21.78174018859869], [74.5059661865235, 21.782609939575195], [74.50315856933622, 21.797800064087028], [74.503646850586, 21.80718231201172], [74.50932312011736, 21.815879821777457], [74.51181793212908, 21.82122993469244], [74.51699829101568, 21.8564910888673], [74.51747894287104, 21.874900817871094], [74.5177612304688, 21.88624000549322], [74.51843261718744, 21.890110015869368], [74.52146911621122, 21.895509719848633], [74.5274658203125, 21.903450012206974], [74.52749633789068, 21.908781051635742], [74.52398681640625, 21.91306114196783], [74.5173568725586, 21.91755104064947], [74.51464080810547, 21.92246818542492], [74.51560974121111, 21.927871704101506], [74.5155563354495, 21.933919906616154], [74.49678039550787, 21.9464111328125], [74.49233245849626, 21.945461273193473], [74.48985290527361, 21.9471492767334], [74.49340057373058, 21.95449066162132], [74.4892883300783, 21.956760406494084], [74.48568725585955, 21.957532882690543], [74.4844970703125, 21.960750579834098], [74.48293304443388, 21.962440490722656], [74.47785949707048, 21.961549758911133], [74.47512054443388, 21.96270942687994], [74.47218322753912, 21.965520858764705], [74.4673233032226, 21.964799880981445], [74.46415710449224, 21.963211059570312], [74.45996856689459, 21.962831497192326], [74.45170593261736, 21.967500686645735], [74.44863891601562, 21.971130371093864], [74.44718170166021, 21.976270675659123], [74.4430389404298, 21.98306846618658], [74.44262695312506, 21.99362945556652], [74.44107818603521, 21.996440887451115], [74.43627929687517, 21.999481201171932], [74.43621826171903, 22.002229690551815], [74.44380950927746, 22.006160736083928], [74.4457321166995, 22.006851196289062], [74.44995117187528, 22.00546264648449], [74.45391845703136, 22.002269744873274], [74.45381927490251, 22.006170272827262], [74.45150756835938, 22.00896835327154], [74.44764709472685, 22.012479782104606], [74.4445190429688, 22.015991210937443], [74.44255828857439, 22.0216007232666], [74.44603729248053, 22.026519775390625], [74.43945312500028, 22.026519775390625], [74.43554687500006, 22.030998229980526], [74.4177474975586, 22.025810241699276], [74.40651702880876, 22.024400711059684], [74.39643859863287, 22.023702621460018], [74.38831329345732, 22.0201797485351], [74.38366699218756, 22.011751174926985], [74.37818145751959, 22.002170562744084], [74.37718963623053, 22.000850677490234], [74.37664031982428, 22.00004005432129], [74.37609863281261, 21.99925041198736], [74.37552642822277, 21.998439788818416], [74.37496185302763, 21.997671127319336], [74.37438201904308, 21.996910095214787], [74.37375640869146, 21.996189117431697], [74.37310791015625, 21.99549102783226], [74.37238311767595, 21.994871139526595], [74.37159729003923, 21.99434280395502], [74.37069702148443, 21.993919372558594], [74.36974334716803, 21.993568420410213], [74.36875915527361, 21.993249893188704], [74.36778259277361, 21.992910385131836], [74.3668518066408, 21.99253082275385], [74.366020202637, 21.99204063415533], [74.36531066894548, 21.991441726684513], [74.36463928222662, 21.99076080322277], [74.36400604248047, 21.99003982543951], [74.36342620849626, 21.98929023742687], [74.36286926269537, 21.988500595092773], [74.36235046386724, 21.987699508667106], [74.36180877685575, 21.986890792846737], [74.3612670898437, 21.98608016967779], [74.3607482910158, 21.98526000976574], [74.36019134521484, 21.98446273803711], [74.35962677001959, 21.983680725097713], [74.3590164184572, 21.982919692993164], [74.3584213256836, 21.982200622558707], [74.35775756835943, 21.98151016235363], [74.35700988769537, 21.9808807373048], [74.35626220703136, 21.980289459228516], [74.35546112060553, 21.97972106933605], [74.35463714599626, 21.979198455810604], [74.35378265380871, 21.978691101074276], [74.35289764404297, 21.978210449218864], [74.35202026367193, 21.97774124145502], [74.35114288330107, 21.97729110717779], [74.35024261474626, 21.97682952880865], [74.34935760498053, 21.97639083862316], [74.34844970703153, 21.97599983215332], [74.34749603271513, 21.97565078735346], [74.34652709960949, 21.97541046142578], [74.34555816650396, 21.9752197265625], [74.34455108642578, 21.975099563598633], [74.34358215332048, 21.975009918212947], [74.34258270263666, 21.974920272827262], [74.34158325195341, 21.97486114501953], [74.34057617187506, 21.974779129028377], [74.33957672119158, 21.974708557129134], [74.33859252929688, 21.97466278076172], [74.3375778198245, 21.974599838256836], [74.33660125732428, 21.97455024719244], [74.3355789184572, 21.97451019287132], [74.33458709716797, 21.97445106506342], [74.33360290527372, 21.97441101074213], [74.3325805664063, 21.974372863769645], [74.33158874511724, 21.97431945800804], [74.33058166503906, 21.974269866943473], [74.32958984375028, 21.974218368530273], [74.32858276367193, 21.97417259216303], [74.32758331298834, 21.974121093750057], [74.32656860351562, 21.974050521850586], [74.32557678222685, 21.973979949951172], [74.32459259033214, 21.97392082214361], [74.3235931396485, 21.973831176757756], [74.32260131835955, 21.973728179931754], [74.321586608887, 21.97364997863781], [74.32058715820324, 21.973590850830078], [74.31958007812506, 21.973520278930664], [74.31857299804705, 21.973421096801985], [74.3175582885745, 21.97333145141613], [74.31655120849615, 21.973230361938704], [74.31555175781267, 21.97310066223156], [74.3145523071289, 21.972969055175838], [74.31356811523466, 21.972810745239258], [74.31260681152372, 21.9726181030274], [74.31165313720732, 21.972400665283146], [74.31067657470714, 21.97215080261236], [74.30976104736357, 21.97186088562023], [74.30883026123047, 21.971519470214957], [74.30790710449236, 21.971130371093864], [74.30699920654303, 21.97068977355957], [74.3061065673831, 21.9702205657959], [74.30523681640642, 21.9697208404541], [74.3043975830081, 21.969179153442383], [74.30358886718756, 21.968620300293026], [74.30280303955084, 21.96804046630865], [74.30204010009771, 21.967439651489258], [74.30136108398466, 21.966800689697322], [74.30079650878935, 21.966051101684684], [74.30030059814453, 21.96521949768089], [74.29987335205078, 21.96433067321783], [74.2994766235351, 21.963449478149414], [74.29910278320312, 21.9625701904298], [74.29875946044939, 21.96169090271019], [74.29843139648443, 21.960819244384766], [74.29808044433605, 21.95992088317871], [74.29776000976557, 21.959030151367188], [74.29749298095709, 21.95813179016119], [74.29721069335955, 21.957218170166016], [74.29696655273466, 21.956310272216854], [74.29677581787138, 21.955400466918945], [74.29656982421903, 21.95449066162132], [74.29641723632807, 21.953569412231502], [74.29631042480474, 21.95263099670433], [74.29621124267607, 21.95169830322277], [74.29611968994146, 21.950759887695256], [74.2960357666015, 21.9498291015625], [74.29593658447271, 21.948890686035156], [74.29585266113276, 21.947950363159407], [74.29570770263689, 21.94703292846674], [74.2955932617188, 21.946098327636946], [74.29538726806646, 21.94518089294428], [74.29521179199224, 21.944250106811523], [74.29502105712896, 21.94330024719244], [74.29480743408209, 21.94236755371088], [74.29454803466814, 21.94145011901861], [74.29425811767584, 21.94055938720726], [74.29387664794928, 21.939701080322493], [74.29345703125006, 21.93888092041027], [74.2929077148438, 21.93806076049816], [74.29225921630876, 21.937250137329215], [74.29148864746111, 21.93658256530773], [74.29064941406261, 21.936059951782283], [74.28971099853544, 21.935791015625227], [74.2887496948245, 21.9356307983399], [74.2877960205081, 21.93548011779791], [74.28681945800787, 21.935342788696403], [74.28584289550787, 21.93518829345703], [74.28486633300787, 21.935079574584904], [74.28389739990234, 21.93494987487793], [74.28291320800798, 21.934839248657227], [74.28190612792997, 21.934740066528434], [74.28092193603527, 21.934640884399414], [74.27992248535162, 21.9345512390139], [74.27893066406267, 21.93445968627924], [74.2779312133789, 21.93437957763672], [74.27691650390636, 21.93429946899414], [74.27591705322271, 21.934230804443473], [74.2749099731447, 21.93416023254406], [74.27390289306669, 21.934091567993164], [74.2728881835938, 21.934019088745174], [74.27189636230474, 21.933940887451172], [74.27086639404291, 21.93388175964367], [74.26988983154325, 21.93380928039562], [74.2688827514649, 21.933740615844954], [74.26786041259783, 21.933668136596737], [74.26685333251947, 21.933597564697493], [74.26584625244152, 21.933521270751953], [74.2648315429688, 21.933441162109375], [74.26383972167986, 21.933361053466797], [74.26284027099638, 21.933269500732536], [74.26183319091803, 21.933170318603516], [74.26085662841803, 21.933071136474723], [74.25985717773455, 21.932960510253963], [74.25885772705078, 21.932851791381836], [74.25785827636747, 21.93272972106945], [74.25686645507818, 21.93259048461914], [74.25586700439459, 21.932441711425724], [74.2548904418947, 21.932310104370345], [74.25390625, 21.932149887085018], [74.25290679931669, 21.93200111389166], [74.25193023681652, 21.93182945251459], [74.25093078613287, 21.93168258666998], [74.24994659423828, 21.9314994812014], [74.24896240234392, 21.931341171264705], [74.24798583984375, 21.931179046630973], [74.2470016479495, 21.931011199951115], [74.24603271484403, 21.93084144592285], [74.24503326416021, 21.93069076538086], [74.2440261840822, 21.93053054809576], [74.24304199218767, 21.930389404296875], [74.24208068847656, 21.930250167846793], [74.24108123779325, 21.930110931396484], [74.24009704589855, 21.929990768432617], [74.2390975952149, 21.929870605468807], [74.23809051513689, 21.929759979248104], [74.23710632324213, 21.929660797119254], [74.23610687255888, 21.92963027954113], [74.23510742187506, 21.929639816284407], [74.23412322998053, 21.929700851440543], [74.23310852050781, 21.92978096008312], [74.23208618164074, 21.929880142211914], [74.23108673095709, 21.929960250854492], [74.23008728027361, 21.930019378662223], [74.22908782958979, 21.93004035949707], [74.22809600830107, 21.93000984191889], [74.22709655761724, 21.929901123046932], [74.22614288330084, 21.929759979248104], [74.22513580322283, 21.929588317871037], [74.22416687011736, 21.929412841796875], [74.22319030761719, 21.929201126098746], [74.22219848632841, 21.9290008544923], [74.22122955322294, 21.928779602050895], [74.22026824951183, 21.92855072021507], [74.21927642822271, 21.92831993103033], [74.21830749511724, 21.928091049194393], [74.21733093261719, 21.92784118652355], [74.21636962890642, 21.92759132385254], [74.21539306640642, 21.92736053466797], [74.21440887451166, 21.92712020874046], [74.213432312012, 21.926879882812614], [74.21246337890653, 21.926660537719783], [74.21147918701178, 21.92645072937023], [74.21051788330084, 21.926240921020508], [74.20952606201178, 21.926059722900334], [74.20855712890625, 21.925870895385856], [74.20758056640642, 21.92571830749506], [74.20658874511713, 21.92557907104498], [74.205619812012, 21.92547035217285], [74.204643249512, 21.92541122436529], [74.20362091064459, 21.92539978027338], [74.20262145996111, 21.92543983459467], [74.2016372680664, 21.925529479980582], [74.2006378173831, 21.925649642944393], [74.19962310791021, 21.925800323486385], [74.19863128662126, 21.92597007751465], [74.19763946533203, 21.926139831543082], [74.19666290283197, 21.926338195800724], [74.19567108154325, 21.9265193939209], [74.19467926025396, 21.92671012878418], [74.19367980957031, 21.92690086364746], [74.19268798828142, 21.927110671997184], [74.19169616699247, 21.92733955383295], [74.19069671630871, 21.92760276794445], [74.1897430419923, 21.92790031433111], [74.18882751464872, 21.928222656250114], [74.18792724609392, 21.928640365600586], [74.1870880126956, 21.929107666015682], [74.18630981445324, 21.929639816284407], [74.18554687500011, 21.930221557617188], [74.18480682373075, 21.93084144592285], [74.18408966064453, 21.93151092529297], [74.18341827392584, 21.93219947814947], [74.18273162841825, 21.93292045593273], [74.1820678710938, 21.933650970459098], [74.18144226074236, 21.934391021728572], [74.18080902099638, 21.93514060974121], [74.180160522461, 21.935880661010742], [74.17952728271501, 21.93661117553711], [74.17893218994135, 21.93735122680664], [74.17839050292986, 21.93814086914074], [74.17787170410162, 21.938949584960938], [74.17735290527355, 21.939760208129883], [74.176811218262, 21.94055938720726], [74.17624664306669, 21.941341400146484], [74.17563629150402, 21.94205284118658], [74.17494201660156, 21.942731857299805], [74.17418670654314, 21.94338035583519], [74.17343902587908, 21.94398117065424], [74.17260742187528, 21.944549560546932], [74.17179107666021, 21.945091247558594], [74.17095184326189, 21.945579528808707], [74.17011260986357, 21.946081161499137], [74.16924285888689, 21.946550369262752], [74.16839599609403, 21.94704055786127], [74.16752624511736, 21.947521209717024], [74.16665649414068, 21.948009490966797], [74.16578674316406, 21.948461532592773], [74.16490936279303, 21.948938369750977], [74.16404724121088, 21.949399948120117], [74.16316223144531, 21.949850082397518], [74.16226959228521, 21.95030021667492], [74.1614074707033, 21.95074081420904], [74.1605072021485, 21.951169967651424], [74.1596221923831, 21.951589584350643], [74.15872192382812, 21.952011108398665], [74.15780639648455, 21.952409744262752], [74.1569213867188, 21.952800750732422], [74.15598297119152, 21.953109741210938], [74.15500640869146, 21.95334815979004], [74.15400695800781, 21.953569412231502], [74.15302276611345, 21.953699111938477], [74.15202331542997, 21.95386123657238], [74.15101623535162, 21.953960418701172], [74.15003204345709, 21.954010009765568], [74.14904022216814, 21.954030990600643], [74.14803314208979, 21.95404052734375], [74.14702606201183, 21.95404052734375], [74.14601898193365, 21.954059600830192], [74.14467620849615, 21.956569671630803], [74.14890289306646, 21.96071052551281], [74.14534759521513, 21.964611053466797], [74.14335632324224, 21.9698810577392], [74.14366912841814, 21.972221374511946], [74.14560699462908, 21.97400093078619], [74.1532058715822, 21.975570678710938], [74.15186309814453, 21.980890274047965], [74.15384674072271, 21.986419677734318], [74.14959716796892, 21.98880958557129], [74.14198303222673, 21.991231918335018], [74.12773132324224, 21.99376106262207], [74.1168899536134, 21.998630523681697], [74.10820770263689, 21.99835968017601], [74.10500335693365, 21.998939514160213], [74.10034179687494, 22.001592636108512], [74.10045623779303, 22.010559082031477], [74.09770202636736, 22.01545906066889], [74.10118865966803, 22.018280029296818], [74.10890197753935, 22.021810531616325], [74.11664581298834, 22.02464103698736], [74.12088775634777, 22.030269622802734], [74.12512969970732, 22.035890579223633], [74.13208007812506, 22.038730621338004], [74.14100646972673, 22.0408611297608], [74.14523315429688, 22.043680191040153], [74.14404296875, 22.047889709472656], [74.13939666748058, 22.05068969726574], [74.13783264160162, 22.05350112915039], [74.14906311035162, 22.056320190429744], [74.15447998046903, 22.057750701904354], [74.16298675537115, 22.060569763183707], [74.16336822509771, 22.064090728759822], [74.16179656982439, 22.071109771728572], [74.16487884521484, 22.073932647705078], [74.16602325439453, 22.078140258789176], [74.16755676269537, 22.08236122131359], [74.17064666748053, 22.084470748901367], [74.17646026611328, 22.084491729736385], [74.18070983886719, 22.08660125732422], [74.17875671386719, 22.09011077880865], [74.17527008056669, 22.091510772705135], [74.17215728759771, 22.093601226806697], [74.17411041259777, 22.096410751342887], [74.17214202880865, 22.098529815673828], [74.17021179199236, 22.10132980346691], [74.16554260253935, 22.102718353271484], [74.1620483398438, 22.102710723876953], [74.15856170654314, 22.102001190185604], [74.15621185302763, 22.104099273681697], [74.15466308593778, 22.1055011749267], [74.1500091552735, 22.104089736938533], [74.14382171630888, 22.101261138916243], [74.1380004882813, 22.098451614379883], [74.1325912475586, 22.09632110595703], [74.13027191162138, 22.097709655761776], [74.12906646728521, 22.10333824157715], [74.12905883789068, 22.108251571655217], [74.13020324707037, 22.113870620727653], [74.13134765625006, 22.120199203491268], [74.13130950927734, 22.124410629272518], [74.12782287597656, 22.12721061706543], [74.12663269042997, 22.132120132446346], [74.12738037109386, 22.137741088867188], [74.12967681884794, 22.14266014099121], [74.13355255126953, 22.146192550659293], [74.13314056396513, 22.153219223022575], [74.13349151611357, 22.158130645752067], [74.13504028320341, 22.161649703979606], [74.1318969726563, 22.16444015502941], [74.126480102539, 22.16654014587425], [74.12490844726591, 22.172159194946516], [74.12409973144537, 22.177761077880916], [74.12291717529297, 22.181980133056754], [74.12211608886736, 22.187601089477596], [74.12364196777361, 22.19252014160179], [74.12245941162138, 22.19812965393072], [74.12124633789068, 22.205150604248047], [74.12240600585943, 22.20866012573248], [74.12277984619146, 22.212900161743164], [74.1192703247072, 22.216381072998047], [74.11383056640636, 22.21918106079113], [74.10761260986328, 22.220569610595703], [74.10177612304693, 22.22056007385254], [74.09440612792997, 22.22124099731451], [74.08744049072266, 22.220510482788313], [74.08159637451183, 22.220500946045036], [74.07578277587908, 22.22187805175787], [74.07338714599615, 22.229600906372127], [74.07454681396496, 22.234529495239485], [74.07842254638672, 22.237358093261776], [74.08460998535162, 22.23805809021019], [74.08928680419916, 22.240190505981445], [74.09158325195312, 22.243700027465877], [74.08922576904308, 22.24720954895014], [74.08535003662115, 22.247900009155273], [74.08067321777372, 22.249990463256836], [74.07872772216803, 22.252780914306584], [74.07987213134771, 22.258420944213867], [74.07943725585943, 22.263338088989485], [74.07826995849626, 22.26824760437023], [74.07242584228521, 22.268930435180778], [74.06891632080095, 22.272430419921932], [74.06463623046903, 22.275930404663086], [74.06149291992205, 22.280841827392578], [74.05915069580072, 22.285749435425032], [74.0598907470706, 22.29067039489746], [74.05832672119152, 22.293481826782283], [74.05790710449224, 22.29980087280279], [74.05905151367193, 22.305410385131893], [74.06254577636747, 22.306840896606502], [74.0664367675783, 22.30544281005882], [74.0668029785158, 22.31105995178234], [74.06674194335966, 22.31739044189453], [74.06828308105497, 22.325822830200195], [74.06826782226591, 22.33073043823248], [74.07405853271501, 22.336381912231673], [74.07596588134783, 22.3413028717041], [74.07438659667997, 22.346210479736442], [74.07164764404303, 22.349010467529354], [74.07084655761719, 22.35462951660162], [74.07198333740251, 22.360240936279297], [74.07702636718761, 22.362380981445312], [74.08364105224615, 22.36239051818859], [74.089859008789, 22.36241912841797], [74.0952758789063, 22.362440109252987], [74.09836578369146, 22.36876106262207], [74.09989929199224, 22.372978210449276], [74.10534667968767, 22.37299156188959], [74.11196136474638, 22.371612548828182], [74.11508941650408, 22.367401123046932], [74.11627960205084, 22.361089706421126], [74.11709594726591, 22.35757064819336], [74.12445831298834, 22.358301162719783], [74.12914276123041, 22.35268974304222], [74.13034820556658, 22.343559265136776], [74.1315307617188, 22.337949752807617], [74.134292602539, 22.33233070373535], [74.14362335205107, 22.330261230468807], [74.15409851074247, 22.328870773315487], [74.16384124755888, 22.326789855957088], [74.17588806152344, 22.324712753296012], [74.18406677246122, 22.32261085510254], [74.19106292724615, 22.321929931640568], [74.19568634033232, 22.325439453125057], [74.19644165039091, 22.33390045166027], [74.19484710693365, 22.343719482421875], [74.19483184814459, 22.349340438842717], [74.19754028320318, 22.350738525390568], [74.19795989990263, 22.347932815551758], [74.19834899902372, 22.343019485473633], [74.20221710205078, 22.343030929565543], [74.20533752441412, 22.347949981689567], [74.20609283447271, 22.35357093811041], [74.20565795898455, 22.359899520874023], [74.20603942871111, 22.363410949707088], [74.20680236816423, 22.367620468139762], [74.20993041992193, 22.3662109375], [74.21111297607433, 22.362730026245117], [74.21344757080072, 22.35921096801752], [74.2165603637697, 22.35781288146984], [74.22355651855463, 22.357830047607536], [74.22704315185564, 22.358539581298885], [74.22663116455078, 22.36485290527338], [74.22738647460938, 22.369070053100643], [74.22737884521479, 22.37259292602539], [74.22582244873075, 22.375400543213004], [74.22543334960966, 22.378200531006087], [74.23085021972673, 22.37962150573742], [74.23515319824247, 22.378210067749023], [74.24019622802751, 22.376819610595703], [74.24563598632824, 22.377531051635856], [74.24600982666027, 22.3831596374514], [74.24951934814453, 22.3831596374514], [74.25300598144537, 22.383871078491154], [74.25611114501959, 22.385990142822266], [74.25685882568365, 22.39019966125494], [74.25723266601568, 22.395111083984432], [74.25798797607428, 22.400030136108512], [74.26345062255876, 22.396539688110465], [74.26850891113287, 22.39443016052246], [74.27394866943376, 22.39303970336914], [74.28135681152338, 22.393751144409293], [74.2871932983399, 22.39306068420416], [74.291069030762, 22.39166069030773], [74.29418182373064, 22.394468307495345], [74.28830718994146, 22.39797973632824], [74.28172302246122, 22.40007972717291], [74.27820587158209, 22.40287971496582], [74.27471160888689, 22.403579711914062], [74.27120971679716, 22.404981613159237], [74.27001190185553, 22.410591125488395], [74.26999664306646, 22.414810180664006], [74.26648712158203, 22.418319702148438], [74.2641220092774, 22.42464065551752], [74.25945281982439, 22.428850173950195], [74.25402069091808, 22.43305969238287], [74.24659729003935, 22.436540603637752], [74.2372589111331, 22.439340591430664], [74.22831726074247, 22.4400310516358], [74.22364044189459, 22.44001007080078], [74.22054290771501, 22.44211959838873], [74.21856689453153, 22.44281959533714], [74.21663665771496, 22.439319610595646], [74.21626281738293, 22.434391021728516], [74.21160125732439, 22.43437004089367], [74.20461273193365, 22.437171936035156], [74.20459747314459, 22.440679550171012], [74.20455169677734, 22.447010040283203], [74.2049331665039, 22.45474052429222], [74.20450592041016, 22.461050033569393], [74.20449066162104, 22.4666805267334], [74.20252990722668, 22.472299575805664], [74.19785308837908, 22.475099563598746], [74.19082641601568, 22.477880477905387], [74.18541717529291, 22.469440460205192], [74.18270874023466, 22.464530944824276], [74.18234252929716, 22.460300445556584], [74.18430328369158, 22.45609092712408], [74.18624877929693, 22.45259284973156], [74.18743133544928, 22.447671890258732], [74.18667602539068, 22.44415092468256], [74.18280029296892, 22.442750930786133], [74.17267608642595, 22.442012786865234], [74.1715393066408, 22.43779182434082], [74.17077636718767, 22.43358039855957], [74.16728210449247, 22.43217086791998], [74.1610717773438, 22.43215942382824], [74.15873718261736, 22.434949874878043], [74.15598297119152, 22.43987274169922], [74.15596008300787, 22.44548988342308], [74.156723022461, 22.450410842895508], [74.15628814697283, 22.45673179626459], [74.15122985839872, 22.456718444824276], [74.14424896240251, 22.456710815429744], [74.14074707031278, 22.453878402709904], [74.13728332519537, 22.44824981689453], [74.13417816162115, 22.44262123107933], [74.1311111450197, 22.436290740966797], [74.1307373046875, 22.429969787597713], [74.13037872314459, 22.42505073547369], [74.13037872314459, 22.4215412139892], [74.12689971923845, 22.420129776001033], [74.1230010986331, 22.420810699463004], [74.1163711547851, 22.426420211791992], [74.11051940917969, 22.42921066284174], [74.10507202148466, 22.433410644531307], [74.10270690917974, 22.43973159790039], [74.10073852539062, 22.445341110229492], [74.10225677490229, 22.450969696044865], [74.10573577880876, 22.455890655517692], [74.1061096191408, 22.4622097015382], [74.10334777832043, 22.46783065795904], [74.10024261474615, 22.469232559204045], [74.09517669677763, 22.46920967102062], [74.09050750732428, 22.469200134277344], [74.08583831787138, 22.4670791625976], [74.07808685302751, 22.465642929077262], [74.07843017578125, 22.473390579223746], [74.07878875732416, 22.481111526489258], [74.08030700683622, 22.48603057861328], [74.08344268798834, 22.484630584717024], [74.0853881835938, 22.481821060180607], [74.08889770507807, 22.479732513427848], [74.09043884277344, 22.4825496673584], [74.08963775634794, 22.488870620727482], [74.08727264404303, 22.4937801361084], [74.0857009887697, 22.498701095580998], [74.08644866943376, 22.505020141601676], [74.08526611328153, 22.508518218994254], [74.08136749267584, 22.508518218994254], [74.07865142822283, 22.50921058654791], [74.07396697998058, 22.510599136352653], [74.06968688964861, 22.509880065918026], [74.0650177001956, 22.510570526123274], [74.06188964843756, 22.511260986328182], [74.05879974365251, 22.510549545288086], [74.05609893798822, 22.50562858581543], [74.05455780029325, 22.50139808654791], [74.0499114990235, 22.49998283386242], [74.04640960693376, 22.497159957885685], [74.04566955566406, 22.49294281005865], [74.04293823242182, 22.490829467773665], [74.0370864868164, 22.491510391235465], [74.0359191894533, 22.49641990661621], [74.03511047363276, 22.50274276733404], [74.03466796875006, 22.508369445800838], [74.03893280029291, 22.51400184631359], [74.04358673095709, 22.516820907592717], [74.04315948486345, 22.523849487304744], [74.04078674316418, 22.53016090393072], [74.04231262207043, 22.537189483642578], [74.04463958740263, 22.542121887207088], [74.05004119873064, 22.54565048217779], [74.05628204345697, 22.54778289794922], [74.06674957275419, 22.550899505615178], [74.07805633544939, 22.55162811279297], [74.08428955078153, 22.549551010131893], [74.09327697753935, 22.54465103149414], [74.10069274902372, 22.541170120239258], [74.10575103759766, 22.537670135498104], [74.10964965820341, 22.538391113281364], [74.11351776123047, 22.541200637817383], [74.1185989379884, 22.539810180664062], [74.12211608886736, 22.53560829162592], [74.12484741210943, 22.530000686645565], [74.12760925292997, 22.524379730224723], [74.12995910644548, 22.521589279174748], [74.13347625732433, 22.5187797546389], [74.13852691650408, 22.520191192626896], [74.14321136474621, 22.518800735473746], [74.14788818359392, 22.51811027526867], [74.15332031250011, 22.517419815063533], [74.15680694580072, 22.520940780639705], [74.15795135498041, 22.526569366455135], [74.15753936767607, 22.532190322875977], [74.15869140625028, 22.534299850463924], [74.16295623779314, 22.53712081909191], [74.168022155762, 22.5413494110108], [74.17265319824219, 22.544868469238395], [74.17887115478527, 22.54840087890625], [74.18431854248064, 22.54981040954584], [74.1917114257812, 22.553350448608626], [74.1951980590822, 22.55686950683605], [74.19557952880876, 22.56038093566906], [74.19519042968767, 22.562488555908317], [74.19007873535162, 22.567401885986385], [74.19941711425787, 22.57022094726574], [74.2033233642581, 22.56812095642084], [74.2095565795899, 22.56673049926752], [74.21383666992182, 22.56744003295904], [74.21652221679688, 22.57798957824707], [74.218490600586, 22.581510543823242], [74.22274017333996, 22.58152008056635], [74.22622680664057, 22.585029602050838], [74.22737121582026, 22.59065818786621], [74.23008728027361, 22.59699058532715], [74.23432922363287, 22.606830596923828], [74.2366561889649, 22.61387062072754], [74.24365997314459, 22.61387062072754], [74.24754333496105, 22.617401123046875], [74.24986267089872, 22.62302017211914], [74.25374603271501, 22.62302970886242], [74.25763702392584, 22.624441146850586], [74.25840759277355, 22.62655067443859], [74.25644683837896, 22.630760192871094], [74.25641632080095, 22.635681152343693], [74.25914764404303, 22.636390686035213], [74.26226806640653, 22.638509750366154], [74.26342773437494, 22.64272117614746], [74.26535797119158, 22.64483070373541], [74.26925659179693, 22.643440246582088], [74.27160644531278, 22.641332626342887], [74.27355194091797, 22.640632629394645], [74.27472686767595, 22.642740249633903], [74.27822113037115, 22.647661209106673], [74.28991699218778, 22.643449783325252], [74.29458618164068, 22.641361236572266], [74.298881530762, 22.640670776367188], [74.30433654785162, 22.639970779418945], [74.30941009521484, 22.639280319213867], [74.31328582763678, 22.638580322265625], [74.31720733642572, 22.636461257934684], [74.32227325439459, 22.636478424072322], [74.3253707885745, 22.638589859008732], [74.32653045654325, 22.642110824585075], [74.32807922363276, 22.644210815429744], [74.33081054687517, 22.64351081848156], [74.33434295654325, 22.641410827636662], [74.3370513916015, 22.640712738037223], [74.34406280517607, 22.642129898071516], [74.35224914550793, 22.6393203735351], [74.36395263671875, 22.636520385742188], [74.37288665771513, 22.63652992248535], [74.38108825683622, 22.638639450073356], [74.3841857910158, 22.643569946289062], [74.38456726074236, 22.65057945251465], [74.38414001464872, 22.66043090820324], [74.38490295410185, 22.66957092285162], [74.38994598388672, 22.678012847900447], [74.3942413330081, 22.685739517211914], [74.3969268798831, 22.692070007324276], [74.39691162109403, 22.700500488281364], [74.40080261230486, 22.706819534301815], [74.40117645263689, 22.712440490722713], [74.4007873535158, 22.720170974731502], [74.40307617187517, 22.73070907592779], [74.4085159301759, 22.737051010131893], [74.41438293457037, 22.744779586791992], [74.4170761108399, 22.751110076904354], [74.42057037353544, 22.757431030273438], [74.42523956298834, 22.760240554809684], [74.43107604980463, 22.770080566406307], [74.43534851074224, 22.77922248840332], [74.43923187255871, 22.785551071166935], [74.44039916992216, 22.793279647827205], [74.44078063964872, 22.799610137939567], [74.43881988525396, 22.805219650268555], [74.43918609619146, 22.809440612792912], [74.44388580322283, 22.810140609741325], [74.45168304443354, 22.810859680175838], [74.45947265625028, 22.812259674072266], [74.46494293212896, 22.815080642700195], [74.46881866455107, 22.823511123657283], [74.47191619873047, 22.83265113830572], [74.47891998291044, 22.858640670776367], [74.4754028320313, 22.86497116088873], [74.47421264648455, 22.867780685424805], [74.47380065917963, 22.87479972839367], [74.47146606445324, 22.88043975830078], [74.46871185302751, 22.887460708618278], [74.4663696289062, 22.89449119567871], [74.46636199951166, 22.900810241699162], [74.46360015869146, 22.90714073181158], [74.46282196044928, 22.91345977783203], [74.45812988281278, 22.916282653808594], [74.45500946044928, 22.918380737304688], [74.45147705078153, 22.923999786376953], [74.44406127929688, 22.92259979248047], [74.43859863281256, 22.917671203613338], [74.43585968017578, 22.920480728149528], [74.4319458007813, 22.922580718994197], [74.42843627929705, 22.919780731201115], [74.42375946044928, 22.919780731201115], [74.418701171875, 22.918371200561523], [74.41243743896501, 22.912748336792106], [74.40817260742216, 22.904310226440487], [74.40038299560547, 22.899379730224553], [74.39293670654291, 22.902191162109375], [74.3882675170899, 22.907102584838867], [74.38160705566412, 22.909908294677734], [74.37769317626953, 22.915531158447322], [74.37454986572271, 22.922550201416072], [74.37140655517595, 22.926059722900504], [74.3655395507813, 22.92957115173334], [74.36202239990263, 22.933090209960938], [74.36003875732428, 22.94222068786621], [74.3541793823245, 22.947130203247127], [74.34792327880854, 22.953449249267635], [74.34438323974615, 22.958362579345703], [74.34163665771484, 22.96469116210949], [74.3497161865235, 22.968769073486442], [74.35481262207048, 22.975111007690543], [74.35713958740234, 22.97722053527832], [74.36297607421903, 22.977930068969727], [74.36805725097662, 22.976530075073242], [74.37079620361357, 22.977230072021484], [74.37079620361357, 22.98005294799799], [74.36879730224615, 22.98355102539074], [74.36546325683588, 22.989810943603516], [74.35771179199219, 23.0003719329834], [74.3553619384765, 23.003070831298885], [74.35066223144537, 23.015529632568303], [74.34919738769543, 23.030241012573356], [74.34678649902344, 23.0339412689209], [74.33886718750006, 23.03582954406744], [74.33191680908203, 23.039190292358512], [74.32772064208984, 23.04269027709961], [74.32531738281256, 23.048170089721793], [74.32277679443376, 23.062690734863395], [74.3392791748048, 23.066970825195312], [74.34787750244169, 23.07080078125], [74.35510253906256, 23.075801849365178], [74.35954284667997, 23.080499649047965], [74.36112213134783, 23.09031105041504], [74.36696624755888, 23.095520019531364], [74.38767242431646, 23.110441207885742], [74.3911895751956, 23.11199951171875], [74.40683746337919, 23.111770629882756], [74.41409301757841, 23.110961914062614], [74.41884613037138, 23.108470916748047], [74.4261016845706, 23.106029510498104], [74.43316650390653, 23.105680465698242], [74.43931579589861, 23.098079681396598], [74.4454421997072, 23.09293174743675], [74.458236694336, 23.087060928344727], [74.4672470092774, 23.085258483886662], [74.49140167236345, 23.08838272094738], [74.51228332519543, 23.088830947876204], [74.51360321044928, 23.095901489257926], [74.5232772827149, 23.09891128540039], [74.53543853759783, 23.10151290893566], [74.54265594482416, 23.106901168823356], [74.54650115966814, 23.11280822753912], [74.54751586914068, 23.11849021911644], [74.54570007324247, 23.13207054138195], [74.56604003906256, 23.135232925415153], [74.57363128662115, 23.13719940185547], [74.58007812500017, 23.139970779419002], [74.58863067626947, 23.14146995544428], [74.59723663330095, 23.141992568969727], [74.60806274414091, 23.144821166992188], [74.61415863037138, 23.148330688476676], [74.61782836914062, 23.15193176269537], [74.62567901611345, 23.162940979003906], [74.64198303222668, 23.172662734985295], [74.6547470092774, 23.18202972412115], [74.65983581542969, 23.18789100646984], [74.66532135009766, 23.198249816894588], [74.66915893554705, 23.201490402221737], [74.6875686645509, 23.196701049804688], [74.71552276611345, 23.194669723510856], [74.7211380004884, 23.196979522705078], [74.73477935791033, 23.206399917602653], [74.74569702148443, 23.21211051940918], [74.74603271484392, 23.21536064147955], [74.7508392333985, 23.230381011962947], [74.74579620361322, 23.232709884643555], [74.74098205566435, 23.229339599609432], [74.7405395507813, 23.229040145874023], [74.73995971679693, 23.228630065918082], [74.73294830322271, 23.22375106811529], [74.72431945800787, 23.220119476318416], [74.71895599365251, 23.21943283081049], [74.71288299560553, 23.221359252929744], [74.70260620117193, 23.219701766967773], [74.69960784912138, 23.22034072875988], [74.69500732421886, 23.223079681396484], [74.695541381836, 23.228590011596793], [74.7038116455081, 23.233150482177848], [74.71324920654303, 23.236320495605412], [74.72215270996094, 23.24251174926752], [74.71853637695312, 23.24600982666027], [74.71489715576166, 23.252960205078125], [74.71026611328136, 23.2581405639649], [74.70334625244146, 23.2616424560548], [74.7016220092774, 23.26675033569336], [74.70114898681669, 23.272142410278377], [74.68048858642584, 23.275262832641545], [74.67312622070307, 23.2748699188233], [74.66649627685564, 23.271110534668026], [74.65222167968756, 23.260812759399414], [74.64624786376953, 23.259719848632926], [74.63214111328142, 23.263401031494368], [74.62956237792974, 23.265840530395735], [74.62655639648466, 23.275999069213867], [74.62229156494146, 23.281339645385742], [74.61530303955107, 23.284601211547965], [74.60669708251964, 23.285360336303768], [74.59905242919928, 23.28363037109375], [74.5926589965822, 23.283580780029297], [74.58676147460955, 23.28446006774908], [74.57728576660162, 23.297349929809684], [74.57192230224615, 23.300891876220703], [74.56735229492193, 23.298461914062614], [74.56210327148466, 23.29208946228033], [74.55822753906256, 23.285310745239315], [74.55346679687506, 23.282520294189567], [74.54856872558588, 23.286760330200195], [74.5439071655274, 23.300052642822322], [74.5406265258789, 23.30511283874506], [74.53568267822271, 23.30952262878418], [74.53421020507824, 23.31398963928217], [74.53450775146501, 23.320369720458984], [74.53366088867216, 23.323030471801815], [74.53032684326172, 23.32414054870617], [74.52085113525396, 23.32160186767578], [74.51924896240251, 23.32193756103527], [74.51830291748064, 23.3287296295166], [74.52028656005871, 23.331691741943587], [74.53839874267584, 23.333999633789062], [74.54271697998064, 23.33868980407709], [74.54370880126959, 23.35898971557623], [74.54582977294928, 23.36379814147955], [74.55580902099638, 23.362979888916072], [74.56022644042969, 23.36449050903343], [74.5652160644533, 23.375221252441406], [74.57071685791016, 23.37775039672846], [74.57241058349604, 23.383329391479435], [74.57314300537138, 23.41924285888672], [74.57402038574224, 23.422542572021598], [74.57966613769526, 23.422420501708984], [74.59146881103544, 23.42513084411621], [74.59845733642584, 23.42975997924816], [74.6131210327149, 23.451551437378043], [74.61338043212919, 23.46136093139654], [74.62699127197283, 23.461980819702205], [74.63642883300787, 23.464061737060774], [74.65223693847662, 23.46339035034174], [74.65473175048834, 23.464420318603572], [74.65894317626959, 23.46680068969738], [74.66409301757818, 23.473340988159123], [74.66932678222656, 23.4838924407959], [74.67446136474604, 23.485681533813477], [74.68093872070307, 23.485090255737532], [74.68371582031256, 23.48658943176281], [74.68776702880888, 23.492200851440543], [74.68740844726591, 23.495809555053825], [74.70066070556646, 23.503681182861328], [74.71089935302734, 23.505630493164006], [74.7187728881836, 23.503580093383732], [74.7258911132813, 23.49846076965332], [74.73365783691412, 23.5005207061767], [74.73777770996088, 23.50678062438965], [74.74237060546875, 23.519479751586914], [74.75707244873064, 23.522172927856502], [74.76393890380876, 23.524711608886662], [74.77072906494152, 23.535770416259993], [74.77406311035173, 23.543302536010856], [74.78501129150396, 23.548030853271598], [74.79209899902372, 23.548641204833928], [74.79633331298822, 23.54626083374046], [74.79875946044933, 23.540439605712834], [74.80288696289062, 23.534051895141715], [74.81230926513683, 23.538431167602653], [74.81575775146513, 23.53961944580078], [74.8192367553711, 23.540798187255973], [74.830093383789, 23.54952049255371], [74.83757781982439, 23.553211212158146], [74.84542083740234, 23.554170608520508], [74.85147857666016, 23.557399749755973], [74.85898590087896, 23.569499969482422], [74.86171722412138, 23.572340011596623], [74.8693313598634, 23.574798583984432], [74.87265014648438, 23.57822036743164], [74.87502288818365, 23.583549499511946], [74.87457275390642, 23.590110778808707], [74.87732696533209, 23.594390869140625], [74.879379272461, 23.595960617065543], [74.88494110107428, 23.603309631347656], [74.8860931396485, 23.60642814636242], [74.89803314209001, 23.612182617187557], [74.9060287475586, 23.622951507568416], [74.90956878662115, 23.62416076660162], [74.9219360351563, 23.622310638427734], [74.92787933349615, 23.62438011169445], [74.93972015380871, 23.630371093749943], [74.9403457641601, 23.636922836303768], [74.93898010253935, 23.6431884765625], [74.93061065673822, 23.648218154907227], [74.92838287353533, 23.6531600952149], [74.92421722412115, 23.668500900268555], [74.90991210937506, 23.67690086364746], [74.90762329101568, 23.682830810546818], [74.91043853759783, 23.687980651855412], [74.91745758056635, 23.692119598388672], [74.92304992675781, 23.696580886840934], [74.92289733886724, 23.71386909484886], [74.92424011230474, 23.719150543212834], [74.93199157714861, 23.728340148925838], [74.94056701660173, 23.734870910644645], [74.93810272216814, 23.74287986755371], [74.93192291259794, 23.75641822814947], [74.93187713623053, 23.758110046386832], [74.93992614746122, 23.765850067138786], [74.93947601318365, 23.770671844482422], [74.93785095214872, 23.776710510253906], [74.92993164062506, 23.794208526611385], [74.9276199340822, 23.79833030700695], [74.91500854492205, 23.799188613891715], [74.91033935546886, 23.80084037780756], [74.91191864013666, 23.812610626220646], [74.91326141357416, 23.836629867553768], [74.91581726074224, 23.845670700073185], [74.91313934326178, 23.849861145019645], [74.91024017334001, 23.852130889892578], [74.90688323974615, 23.85638046264654], [74.90518951416027, 23.868110656738338], [74.90567779541033, 23.87391090393072], [74.90724182128912, 23.876750946044922], [74.91049957275396, 23.888509750366268], [74.91385650634783, 23.903360366821232], [74.91461944580095, 23.912469863891715], [74.91742706298857, 23.917570114135685], [74.92337799072266, 23.92490959167486], [74.92360687255876, 23.929269790649528], [74.92131042480486, 23.935712814331055], [74.92431640624994, 23.938610076904524], [74.9298477172851, 23.94096183776861], [74.93112182617193, 23.94491004943859], [74.93151855468761, 23.94681930541998], [74.9376068115235, 23.95608139038086], [74.941459655762, 23.96051979064947], [74.96334838867193, 23.97367095947277], [74.96869659423834, 23.97973060607916], [74.97292327880888, 23.99105262756359], [74.97222900390642, 24.003629684448242], [74.9798126220706, 24.009899139404297], [74.98779296875028, 24.01433181762718], [74.99236297607433, 24.02323150634777], [74.99298858642572, 24.029701232910213], [74.99038696289068, 24.03343963623047], [74.98121643066423, 24.04104042053234], [74.97940826416044, 24.07201194763195], [74.97625732421892, 24.076009750366268], [74.97155761718756, 24.077859878540153], [74.96517181396501, 24.082721710205078], [74.96186065673857, 24.08963012695324], [74.96074676513666, 24.09416007995617], [74.96089172363293, 24.10550117492687], [74.95951843261724, 24.110090255737305], [74.95487213134783, 24.11203956604004], [74.93914031982433, 24.121110916137752], [74.93618011474626, 24.123769760131836], [74.93898010253935, 24.127889633178768], [74.93665313720709, 24.138980865478516], [74.92469024658232, 24.1452312469483], [74.9235076904298, 24.149280548095703], [74.92751312255871, 24.1571502685548], [74.92146301269526, 24.16024971008312], [74.9201889038086, 24.16284751892084], [74.90033721923845, 24.17430114746105], [74.89948272705107, 24.178440093994084], [74.89765930175798, 24.182371139526367], [74.89729309082048, 24.187040328979606], [74.88112640380865, 24.213502883911076], [74.88017272949224, 24.21648025512701], [74.88671112060575, 24.224920272827205], [74.8897094726563, 24.2268905639649], [74.89821624755876, 24.22907066345215], [74.90271759033214, 24.23101043701172], [74.90585327148455, 24.23372077941889], [74.90725708007818, 24.240810394287053], [74.90544128417963, 24.245309829712028], [74.90405273437511, 24.245878219604492], [74.89700317382841, 24.249179840088004], [74.89428710937506, 24.261680603027457], [74.88905334472656, 24.266849517822322], [74.88530731201178, 24.26873970031744], [74.8754272460938, 24.278020858764762], [74.86972045898449, 24.280708312988338], [74.86403656005888, 24.273960113525504], [74.8625564575197, 24.273700714111385], [74.85975646972662, 24.27299118041998], [74.85659027099638, 24.272199630737305], [74.8533172607423, 24.269979476928768], [74.84390258789068, 24.270160675048942], [74.83891296386736, 24.271238327026367], [74.83264923095709, 24.271570205688533], [74.82578277587896, 24.27330017089855], [74.81964874267595, 24.276260375976562], [74.81516265869152, 24.2770099639892], [74.79029846191406, 24.27187156677269], [74.77968597412121, 24.272609710693416], [74.77253723144548, 24.271980285644645], [74.76647949218756, 24.27342033386236], [74.7547912597658, 24.27897071838379], [74.75280761718778, 24.28265953063965], [74.75302124023466, 24.289390563964844], [74.75746154785173, 24.29622077941906], [74.7670516967774, 24.30446052551281], [74.7836303710938, 24.316801071166992], [74.78482055664068, 24.321130752563477], [74.78317260742182, 24.319429397583065], [74.78379058837908, 24.336099624633903], [74.7863388061524, 24.343860626220703], [74.78621673584013, 24.348800659179744], [74.78276062011747, 24.354660034179688], [74.78167724609392, 24.358350753784123], [74.78462219238287, 24.367361068725586], [74.78698730468744, 24.371650695800838], [74.78835296630876, 24.37177085876465], [74.79315948486328, 24.37614059448248], [74.79833221435553, 24.3841609954834], [74.8022766113283, 24.387340545654297], [74.80541229248053, 24.39545059204113], [74.81231689453153, 24.40915107727062], [74.81479644775419, 24.410690307617188], [74.82524108886724, 24.408332824707145], [74.82639312744146, 24.410690307617188], [74.82723236083979, 24.41680908203125], [74.82701110839872, 24.423601150512923], [74.83515930175787, 24.429519653320426], [74.84586334228521, 24.440731048583984], [74.84774780273443, 24.443559646606445], [74.85389709472685, 24.44950294494629], [74.85749816894537, 24.45150184631359], [74.85817718505876, 24.455539703369254], [74.85695648193388, 24.463279724121207], [74.85813140869135, 24.467332839965934], [74.85411071777372, 24.470209121704215], [74.85066986084013, 24.468828201294002], [74.84935760498041, 24.466640472412053], [74.84455108642607, 24.465909957885856], [74.84085083007818, 24.467220306396428], [74.8365097045899, 24.465391159057617], [74.83378601074219, 24.460420608520565], [74.81826782226557, 24.461950302124023], [74.82010650634771, 24.472900390625], [74.82469940185558, 24.47923088073742], [74.8241958618164, 24.483549118041992], [74.82238006591803, 24.487800598144588], [74.81684112548834, 24.49117088317871], [74.81450653076189, 24.49221038818382], [74.81083679199213, 24.492000579834098], [74.80800628662126, 24.493040084838867], [74.80165100097685, 24.492080688476676], [74.79595184326166, 24.49324989318859], [74.79187774658209, 24.493270874023438], [74.78495788574219, 24.489891052246094], [74.78153228759771, 24.484861373901367], [74.77899932861328, 24.48338127136236], [74.77330017089861, 24.48509979248047], [74.76619720458979, 24.490650177002067], [74.7608184814456, 24.488571166992244], [74.75731658935553, 24.488822937011832], [74.75065612792974, 24.492000579834098], [74.7350463867188, 24.503620147705192], [74.73082733154303, 24.51003074645996], [74.72718811035162, 24.510770797729492], [74.72370910644548, 24.510400772094783], [74.71555328369146, 24.508239746093977], [74.71290588378912, 24.509220123291016], [74.71193695068365, 24.510940551757926], [74.7157058715822, 24.522830963134993], [74.72342681884777, 24.53115081787115], [74.72856140136724, 24.534790039062614], [74.74771118164062, 24.536239624023438], [74.74961853027344, 24.542539596557674], [74.74759674072271, 24.54767990112316], [74.74854278564459, 24.551729202270508], [74.7523422241211, 24.55237007141119], [74.75675201416021, 24.55462074279791], [74.75746154785173, 24.556819915771598], [74.75634765625, 24.559890747070312], [74.75698089599615, 24.563650131225586], [74.75547790527372, 24.570989608764762], [74.75377655029325, 24.57838058471691], [74.75154113769548, 24.586111068725586], [74.7503128051759, 24.588661193847656], [74.74668884277355, 24.592992782592773], [74.74797058105474, 24.596809387207145], [74.75595092773455, 24.60067939758295], [74.76017761230474, 24.601390838623104], [74.7706527709961, 24.60584259033203], [74.77723693847685, 24.605390548706055], [74.78176116943365, 24.60717010498047], [74.78633117675787, 24.61010932922369], [74.7901229858399, 24.61075973510765], [74.79055023193365, 24.61740112304699], [74.78737640380854, 24.61759185791027], [74.7878189086914, 24.620780944824276], [74.7848358154298, 24.62928962707514], [74.78344726562506, 24.636760711670036], [74.79138946533203, 24.645429611206055], [74.79350280761736, 24.64944076538086], [74.79302215576178, 24.651559829712028], [74.79493713378912, 24.654701232910213], [74.79934692382841, 24.656570434570312], [74.80237579345709, 24.656919479370117], [74.80494689941423, 24.659561157226676], [74.80873870849604, 24.66996192932129], [74.81137847900419, 24.671640396118107], [74.81482696533232, 24.669771194458008], [74.81710815429716, 24.67167091369629], [74.81774902343767, 24.676469802856445], [74.8177566528322, 24.679920196533203], [74.81333923339861, 24.68614959716797], [74.80966949462919, 24.68653106689453], [74.79234313964844, 24.68432044982916], [74.79197692871111, 24.68157958984375], [74.7894668579101, 24.678939819336165], [74.78571319580095, 24.67994117736839], [74.77606201171886, 24.686059951782283], [74.77527618408209, 24.68773078918457], [74.7778625488283, 24.693218231201286], [74.77731323242205, 24.69668960571289], [74.7796478271485, 24.700660705566463], [74.78089141845697, 24.705089569091797], [74.78385925292974, 24.70951080322277], [74.78441619873053, 24.712640762329045], [74.7831573486331, 24.71821975708002], [74.78753662109403, 24.7219295501709], [74.78965759277338, 24.72663116455101], [74.78837585449236, 24.728031158447322], [74.78386688232428, 24.730350494384993], [74.78137207031256, 24.7408504486084], [74.78005218505865, 24.742748260498274], [74.78607940673845, 24.746919631958065], [74.79254913330095, 24.750181198120117], [74.79978942871094, 24.751710891723746], [74.8031463623048, 24.754852294922102], [74.80191802978533, 24.766540527343864], [74.80114746093767, 24.786689758300838], [74.79847717285173, 24.790540695190543], [74.79931640625006, 24.79564094543457], [74.80980682373053, 24.796400070190487], [74.81495666503912, 24.78145027160656], [74.8185424804688, 24.765340805053825], [74.82929229736357, 24.7459011077882], [74.83487701416016, 24.73200035095209], [74.84884643554705, 24.708721160888672], [74.84970855712919, 24.70633125305187], [74.84984588623053, 24.698650360107422], [74.85182952880888, 24.69659042358421], [74.85431671142572, 24.69671058654791], [74.85531616210955, 24.69922065734869], [74.85396575927751, 24.70412063598627], [74.85636138916027, 24.705179214477653], [74.85853576660156, 24.702180862426758], [74.85983276367216, 24.69388961791998], [74.86245727539068, 24.692342758178654], [74.8652114868164, 24.69207000732422], [74.86691284179682, 24.690521240234375], [74.86975860595732, 24.678789138794002], [74.8726882934572, 24.675920486450252], [74.87343597412126, 24.669481277465877], [74.87502288818365, 24.667480468750057], [74.877670288086, 24.665781021118164], [74.88018035888678, 24.668010711670036], [74.88791656494158, 24.65772247314453], [74.89285278320307, 24.655349731445426], [74.89450836181652, 24.65814971923851], [74.89353179931646, 24.660980224609375], [74.89353179931646, 24.66385841369629], [74.89700317382841, 24.665559768676758], [74.90246582031256, 24.656311035156364], [74.9056396484375, 24.660339355468693], [74.90854644775408, 24.66157913208002], [74.90965270996094, 24.660430908203182], [74.9130096435548, 24.66041183471691], [74.91478729248041, 24.65942001342779], [74.91986846923834, 24.658420562744197], [74.92945098876982, 24.659170150756836], [74.9347610473634, 24.661848068237305], [74.93718719482428, 24.660150527954215], [74.93917846679716, 24.6617107391358], [74.94285583496111, 24.660390853882063], [74.94387817382818, 24.662282943725643], [74.9418182373048, 24.666820526123104], [74.9430084228515, 24.66889762878418], [74.95202636718767, 24.67031288146967], [74.95265960693365, 24.673851013183707], [74.95197296142572, 24.67646026611351], [74.95728302001982, 24.682689666748104], [74.95923614501953, 24.679901123047102], [74.96116638183611, 24.678890228271598], [74.96198272705084, 24.679580688476676], [74.96182250976568, 24.683700561523494], [74.96102905273443, 24.686090469360465], [74.95990753173834, 24.686719894409407], [74.9598999023438, 24.688751220703068], [74.96485900878912, 24.694541931152344], [74.96216583251959, 24.70084190368658], [74.96411132812506, 24.70046806335455], [74.99043273925787, 24.706348419189567], [74.99371337890653, 24.705789566039982], [74.99655914306652, 24.70684242248558], [74.99989318847673, 24.708488464355526], [75.0003509521485, 24.710569381713924], [74.99941253662121, 24.713790893554688], [74.99664306640642, 24.715990066528548], [74.99521636962902, 24.71614074707054], [74.99211883544928, 24.728261947631836], [74.9907531738283, 24.733768463134822], [74.99202728271479, 24.743810653686637], [74.9934310913086, 24.75272941589361], [74.99709320068365, 24.754209518432674], [75.02023315429716, 24.752767562866325], [75.02131652832037, 24.767160415649528], [75.02133941650396, 24.770269393920955], [75.02137756347685, 24.772859573364315], [75.02005004882841, 24.77445030212425], [75.01795959472685, 24.780731201171875], [75.01629638671892, 24.785949707031477], [75.01293182373053, 24.793809890747298], [75.00705718994169, 24.79606056213379], [74.9983291625976, 24.797710418701286], [74.99001312255865, 24.793819427490234], [74.97038269042974, 24.79086112976097], [74.96157836914062, 24.791170120239315], [74.9554214477539, 24.792440414428825], [74.94595336914068, 24.791719436645735], [74.93855285644537, 24.794790267944336], [74.92941284179699, 24.79548263549799], [74.92207336425798, 24.788440704345703], [74.91694641113281, 24.787181854248274], [74.90997314453153, 24.78821945190424], [74.90518188476568, 24.797460556030273], [74.8974380493164, 24.799209594726562], [74.89195251464861, 24.799110412597884], [74.88468170166033, 24.802431106567496], [74.88053894042974, 24.80796813964838], [74.88014984130865, 24.810501098632812], [74.87805175781256, 24.813180923461914], [74.87023162841803, 24.81205177307129], [74.8678512573245, 24.813119888305778], [74.85856628417986, 24.813060760498047], [74.85946655273432, 24.799549102783203], [74.85794067382807, 24.794620513916243], [74.85144805908232, 24.792659759521484], [74.84889221191412, 24.792659759521484], [74.84078216552729, 24.803419113159237], [74.83751678466825, 24.808460235595703], [74.8459777832033, 24.81484031677246], [74.85296630859403, 24.815530776977596], [74.85746002197271, 24.81784820556652], [74.85903930664074, 24.82015991210949], [74.85903167724621, 24.829010009765625], [74.8574829101563, 24.842998504638672], [74.85604858398438, 24.847169876098633], [74.85588836669939, 24.853200912475643], [74.85291290283209, 24.86033058166504], [74.84565734863287, 24.8721027374267], [74.84237670898443, 24.874969482421875], [74.8401565551759, 24.880550384521428], [74.83941650390653, 24.892869949340934], [74.83783721923834, 24.89721107482916], [74.83512115478516, 24.89703941345215], [74.83161926269526, 24.89892005920416], [74.827133178711, 24.89912986755371], [74.82411193847662, 24.914810180664062], [74.82360839843744, 24.928501129150447], [74.82421875000017, 24.940099716186467], [74.8253402709961, 24.940450668335075], [74.82498931884783, 24.945890426635742], [74.82627105712919, 24.95220947265625], [74.83114624023443, 24.957309722900447], [74.8306121826173, 24.96191024780279], [74.8327102661134, 24.96745109558111], [74.84635162353533, 24.974290847778434], [74.85320281982439, 24.974720001220817], [74.86209869384794, 24.965839385986328], [74.86203765869146, 24.962829589843864], [74.86351776123064, 24.957290649414176], [74.86387634277344, 24.947570800781364], [74.86572265625028, 24.943269729614258], [74.86720275878912, 24.936941146850643], [74.87085723876964, 24.937200546264762], [74.8772811889649, 24.939390182495117], [74.87911987304682, 24.948789596557845], [74.88469696044939, 24.949760437011776], [74.88992309570318, 24.941450119018555], [74.90054321289062, 24.939741134643555], [74.90260314941423, 24.937271118164176], [74.90265655517584, 24.934680938720817], [74.90428924560541, 24.930110931396598], [74.90735626220703, 24.92867088317871], [74.91293334960955, 24.92838859558111], [74.91100311279314, 24.923280715942383], [74.9117431640625, 24.918872833251896], [74.90688323974615, 24.907159805297965], [74.91252136230486, 24.89909934997553], [74.91615295410173, 24.89944076538086], [74.91951751709013, 24.89483070373535], [74.92008209228544, 24.891849517822266], [74.92368316650396, 24.89207077026373], [74.9269561767581, 24.89036941528343], [74.92951202392595, 24.887889862060774], [74.93077850341825, 24.89397048950201], [74.93547058105474, 24.895219802856445], [74.93969726562506, 24.89348030090332], [74.9462203979495, 24.893920898437557], [74.94873809814447, 24.89480018615717], [74.95020294189464, 24.892950057983512], [74.95043182373075, 24.889970779419002], [74.944808959961, 24.877910614013672], [74.9488372802735, 24.878120422363395], [74.95633697509794, 24.874959945678768], [74.96353912353521, 24.874080657958984], [74.97173309326178, 24.87538909912115], [74.97733306884794, 24.877479553222713], [74.98416900634794, 24.877630233764705], [74.98751068115251, 24.875972747802678], [74.9910430908206, 24.875001907348633], [74.99767303466803, 24.876609802246207], [75.01261138916044, 24.874080657958984], [75.01508331298857, 24.870201110839844], [75.01949310302729, 24.866930007934684], [75.02291870117216, 24.865619659423942], [75.02974700927746, 24.860540390014762], [75.03411102294928, 24.85860061645502], [75.04338836669939, 24.859228134155217], [75.0510864257813, 24.864889144897518], [75.05713653564453, 24.871051788330078], [75.05985260009771, 24.874731063842773], [75.05877685546903, 24.877710342407283], [75.05626678466825, 24.880910873413143], [75.05634307861345, 24.881940841674805], [75.05928039550787, 24.881299972534293], [75.06314849853544, 24.877468109130973], [75.06620025634794, 24.878391265869254], [75.07353210449236, 24.88731002807623], [75.0768508911134, 24.88883972167963], [75.08167266845697, 24.88913917541504], [75.08532714843767, 24.888891220093], [75.08663940429682, 24.88657951354986], [75.08702850341797, 24.883470535278377], [75.08834075927763, 24.881099700927848], [75.09011077880876, 24.879730224609375], [75.11498260498053, 24.88713836669922], [75.11886596679682, 24.889039993286246], [75.11943054199247, 24.895830154419002], [75.11770629882841, 24.905160903930664], [75.11493682861334, 24.911840438842887], [75.11942291259794, 24.918140411376953], [75.11772918701166, 24.9463405609132], [75.11569213867188, 24.953649520873967], [75.11534881591803, 24.961128234863224], [75.115707397461, 24.965391159057674], [75.1190567016601, 24.974752426147518], [75.11982727050776, 24.97575950622553], [75.13352966308622, 24.975242614746037], [75.13471984863281, 24.977720260620117], [75.13656616210966, 24.978740692138786], [75.14685058593761, 24.97957992553711], [75.14908599853521, 24.981220245361442], [75.14775848388678, 24.98163986206049], [75.13432312011713, 24.98266029357916], [75.1380233764649, 24.986362457275504], [75.14037322998058, 24.987131118774414], [75.1438598632812, 24.987052917480582], [75.14582824707031, 24.986431121826172], [75.15215301513678, 24.988689422607365], [75.16089630126953, 24.98761177062994], [75.1613159179688, 24.99008941650402], [75.16256713867188, 24.991701126098576], [75.16439819335949, 24.991661071777344], [75.16676330566406, 25.0061092376709], [75.16924285888672, 25.00996971130371], [75.16860198974621, 25.013191223144474], [75.16525268554705, 25.022319793701172], [75.15921020507818, 25.024070739746037], [75.15470886230497, 25.02886962890625], [75.1562805175783, 25.03544044494629], [75.15912628173828, 25.04547119140625], [75.16696166992205, 25.04420089721674], [75.1737823486331, 25.05379295349121], [75.1820907592774, 25.047580718994254], [75.18531036376953, 25.042530059814453], [75.19175720214861, 25.0383682250976], [75.19441986083984, 25.037700653076115], [75.19509124755865, 25.03751945495617], [75.20056152343767, 25.034498214721793], [75.2035522460937, 25.03882980346691], [75.20548248291016, 25.042409896850643], [75.2182159423831, 25.041440963745117], [75.22708129882812, 25.038530349731673], [75.23754119873064, 25.041919708251953], [75.24459075927751, 25.039930343627987], [75.25562286376947, 25.040042877197266], [75.26597595214861, 25.04306983947754], [75.2782669067384, 25.044700622558594], [75.29255676269537, 25.042882919311637], [75.30016326904303, 25.044019699096793], [75.3104858398438, 25.046079635620174], [75.32266998291021, 25.04425239563011], [75.33615875244158, 25.0448894500733], [75.34558868408209, 25.042800903320312], [75.34961700439482, 25.04173088073742], [75.35424041748041, 25.037370681762752], [75.35005187988281, 25.03327178955078], [75.35362243652372, 25.02873039245611], [75.35154724121122, 25.025159835815373], [75.35061645507807, 25.024839401245117], [75.3431015014649, 25.022300720214957], [75.32949066162126, 25.017629623413143], [75.32248687744146, 25.013389587402287], [75.31894683837885, 25.006509780883846], [75.32311248779325, 25.00090980529785], [75.32203674316423, 24.996129989624137], [75.3220825195313, 24.989612579345817], [75.32312011718778, 24.98224067687994], [75.32636260986357, 24.976160049438704], [75.33127593994146, 24.976070404052848], [75.33373260498053, 24.96745109558111], [75.33541107177751, 24.964710235595703], [75.33748626709001, 24.963100433349723], [75.33426666259783, 24.950611114501953], [75.32875061035162, 24.945631027221623], [75.32540893554716, 24.938091278076286], [75.31754302978521, 24.9072208404541], [75.31387329101568, 24.900440216064453], [75.31210327148438, 24.899917602539062], [75.31217193603521, 24.911060333251896], [75.30832672119158, 24.926290512085018], [75.30610656738287, 24.928979873657227], [75.30316162109392, 24.930612564087028], [75.30229187011724, 24.93487930297863], [75.30351257324219, 24.940179824829215], [75.3026733398438, 24.9431610107423], [75.30018615722662, 24.946821212768555], [75.29429626464855, 24.948709487915096], [75.29045867919928, 24.952020645141545], [75.2898025512697, 24.956111907958984], [75.2877807617188, 24.959632873535156], [75.2881469726563, 24.96263122558605], [75.28556060791044, 24.964122772216797], [75.28536224365263, 24.976690292358512], [75.27590179443376, 24.9767303466798], [75.2714920043947, 24.968219757080135], [75.26844787597673, 24.965530395507812], [75.26631164550776, 24.961919784545955], [75.2699966430664, 24.956270217895508], [75.27165222167963, 24.949420928955078], [75.27722167968767, 24.947900772094783], [75.27580261230497, 24.940271377563533], [75.28488159179693, 24.937120437622184], [75.28790283203142, 24.92626190185547], [75.29116821289062, 24.924961090088004], [75.29308319091803, 24.923179626464787], [75.2919006347658, 24.920917510986385], [75.28793334960943, 24.920530319213924], [75.28482818603516, 24.922800064087028], [75.28237152099626, 24.92254066467291], [75.27867889404325, 24.91749191284191], [75.27796936035173, 24.913080215454215], [75.2748565673831, 24.91432952880865], [75.27408599853544, 24.91704750061041], [75.27171325683594, 24.917869567871094], [75.26702880859403, 24.914211273193587], [75.26425170898455, 24.907310485839957], [75.26077270507807, 24.905340194702262], [75.25965881347673, 24.89982032775879], [75.26145172119146, 24.88965988159191], [75.26508331298834, 24.88817024230957], [75.27265167236345, 24.886930465698242], [75.27928161621088, 24.884550094604606], [75.28807830810564, 24.87968063354498], [75.29411315917997, 24.871379852294865], [75.29904937744146, 24.870260238647575], [75.31130218505888, 24.869459152221737], [75.3176574707033, 24.87515068054205], [75.32124328613276, 24.882661819458008], [75.32596588134794, 24.887008666992244], [75.33534240722685, 24.886671066284293], [75.35006713867205, 24.884969711303654], [75.37197113037104, 24.877981185913086], [75.39869689941406, 24.88834953308111], [75.40753936767584, 24.891910552978572], [75.41416931152361, 24.893009185791016], [75.42421722412138, 24.8927516937257], [75.42059326171903, 24.881631851196232], [75.4206314086914, 24.877330780029297], [75.41728210449224, 24.868610382080135], [75.4170989990235, 24.863901138305607], [75.41050720214838, 24.8612384796142], [75.39965057373047, 24.854909896850586], [75.36396026611322, 24.84252166748047], [75.35505676269548, 24.837430953979606], [75.34407806396496, 24.832790374755916], [75.33744049072294, 24.833709716796818], [75.3302307128908, 24.831729888916016], [75.32361602783209, 24.823961257934627], [75.31981658935553, 24.81779289245617], [75.31301116943388, 24.813539505004826], [75.3057327270509, 24.813329696655273], [75.30049133300798, 24.81524276733404], [75.29841613769531, 24.8199081420899], [75.29769897460943, 24.82637023925787], [75.29421997070312, 24.830379486083928], [75.29042053222662, 24.84091949462902], [75.28382110595732, 24.85001945495617], [75.2789382934572, 24.853490829467887], [75.27121734619152, 24.856359481811467], [75.25979614257841, 24.85752105712902], [75.25234985351591, 24.85950851440441], [75.24769592285162, 24.85950851440441], [75.24169158935575, 24.860940933227596], [75.2340698242187, 24.858310699462947], [75.22953033447283, 24.85748100280773], [75.22738647460966, 24.859149932861442], [75.23667144775396, 24.870889663696346], [75.24797058105497, 24.880889892578125], [75.24994659423845, 24.895690917968864], [75.2477493286134, 24.899917602539062], [75.24437713623041, 24.902040481567326], [75.24124145507818, 24.902631759643782], [75.23612976074247, 24.899299621582145], [75.23059844970732, 24.89442062377941], [75.2234191894533, 24.890029907226562], [75.21969604492193, 24.892200469970703], [75.22135162353533, 24.9027996063233], [75.21920013427729, 24.9064884185791], [75.21264648437506, 24.91007041931175], [75.20819091796892, 24.909999847412166], [75.2074279785158, 24.904649734497127], [75.20820617675787, 24.8977508544923], [75.20609283447283, 24.891611099243164], [75.20288085937506, 24.888099670410156], [75.20131683349626, 24.884201049804744], [75.20670318603521, 24.879100799560604], [75.2103805541995, 24.87142944335949], [75.21848297119158, 24.859479904174805], [75.22170257568376, 24.85819053649925], [75.22601318359386, 24.854850769043082], [75.22550201416016, 24.85103988647461], [75.2277374267581, 24.847759246826172], [75.23378753662115, 24.84662055969244], [75.24104309082037, 24.846860885620117], [75.24616241455084, 24.844169616699332], [75.2496871948245, 24.840810775756893], [75.25192260742193, 24.837169647216854], [75.2515487670899, 24.832218170166072], [75.24948120117216, 24.826391220092887], [75.2467117309572, 24.82184028625494], [75.24134063720703, 24.81942939758312], [75.23661041259783, 24.820240020752067], [75.22247314453142, 24.81896018981945], [75.21737670898443, 24.820461273193303], [75.20642089843744, 24.809930801391545], [75.20356750488281, 24.80168914794922], [75.2026977539063, 24.796287536621207], [75.20358276367205, 24.79247093200678], [75.20271301269537, 24.78880119323742], [75.19532775878935, 24.789710998535156], [75.1922988891601, 24.78874969482422], [75.18950653076172, 24.774641036987532], [75.18768310546903, 24.77007293701172], [75.18551635742193, 24.76805114746105], [75.18559265136747, 24.76304054260254], [75.1868515014649, 24.760320663452205], [75.1956176757813, 24.760009765625227], [75.19818878173857, 24.75690078735363], [75.20191192626959, 24.746141433715877], [75.2169494628908, 24.722410202026424], [75.21936798095732, 24.723051071166935], [75.22141265869146, 24.73345947265625], [75.2240600585938, 24.735460281372127], [75.22840881347673, 24.735101699829215], [75.2424697875976, 24.730480194091797], [75.24954223632812, 24.729141235351676], [75.26200103759771, 24.73306083679222], [75.26724243164091, 24.732719421386776], [75.28584289550787, 24.72590065002447], [75.30436706542974, 24.720741271972713], [75.35086822509766, 24.71710014343273], [75.36389923095709, 24.7095184326173], [75.37814331054688, 24.706369400024414], [75.39643859863298, 24.70455932617199], [75.41970062255876, 24.69996070861822], [75.43753814697277, 24.695529937744084], [75.45189666748041, 24.693218231201286], [75.48346710205084, 24.697620391845646], [75.50586700439447, 24.709421157836914], [75.52748107910173, 24.717910766601676], [75.53507995605486, 24.720018386840877], [75.54122161865234, 24.71669006347662], [75.54854583740246, 24.715560913086165], [75.55210113525396, 24.71376991271984], [75.56899261474638, 24.719900131225813], [75.58190155029303, 24.722700119018555], [75.60260009765642, 24.701271057128963], [75.6094360351562, 24.6899929046632], [75.61332702636724, 24.688421249389705], [75.63400268554716, 24.691150665283146], [75.65918731689482, 24.701700210571346], [75.68004608154314, 24.727830886840877], [75.7117767333985, 24.74542999267578], [75.7230682373048, 24.750129699707145], [75.73075866699219, 24.75555038452154], [75.74180603027338, 24.760360717773494], [75.75968170166027, 24.764799118042106], [75.77259826660162, 24.76204109191889], [75.78064727783209, 24.763160705566406], [75.78618621826178, 24.765529632568303], [75.80545806884777, 24.756269454956055], [75.8278121948245, 24.736352920532227], [75.8387527465822, 24.72986984252924], [75.842025756836, 24.717460632324276], [75.8336868286134, 24.685951232910156], [75.83154296875006, 24.679740905761832], [75.82714080810553, 24.671501159668196], [75.82818603515653, 24.668222427368164], [75.83706665039068, 24.66999816894537], [75.8439025878908, 24.669349670410156], [75.84864807128923, 24.66455078125], [75.84880828857416, 24.65306091308605], [75.8439331054688, 24.639270782470646], [75.84411621093756, 24.634721755981502], [75.84620666503906, 24.63140106201172], [75.84287261962919, 24.626119613647575], [75.83812713623041, 24.623601913452205], [75.83428955078153, 24.62375068664562], [75.83036041259783, 24.61995124816889], [75.82814788818365, 24.613349914550838], [75.83920288085943, 24.608749389648665], [75.83544158935575, 24.597562789916992], [75.83835601806658, 24.595689773559684], [75.84233093261713, 24.600242614746207], [75.84501647949219, 24.610361099243278], [75.84816741943365, 24.611160278320312], [75.85254669189459, 24.61432075500494], [75.8634567260745, 24.612920761108455], [75.86566162109375, 24.607339859008903], [75.87407684326178, 24.60711097717291], [75.87668609619158, 24.599649429321516], [75.8758163452149, 24.59078025817894], [75.8843612670899, 24.58173942565918], [75.89372253417974, 24.581670761108512], [75.89771270751959, 24.580450057983455], [75.90287017822271, 24.576810836791992], [75.9110717773438, 24.577051162719727], [75.9151229858399, 24.574590682983455], [75.91739654541021, 24.57147979736328], [75.91584777832037, 24.56736946105957], [75.91320800781256, 24.56529045104992], [75.90956115722662, 24.56450843811035], [75.9078216552735, 24.565362930297965], [75.90570831298845, 24.56059265136713], [75.9066162109375, 24.552200317382756], [75.90703582763689, 24.5504608154298], [75.91671752929682, 24.54668807983404], [75.92051696777372, 24.543809890747184], [75.92501831054693, 24.538299560546875], [75.92504119873053, 24.533399581909293], [75.92204284667997, 24.527280807495174], [75.90934753417974, 24.514881134033317], [75.9028930664063, 24.51972007751459], [75.90216064453136, 24.522020339966048], [75.89694976806646, 24.522260665893555], [75.892562866211, 24.521530151367188], [75.8910522460938, 24.509588241577262], [75.90547180175781, 24.505308151245174], [75.90674591064464, 24.498041152954215], [75.91181945800781, 24.492420196533203], [75.91245269775396, 24.48558044433605], [75.90811157226591, 24.478130340576172], [75.9072875976563, 24.469511032104606], [75.90943908691435, 24.463630676269588], [75.9089965820313, 24.456140518188477], [75.90335083007841, 24.45393943786621], [75.90338897705095, 24.446130752563533], [75.89862060546892, 24.441591262817496], [75.88648986816412, 24.436929702758846], [75.875228881836, 24.430280685424805], [75.86120605468744, 24.423330307006893], [75.84725189209013, 24.418970108032227], [75.82900238037126, 24.422519683837947], [75.82412719726568, 24.43078994750971], [75.81254577636747, 24.43678092956543], [75.80964660644537, 24.44123077392578], [75.8141708374024, 24.448089599609375], [75.8164672851563, 24.458520889282283], [75.81510925292986, 24.465112686157227], [75.80502319335943, 24.472770690918026], [75.79564666748064, 24.473121643066463], [75.79113006591803, 24.47520256042486], [75.78675842285162, 24.471830368042106], [75.78409576416027, 24.464731216430664], [75.78608703613298, 24.458419799804688], [75.7857513427735, 24.455089569091854], [75.78357696533197, 24.451829910278548], [75.78128051757841, 24.453910827636832], [75.77617645263689, 24.45388031005882], [75.77567291259771, 24.448261260986385], [75.76824188232428, 24.440349578857422], [75.75241851806646, 24.4315700531007], [75.74872589111345, 24.428409576416243], [75.7564086914063, 24.42766952514654], [75.75583648681646, 24.421052932739258], [75.75527954101568, 24.409309387207145], [75.74500274658214, 24.40707969665533], [75.74327850341808, 24.405010223388786], [75.73581695556646, 24.403432846069336], [75.7297973632812, 24.403608322143555], [75.7283020019533, 24.407491683960018], [75.72688293457043, 24.40527915954584], [75.72968292236334, 24.389499664306868], [75.73533630371094, 24.39439964294428], [75.73857116699213, 24.39529991149908], [75.73957824707048, 24.388931274414006], [75.73829650878912, 24.366189956665266], [75.73869323730474, 24.361257553100586], [75.74178314209013, 24.36107254028326], [75.74180603027338, 24.352968215942383], [75.74051666259783, 24.349742889404297], [75.73792266845709, 24.347970962524357], [75.75625610351574, 24.327222824096793], [75.76509094238281, 24.31065940856945], [75.77085113525408, 24.30877113342308], [75.78103637695318, 24.308639526367188], [75.79001617431652, 24.311098098754996], [75.79741668701178, 24.31434822082531], [75.80300140380888, 24.312330245971737], [75.81120300292997, 24.303449630737305], [75.8129959106447, 24.300678253173942], [75.81095123291021, 24.298040390014762], [75.81682586669939, 24.290750503539982], [75.81143188476557, 24.284721374511776], [75.81289672851574, 24.27709007263195], [75.81178283691435, 24.270429611205998], [75.81852722167986, 24.268222808837947], [75.81253051757841, 24.260650634765682], [75.81269073486334, 24.2568817138673], [75.81806182861357, 24.249959945678768], [75.822509765625, 24.247339248657283], [75.82688140869135, 24.246410369873047], [75.82636260986345, 24.242570877075252], [75.82129669189464, 24.241029739379883], [75.81659698486328, 24.241949081420955], [75.81424713134794, 24.239599227905273], [75.81060791015636, 24.241979598999137], [75.80776214599638, 24.24067115783697], [75.80533599853516, 24.229719161987532], [75.79953002929693, 24.229230880737248], [75.79534912109386, 24.226869583129883], [75.79189300537115, 24.22324180603033], [75.7788391113283, 24.22440910339367], [75.77350616455095, 24.22089195251465], [75.76782226562506, 24.207548141479492], [75.7696762084961, 24.197740554809627], [75.76862335205084, 24.193300247192383], [75.763656616211, 24.189781188964957], [75.75891113281256, 24.179611206054744], [75.7582778930664, 24.17455291748047], [75.7533187866211, 24.164340972900334], [75.75065612792974, 24.16164970397955], [75.74349212646513, 24.13960075378418], [75.75942993164068, 24.14035034179699], [75.76213836669928, 24.141010284423942], [75.76510620117205, 24.136631011963004], [75.77316284179693, 24.1394424438476], [75.7762985229495, 24.138961791992244], [75.7786865234375, 24.134670257568416], [75.77902984619158, 24.124620437622013], [75.78317260742216, 24.1226806640625], [75.78478240966814, 24.118349075317383], [75.7896118164063, 24.10980033874523], [75.80239868164068, 24.118330001831282], [75.80834960937528, 24.11335945129389], [75.81218719482416, 24.102870941162223], [75.83064270019543, 24.107929229736328], [75.83579254150402, 24.111351013183707], [75.83586120605469, 24.10400009155279], [75.83267211914068, 24.09574127197277], [75.83055114746111, 24.081590652465877], [75.83139038085943, 24.077121734619254], [75.8337631225586, 24.075429916381893], [75.82950592041044, 24.07195281982422], [75.82073974609403, 24.070600509643555], [75.81334686279297, 24.071620941162223], [75.80726623535173, 24.067600250244254], [75.78901672363287, 24.06329917907709], [75.77961730957048, 24.062080383300838], [75.7777175903322, 24.05714035034174], [75.78024291992193, 24.0362606048584], [75.77778625488287, 24.02751922607422], [75.77377319335943, 24.01910972595215], [75.77127075195318, 24.012210845947322], [75.76782226562506, 24.011680603027344], [75.76319885253923, 24.013967514038143], [75.76088714599604, 24.012910842895508], [75.7600860595706, 24.00843048095703], [75.76415252685564, 24.00530052185053], [75.76405334472662, 24.004581451416072], [75.76431274414057, 24.002428054809627], [75.76203918457031, 23.997951507568416], [75.75533294677763, 23.994922637939567], [75.74957275390636, 23.995090484619197], [75.7475662231447, 23.99347114562994], [75.73784637451189, 23.995332717895508], [75.7373809814456, 23.994060516357422], [75.73815155029325, 23.98816108703619], [75.7360229492188, 23.984750747680778], [75.73626708984403, 23.982349395752067], [75.7355117797851, 23.980560302734318], [75.73309326171892, 23.97892951965332], [75.727767944336, 23.979520797729606], [75.72647857666021, 23.978771209716797], [75.72515869140636, 23.974519729614258], [75.72331237792963, 23.973131179809684], [75.71382141113298, 23.972080230712834], [75.70040893554716, 23.96906089782709], [75.69845581054699, 23.970079421997184], [75.69789886474638, 23.972080230712834], [75.69544982910185, 23.985900878906193], [75.69647979736328, 23.9875106811524], [75.69613647460943, 23.990390777587834], [75.69310760498053, 23.989210128784237], [75.69065093994169, 23.989480972290266], [75.6863861083985, 23.990549087524414], [75.68406677246111, 23.993110656738395], [75.68354034423834, 23.998210906982365], [75.68533325195341, 24.002349853515625], [75.684310913086, 24.00463104248047], [75.68580627441412, 24.01794052124029], [75.68228912353544, 24.01695251464855], [75.67703247070318, 24.020111083984375], [75.6726913452149, 24.030899047851676], [75.6691970825197, 24.03354263305664], [75.65936279296886, 24.0314998626709], [75.65313720703125, 24.02757835388195], [75.6476669311524, 24.02320098876976], [75.6481475830081, 24.02073097229004], [75.64591217041033, 24.017469406128043], [75.64147186279325, 24.018369674682674], [75.63922119140642, 24.00463104248047], [75.63846588134783, 24.002830505371207], [75.63474273681646, 23.99983024597168], [75.6312026977539, 24.00031280517601], [75.63051605224615, 23.999668121337947], [75.62471771240234, 23.998821258544922], [75.61174774169922, 23.998760223388786], [75.6067886352539, 23.996250152588004], [75.60412597656267, 23.99628067016613], [75.597427368164, 23.998640060424748], [75.59262847900419, 23.994859695434684], [75.59004974365234, 23.99633979797369], [75.58693695068354, 23.99563026428234], [75.58383941650419, 23.991920471191634], [75.58036804199224, 23.994302749633903], [75.57779693603516, 23.999620437622127], [75.57596588134771, 24.000629425048942], [75.5737686157226, 23.99847984313965], [75.569320678711, 23.999370574951172], [75.56836700439459, 24.00114059448248], [75.56881713867182, 24.00461006164562], [75.57171630859392, 24.017400741577205], [75.56693267822283, 24.0227108001709], [75.5611190795899, 24.02357864379877], [75.5526428222658, 24.0227108001709], [75.54264831542997, 24.025560379028377], [75.5319213867188, 24.031480789184684], [75.51438140869146, 24.048732757568473], [75.49176788330078, 24.00455093383789], [75.4891967773438, 24.00031280517601], [75.48597717285168, 23.998331069946403], [75.48058319091803, 23.992330551147404], [75.47055816650419, 23.987199783325423], [75.46720886230486, 23.984529495239485], [75.46476745605474, 23.980728149414176], [75.46237945556635, 23.9681015014649], [75.46170043945318, 23.95342063903803], [75.46058654785162, 23.947620391845817], [75.45722961425776, 23.93818092346214], [75.45636749267584, 23.932149887085018], [75.45593261718767, 23.92543983459484], [75.45649719238298, 23.920740127563477], [75.46089935302751, 23.91728973388672], [75.47683715820341, 23.91473960876465], [75.48742675781267, 23.91084289550787], [75.4995727539062, 23.90052032470703], [75.4999313354495, 23.896909713745174], [75.5040969848634, 23.89191055297863], [75.50734710693371, 23.890621185302678], [75.51674652099604, 23.888750076294002], [75.52876281738276, 23.880260467529354], [75.53787994384794, 23.876729965210075], [75.55252838134771, 23.86515808105463], [75.55715942382841, 23.86279106140148], [75.56062316894531, 23.85995101928711], [75.56246185302746, 23.85814285278326], [75.56536865234403, 23.849861145019645], [75.56720733642584, 23.847629547119368], [75.57306671142595, 23.846479415893555], [75.57640075683622, 23.84329032897972], [75.57617950439459, 23.841510772705135], [75.57485961914074, 23.83801078796398], [75.5722961425783, 23.834831237792912], [75.56931304931646, 23.83464050292963], [75.56150817871105, 23.836980819702205], [75.56008148193376, 23.83685111999523], [75.55663299560564, 23.83160972595215], [75.5560607910158, 23.82593154907238], [75.55850219726591, 23.820159912109318], [75.56253051757812, 23.816930770874023], [75.56603240966803, 23.81568908691412], [75.57279205322294, 23.816850662231502], [75.5833129882812, 23.815208435058594], [75.58445739746088, 23.81402015686041], [75.58489990234375, 23.808811187744084], [75.58294677734375, 23.80380058288597], [75.58252716064482, 23.800359725952205], [75.59168243408232, 23.802391052246207], [75.60608673095709, 23.803640365600643], [75.60797882080078, 23.805500030517635], [75.61213684082048, 23.806619644165153], [75.61662292480474, 23.80597114562994], [75.62396240234392, 23.800519943237305], [75.62594604492193, 23.800260543823185], [75.63703918457043, 23.802360534668082], [75.64108276367216, 23.802259445190487], [75.64367675781256, 23.801830291748104], [75.6493072509765, 23.799350738525447], [75.65183258056658, 23.80194854736351], [75.65680694580078, 23.791788101196232], [75.6590881347658, 23.7889404296875], [75.66263580322294, 23.788160324096907], [75.66747283935564, 23.78819847106945], [75.67122650146513, 23.78680038452154], [75.67440795898443, 23.784467697143555], [75.6760559082033, 23.782129287719783], [75.67906951904297, 23.769548416137752], [75.68447875976568, 23.760568618774414], [75.68515014648466, 23.76664924621582], [75.68734741210943, 23.77333068847679], [75.69007873535185, 23.775981903076286], [75.6967163085938, 23.78528976440441], [75.69828796386747, 23.78800010681158], [75.69866943359403, 23.791839599609602], [75.69451904296875, 23.797542572021428], [75.69403839111334, 23.804550170898438], [75.6882629394533, 23.814081192016715], [75.6869201660158, 23.817689895629996], [75.68740081787121, 23.81925010681175], [75.6902465820313, 23.819610595703125], [75.70259094238287, 23.81713104248047], [75.70878601074247, 23.81809806823736], [75.71321868896484, 23.816471099853516], [75.71569061279297, 23.81705093383789], [75.71784973144537, 23.819032669067496], [75.71588134765625, 23.821020126342887], [75.71675109863287, 23.822120666503906], [75.72083282470697, 23.8236408233642], [75.72216796874994, 23.826911926269588], [75.71872711181635, 23.83236122131359], [75.7179489135745, 23.840040206909407], [75.71572113037126, 23.845590591430664], [75.71787261962896, 23.846981048583984], [75.72067260742205, 23.84678077697754], [75.7239608764649, 23.84801101684593], [75.72637176513672, 23.853431701660213], [75.72815704345709, 23.855051040649528], [75.7291107177735, 23.85820960998535], [75.7275466918947, 23.86450958251976], [75.71753692626964, 23.864772796630916], [75.70656585693376, 23.868181228637923], [75.70474243164068, 23.87475967407238], [75.7035522460938, 23.875431060791016], [75.70131683349621, 23.874959945678768], [75.69812774658197, 23.877107620239258], [75.69773864746122, 23.88772010803217], [75.69863891601568, 23.89122962951666], [75.70094299316418, 23.89491081237793], [75.70086669921875, 23.901279449463004], [75.7023315429687, 23.904050827026367], [75.70707702636747, 23.902889251708984], [75.7105789184572, 23.90040016174322], [75.71299743652372, 23.899959564209098], [75.7154922485351, 23.901519775390682], [75.72281646728521, 23.90061950683605], [75.7282180786134, 23.902099609375057], [75.73132324218744, 23.90150070190424], [75.73420715332048, 23.899522781372184], [75.73647308349604, 23.894090652465877], [75.74005889892607, 23.89422035217285], [75.74974822998053, 23.890020370483626], [75.75712585449236, 23.88418960571289], [75.7591705322265, 23.881328582763672], [75.75994873046875, 23.86199188232422], [75.76162719726591, 23.856889724731445], [75.76962280273466, 23.85444068908714], [75.77706146240263, 23.853870391845703], [75.77992248535185, 23.85470008850109], [75.78385162353521, 23.857730865478743], [75.78505706787121, 23.859809875488395], [75.78514862060564, 23.86536979675293], [75.79102325439447, 23.872150421142578], [75.79421997070341, 23.87430953979498], [75.80265808105463, 23.87111091613781], [75.81394195556658, 23.87426948547369], [75.81785583496105, 23.879360198974723], [75.8304061889649, 23.88475990295416], [75.83703613281267, 23.881328582763672], [75.83973693847662, 23.88256072998047], [75.84142303466814, 23.888439178467024], [75.85341644287126, 23.89420127868658], [75.85661315917997, 23.894001007080135], [75.86065673828125, 23.895589828491325], [75.86351776123047, 23.89540100097679], [75.86709594726591, 23.89398956298828], [75.87236785888678, 23.88818168640148], [75.87861633300798, 23.884559631347713], [75.88633728027355, 23.888599395751953], [75.88878631591803, 23.891719818115348], [75.89393615722662, 23.893081665039062], [75.89655303955095, 23.8927001953125], [75.9012603759765, 23.895019531250227], [75.90547180175781, 23.89606285095215], [75.9212265014649, 23.904170989990178], [75.92695617675793, 23.901889801025334], [75.93180847167986, 23.901939392089957], [75.9380874633789, 23.912208557128963], [75.94433593750028, 23.916208267211914], [75.94658660888678, 23.920711517334098], [75.94822692871111, 23.922260284423942], [75.96652221679705, 23.92987060546875], [75.97409057617216, 23.931529998779354], [75.97582244873075, 23.932939529418945], [75.97599029541044, 23.93898963928234], [75.98092651367193, 23.943019866943416], [75.9798126220706, 23.952159881591854], [75.9812316894533, 23.962419509887752], [75.98018646240263, 23.968759536743278], [75.98018646240263, 23.97438049316412], [75.9782333374024, 23.9800701141358], [75.97675323486357, 23.98195075988764], [75.96353149414068, 23.991659164428768], [75.96131896972685, 23.994840621948242], [75.96024322509783, 23.997461318969727], [75.96092987060575, 24.004270553589095], [75.95910644531267, 24.009971618652344], [75.96018218994169, 24.025369644165096], [75.97336578369135, 24.031440734863395], [75.97962188720732, 24.032091140747184], [75.97975158691412, 24.031049728393498], [75.99008941650402, 24.03006935119629], [75.99450683593778, 24.031900405883903], [76.00028228759783, 24.035480499267635], [76.00213623046903, 24.035230636596793], [76.00894165039068, 24.04030036926264], [76.01793670654308, 24.04455947875971], [76.02672576904325, 24.05046272277832], [76.03299713134771, 24.064212799072266], [76.03997039794939, 24.066909790039176], [76.04335021972685, 24.073961257934627], [76.04695892334013, 24.075670242309627], [76.05748748779297, 24.077850341796875], [76.06372833251982, 24.07790946960455], [76.08024597167974, 24.083990097046126], [76.08454132080107, 24.082149505615234], [76.09082794189482, 24.08574104309082], [76.09899902343761, 24.089189529418945], [76.10515594482416, 24.095909118652457], [76.10859680175776, 24.097129821777344], [76.11244964599626, 24.09650993347168], [76.12327575683588, 24.092332839965934], [76.1346969604495, 24.095289230346793], [76.1346969604495, 24.09972953796381], [76.1312866210937, 24.106620788574332], [76.13005065917974, 24.112140655517578], [76.12922668457048, 24.118932723999137], [76.1307373046875, 24.122909545898438], [76.13688659667969, 24.13133811950695], [76.13442993164068, 24.139339447021428], [76.1317367553711, 24.143941879272575], [76.13047027587902, 24.15366935729992], [76.13088989257841, 24.16905021667486], [76.128890991211, 24.174858093261776], [76.12544250488281, 24.178140640258846], [76.12059783935575, 24.178239822387695], [76.1199569702149, 24.180139541625977], [76.1208572387697, 24.183599472046012], [76.12132263183605, 24.19639015197754], [76.12335968017584, 24.205400466919173], [76.13156890869146, 24.2124481201173], [76.14180755615251, 24.223840713500977], [76.14704895019537, 24.227769851684684], [76.15236663818365, 24.235458374023494], [76.15445709228521, 24.243761062622127], [76.14977264404325, 24.260980606079045], [76.14836120605474, 24.26403045654297], [76.14553070068365, 24.265760421753157], [76.14222717285156, 24.281150817871037], [76.14301300048834, 24.285289764404297], [76.1466674804688, 24.290319442749023], [76.1495208740235, 24.292230606079215], [76.16271209716808, 24.293361663818416], [76.16922760009794, 24.296091079711857], [76.1700210571289, 24.303409576416016], [76.17257690429693, 24.307220458984432], [76.17135620117188, 24.310329437255916], [76.17212677001953, 24.315580368042106], [76.18112945556658, 24.324880599975643], [76.18548583984392, 24.331510543823242], [76.19004821777344, 24.32995033264183], [76.1940231323245, 24.32086944580078], [76.20252227783209, 24.313159942626953], [76.2062301635745, 24.310920715331974], [76.20498657226568, 24.3057098388673], [76.19908905029303, 24.29730033874523], [76.19560241699236, 24.290098190307617], [76.19465637207048, 24.284799575805778], [76.20218658447277, 24.276750564575252], [76.2043762207033, 24.269020080566406], [76.20363616943376, 24.250589370727596], [76.20551300048845, 24.241849899291992], [76.20622253417997, 24.232749938964844], [76.21057128906256, 24.222841262817326], [76.21556854248075, 24.216808319091797], [76.21821594238293, 24.21738052368164], [76.2233505249024, 24.22327041625971], [76.23612213134771, 24.223880767822266], [76.240463256836, 24.22618103027355], [76.24767303466814, 24.227920532226676], [76.25180816650419, 24.22481918334961], [76.26538085937494, 24.221549987793026], [76.27639770507841, 24.216510772705305], [76.28277587890642, 24.21571159362793], [76.28716278076189, 24.21825027465826], [76.28884124755854, 24.225570678711165], [76.28964996337908, 24.237030029296932], [76.29392242431646, 24.24067115783697], [76.30287170410162, 24.244430541992244], [76.31012725830084, 24.24638938903803], [76.3178787231447, 24.251131057739258], [76.32689666748053, 24.253618240356445], [76.33499145507807, 24.253969192504883], [76.34417724609392, 24.251899719238338], [76.35299682617193, 24.24891090393072], [76.35829925537126, 24.24607086181635], [76.36120605468756, 24.244489669799748], [76.36518859863298, 24.241310119628906], [76.37351989746088, 24.23769950866705], [76.39124298095732, 24.225610733032454], [76.40009307861345, 24.222789764404354], [76.41179656982428, 24.209550857543945], [76.41443634033209, 24.20742034912115], [76.41873168945307, 24.208339691162223], [76.42253112792997, 24.214220046997184], [76.42172241210949, 24.220670700073242], [76.41813659667997, 24.224359512329045], [76.42360687255865, 24.226949691772404], [76.4294509887697, 24.227060317993164], [76.43601226806646, 24.225000381469727], [76.44184112548845, 24.221889495849723], [76.44742584228521, 24.217741012573356], [76.45324707031244, 24.216821670532283], [76.4586257934572, 24.22085952758789], [76.46102142333996, 24.225410461425895], [76.46343231201178, 24.228919982910156], [76.46994781494146, 24.231399536132812], [76.47457122802763, 24.228702545166072], [76.47941589355486, 24.217510223388786], [76.48442077636724, 24.215040206909237], [76.49693298339838, 24.212039947509766], [76.50180053710943, 24.2090301513673], [76.50538635253906, 24.20546913146984], [76.50836944580072, 24.200231552123967], [76.51048278808594, 24.179029464721793], [76.51333618164057, 24.172861099243107], [76.51737976074236, 24.166578292846907], [76.52319335937511, 24.163179397583008], [76.53143310546903, 24.16346931457531], [76.53578186035168, 24.16421127319336], [76.53985595703125, 24.166749954223746], [76.54596710205078, 24.168010711669922], [76.55475616455095, 24.168220520019645], [76.56250000000028, 24.17242050170904], [76.56632995605497, 24.176450729370117], [76.57266998291016, 24.177299499511776], [76.57972717285156, 24.180679321289062], [76.57698822021496, 24.191310882568416], [76.56980895996094, 24.196289062499943], [76.56696319580095, 24.19715118408226], [76.56577301025419, 24.20079994201666], [76.56727600097685, 24.20691108703619], [76.5714874267581, 24.213478088378906], [76.58586120605486, 24.21956062316906], [76.59255981445318, 24.22387123107916], [76.59738922119152, 24.22991943359375], [76.59665679931669, 24.235282897949276], [76.58747863769543, 24.246049880981502], [76.58802032470709, 24.24955940246582], [76.59324645996088, 24.25089073181175], [76.60047912597685, 24.244979858398438], [76.61046600341814, 24.241489410400618], [76.6139526367188, 24.242179870605526], [76.61634826660156, 24.262840270996037], [76.6233673095706, 24.264608383178768], [76.63008117675781, 24.264709472656364], [76.6348266601562, 24.264059066772518], [76.64006042480474, 24.262319564819393], [76.64222717285185, 24.26624107360834], [76.64245605468744, 24.270111083984375], [76.64724731445312, 24.272409439087028], [76.65821075439459, 24.267812728881836], [76.6682968139649, 24.267381668091048], [76.67082977294933, 24.271009445190373], [76.67874908447283, 24.27063941955572], [76.6847686767581, 24.282690048217773], [76.69296264648466, 24.28504943847662], [76.69491577148432, 24.282310485839787], [76.69330596923834, 24.27404975891119], [76.694808959961, 24.267812728881836], [76.69664764404297, 24.261199951171875], [76.69967651367182, 24.25783920288086], [76.7013702392581, 24.254360198974553], [76.70249938964872, 24.248800277710018], [76.6987609863283, 24.245121002197493], [76.6952362060548, 24.2420711517334], [76.68778228759771, 24.232450485229606], [76.68488311767584, 24.224832534790096], [76.67678070068388, 24.21054077148449], [76.67420959472662, 24.193429946899528], [76.68438720703153, 24.18864059448248], [76.68936920166044, 24.18370819091797], [76.69519042968756, 24.176000595092887], [76.70114135742193, 24.171440124511832], [76.71247863769531, 24.16662979125971], [76.71470642089872, 24.16418266296381], [76.7207107543947, 24.16172027587902], [76.72683715820318, 24.16508293151861], [76.72939300537138, 24.17056083679205], [76.735893249512, 24.171842575073242], [76.74938201904303, 24.17254066467285], [76.75499725341791, 24.17209053039562], [76.75733947753923, 24.169702529907283], [76.75949859619146, 24.165861129760856], [76.76261901855463, 24.16421127319336], [76.76885986328136, 24.16468048095703], [76.77308654785185, 24.158779144287223], [76.77562713623064, 24.15307998657221], [76.79093170166021, 24.125759124755973], [76.79721832275396, 24.121810913086165], [76.80111694335966, 24.120340347290096], [76.81466674804716, 24.126510620117188], [76.82183074951178, 24.12667274475109], [76.82772827148438, 24.125591278076286], [76.83547210693388, 24.13125038146984], [76.84233093261747, 24.132270812988338], [76.84607696533209, 24.136140823364315], [76.85600280761724, 24.138940811157227], [76.86628723144537, 24.138830184936467], [76.87332916259771, 24.139789581298828], [76.8765716552735, 24.13837814331066], [76.87758636474621, 24.134929656982536], [76.88625335693376, 24.13174819946289], [76.89994049072294, 24.13111114501953], [76.90579986572271, 24.153192520141715], [76.911186218262, 24.176900863647518], [76.91487121582048, 24.18337059021019], [76.91613769531278, 24.188720703125], [76.92723846435547, 24.18666076660179], [76.93316650390642, 24.186870574951172], [76.94386291503923, 24.19885063171398], [76.9448318481447, 24.203300476074332], [76.94444274902361, 24.206291198730526], [76.94254302978533, 24.208351135253906], [76.9368515014649, 24.20979118347168], [76.93165588378923, 24.209539413452262], [76.92826080322271, 24.21354103088379], [76.92257690429693, 24.2167911529541], [76.91928863525396, 24.220689773559684], [76.91855621337896, 24.22640037536621], [76.91645050048834, 24.231969833374023], [76.91117095947294, 24.23761177062994], [76.9038925170899, 24.241678237915153], [76.89736175537115, 24.247089385986442], [76.87419891357416, 24.27108955383295], [76.86994171142584, 24.27658271789562], [76.8670501708985, 24.2808513641358], [76.8636093139649, 24.289760589599666], [76.86380004882818, 24.293819427490348], [76.86264038085943, 24.298831939697266], [76.8598022460938, 24.305290222168196], [76.85878753662126, 24.31231117248535], [76.8449096679688, 24.32798194885254], [76.84017944335943, 24.338720321655217], [76.83888244628935, 24.34262275695795], [76.83821105957048, 24.354959487915096], [76.836967468262, 24.360708236694336], [76.83883666992193, 24.364700317382756], [76.84906005859392, 24.368209838867244], [76.85167694091825, 24.370241165161246], [76.85231781005876, 24.374868392944563], [76.84799957275396, 24.378831863403434], [76.85013580322294, 24.38896942138672], [76.84834289550787, 24.396270751953352], [76.84239959716814, 24.408508300781307], [76.83587646484375, 24.41657066345215], [76.83769226074224, 24.418081283569336], [76.84226226806646, 24.41818809509283], [76.84603118896501, 24.419340133667106], [76.84926605224626, 24.425252914428825], [76.85109710693388, 24.43539047241211], [76.85066223144537, 24.437360763549805], [76.84117126464872, 24.442819595336914], [76.83788299560553, 24.450588226318473], [76.83862304687506, 24.454160690307617], [76.84591674804699, 24.453279495239258], [76.8484497070312, 24.458761215210018], [76.84897613525402, 24.464380264282227], [76.85132598876953, 24.469108581543026], [76.85057830810564, 24.473949432373047], [76.84629821777355, 24.47545814514166], [76.84678649902361, 24.487550735473746], [76.84527587890625, 24.49090003967291], [76.84232330322294, 24.493740081787053], [76.83532714843767, 24.49438095092779], [76.83454895019531, 24.498300552368164], [76.82810974121094, 24.510362625122127], [76.81922149658214, 24.5246200561524], [76.81442260742193, 24.529649734497298], [76.81416320800798, 24.532279968261776], [76.81459045410162, 24.53437042236351], [76.81902313232433, 24.536560058593693], [76.82675170898455, 24.5387802124024], [76.83114624023455, 24.54319000244152], [76.83819580078142, 24.548469543457088], [76.84604644775396, 24.55101966857916], [76.85282135009794, 24.55101966857916], [76.86620330810547, 24.54936027526861], [76.8719558715822, 24.545890808105412], [76.8741302490235, 24.54305076599121], [76.87475585937528, 24.540451049804744], [76.87290191650408, 24.532039642334098], [76.87573242187494, 24.526180267333984], [76.87954711914057, 24.52531051635765], [76.88896942138678, 24.52676010131836], [76.89359283447271, 24.535459518432845], [76.89288330078153, 24.539690017700195], [76.8977661132813, 24.543701171875057], [76.89982604980469, 24.547809600830305], [76.90238952636747, 24.547521591186637], [76.91287231445324, 24.54356956481928], [76.91568756103521, 24.540380477905273], [76.91838073730474, 24.53560066223156], [76.91877746582043, 24.529981613159293], [76.9189071655274, 24.524391174316406], [76.91734313964861, 24.516969680786133], [76.91526031494158, 24.511400222778434], [76.9146499633789, 24.487659454345703], [76.9228820800783, 24.480651855468864], [76.9308395385745, 24.476699829101562], [76.93708801269543, 24.47239112854004], [76.94108581542974, 24.467350006103572], [76.95287322998053, 24.463930130004826], [76.96016693115246, 24.460229873657283], [76.96531677246105, 24.460861206054688], [76.97495269775408, 24.464929580688477], [76.97753906250028, 24.471981048583928], [76.97966003417997, 24.474628448486442], [76.99252319335938, 24.47344970703125], [76.99819946289062, 24.475482940673828], [77.0015258789063, 24.4778995513916], [77.00255584716825, 24.483499526977596], [77.00688934326178, 24.487550735473746], [77.0049667358399, 24.48938941955572], [77.00473022460938, 24.49196052551264], [77.0059967041015, 24.493949890136776], [77.00866699218744, 24.49493980407715], [77.0123367309572, 24.49436950683605], [77.01589202880888, 24.49489974975586], [77.02066040039091, 24.497930526733512], [77.02407073974621, 24.50132942199707], [77.02478027343756, 24.517049789428654], [77.02670288085943, 24.521411895751953], [77.02910614013689, 24.523761749267635], [77.0299758911134, 24.527059555053768], [77.03195190429688, 24.528799057006893], [77.03904724121111, 24.526630401611385], [77.05030822753923, 24.526531219482365], [77.05092620849615, 24.537147521972656], [77.0519561767581, 24.54125022888195], [77.05338287353521, 24.54417037963873], [77.0615310668947, 24.554779052734602], [77.06433868408232, 24.564121246337834], [77.06469726562511, 24.569910049438533], [77.06355285644543, 24.585340499877873], [77.05845642089838, 24.5948104858399], [77.0583267211914, 24.60119819641119], [77.06034851074247, 24.606090545654297], [77.06111907958979, 24.610509872436467], [77.06112670898432, 24.624589920043945], [77.060287475586, 24.63770294189453], [77.0594558715822, 24.64241981506359], [77.05414581298834, 24.65410804748535], [77.04894256591814, 24.661310195922965], [77.03701019287115, 24.68275070190424], [77.03491973876959, 24.688560485839787], [77.03450012207037, 24.698469161987305], [77.033462524414, 24.702949523925838], [77.02665710449236, 24.71092033386236], [77.02265167236345, 24.713720321655273], [77.0192489624024, 24.714950561523438], [77.01407623291016, 24.71541976928711], [77.00422668457043, 24.713661193847884], [76.99214172363281, 24.717397689819393], [76.98230743408232, 24.724872589111442], [76.97197723388678, 24.73167037963873], [76.96848297119158, 24.736089706420955], [76.96533203125028, 24.744100570678768], [76.96383666992216, 24.750459671020508], [76.96330261230486, 24.75955009460455], [76.95632171630865, 24.764310836791992], [76.95173645019537, 24.765460968017635], [76.94577789306658, 24.764049530029297], [76.9216918945312, 24.748830795288086], [76.90939331054693, 24.746810913085938], [76.90325927734375, 24.746049880981445], [76.89830780029303, 24.7477703094483], [76.89692687988298, 24.750600814819393], [76.88668823242193, 24.754150390625114], [76.86812591552751, 24.749580383300895], [76.86084747314447, 24.748699188232536], [76.84729766845732, 24.750400543212947], [76.84501647949213, 24.752138137817326], [76.84702301025396, 24.765050888061523], [76.8467407226562, 24.769992828369197], [76.83587646484375, 24.785070419311523], [76.82579040527361, 24.793380737304915], [76.81571960449224, 24.803670883178825], [76.80869293212896, 24.81497955322277], [76.80410766601568, 24.81660079956066], [76.80158233642595, 24.819839477539062], [76.80066680908209, 24.824560165405273], [76.80229187011713, 24.826570510864258], [76.81118774414068, 24.82823944091797], [76.81672668457037, 24.83249855041504], [76.82308197021479, 24.834850311279354], [76.82714080810564, 24.838359832763786], [76.83164978027372, 24.8402423858642], [76.83750152587896, 24.841060638427678], [76.84217834472656, 24.840112686157227], [76.85131072998041, 24.840230941772518], [76.85748291015625, 24.840980529785156], [76.86332702636713, 24.841690063476676], [76.87808990478521, 24.839551925659293], [76.89504241943376, 24.839509963989258], [76.908432006836, 24.845092773437557], [76.91153717041027, 24.84760093688959], [76.91506195068376, 24.848699569702262], [76.9265213012697, 24.849782943725643], [76.93324279785162, 24.853940963745117], [76.94312286376953, 24.86005973815918], [76.94425964355486, 24.8654727935791], [76.94664001464872, 24.868259429931697], [76.9489212036134, 24.872869491577376], [76.94671630859392, 24.874191284179688], [76.94323730468778, 24.874559402465934], [76.94185638427746, 24.87470817565918], [76.9357299804688, 24.878681182861328], [76.93398284912115, 24.884281158447322], [76.92176818847662, 24.88372039794922], [76.91751861572266, 24.884790420532454], [76.91385650634794, 24.887880325317496], [76.91216278076166, 24.89313125610346], [76.91269683837919, 24.89724159240734], [76.91575622558622, 24.901180267333984], [76.92032623291044, 24.904880523681697], [76.92463684082037, 24.910371780395565], [76.92353057861334, 24.914260864257812], [76.92086791992193, 24.916780471801758], [76.90741729736345, 24.923259735107365], [76.89122772216814, 24.91967964172369], [76.89015960693365, 24.923059463500977], [76.89247131347685, 24.92909049987793], [76.89322662353527, 24.935420989990348], [76.87970733642607, 24.945760726928768], [76.87520599365251, 24.950969696044922], [76.87206268310575, 24.954601287841797], [76.87336730957037, 24.95757293701172], [76.87156677246111, 24.9613094329834], [76.86727905273449, 24.96544075012207], [76.86643981933611, 24.97179031372076], [76.8696594238283, 24.991891860961857], [76.86871337890642, 24.997510910034123], [76.86805725097685, 25.001369476318416], [76.85952758789062, 25.00691032409668], [76.85434722900419, 25.010311126708984], [76.8605575561524, 25.010389328003157], [76.86931610107428, 25.011102676391715], [76.87448883056646, 25.013111114501896], [76.87680816650396, 25.016061782837028], [76.87676239013678, 25.018011093139705], [76.8767166137697, 25.019939422607536], [76.8782806396485, 25.025831222534237], [76.88202667236322, 25.034099578857422], [76.90106201171903, 25.034040451050032], [76.90976715087896, 25.03567123413086], [76.9176788330081, 25.040031433105526], [76.92987823486357, 25.041580200195426], [76.95349884033214, 25.048458099365234], [76.96131134033214, 25.05398941040039], [76.96866607666033, 25.05594062805187], [76.97126007080107, 25.060581207275504], [76.97183227539091, 25.066839218139705], [76.97466278076183, 25.07067108154297], [76.98367309570341, 25.077560424804744], [76.99372863769537, 25.079950332641715], [77.00029754638672, 25.079730987548828], [77.00595092773449, 25.078569412231502], [77.01235198974626, 25.074911117553825], [77.01764678955078, 25.072170257568416], [77.02039337158209, 25.07143974304205], [77.02472686767595, 25.071800231933594], [77.02934265136724, 25.071899414062614], [77.03929901123053, 25.06810951232916], [77.04432678222685, 25.065771102905387], [77.05494689941412, 25.063262939453182], [77.06133270263672, 25.06139183044445], [77.06801605224626, 25.05969047546381], [77.0772323608399, 25.0579891204834], [77.08426666259766, 25.062641143798942], [77.0904159545899, 25.066360473632926], [77.1024932861331, 25.06924057006836], [77.11445617675787, 25.069089889526367], [77.1282730102539, 25.089050292968807], [77.14016723632818, 25.096200942993278], [77.1404571533206, 25.090900421142692], [77.15770721435553, 25.08827972412115], [77.16458129882818, 25.09856986999523], [77.16284179687517, 25.109720230102653], [77.16957855224615, 25.113719940185774], [77.18305969238298, 25.11180114746088], [77.18876647949236, 25.11180114746088], [77.19738769531256, 25.116670608520508], [77.20581054687506, 25.112421035766545], [77.22083282470703, 25.110242843627873], [77.24164581298834, 25.112720489501953], [77.26226043701178, 25.119260787963867], [77.27556610107439, 25.11213111877447], [77.28443145751982, 25.10421943664545], [77.29133605957026, 25.094110488891545], [77.29593658447266, 25.087102890014762], [77.30285644531256, 25.08386993408226], [77.30700683593767, 25.085750579834098], [77.30985260009766, 25.08639144897461], [77.31389617919939, 25.087560653686523], [77.32038116455095, 25.09070968627941], [77.32801818847673, 25.093400955200195], [77.33244323730474, 25.09657096862793], [77.34867858886724, 25.097791671753043], [77.35714721679682, 25.101551055908317], [77.36078643798828, 25.104349136352596], [77.36850738525396, 25.108499526977596], [77.36839294433588, 25.114130020141715], [77.37516021728521, 25.116819381714095], [77.3866729736331, 25.12195968627941], [77.39227294921892, 25.11741065979004], [77.39318847656244, 25.115280151367188], [77.39554595947266, 25.111999511718693], [77.39852905273432, 25.11327171325695], [77.39810943603544, 25.11641120910656], [77.3938827514649, 25.123300552368107], [77.3886108398437, 25.127250671386662], [77.38694000244158, 25.132961273193416], [77.3873901367188, 25.138090133666935], [77.38931274414068, 25.151039123535213], [77.38918304443354, 25.15994071960455], [77.38961029052751, 25.168388366699276], [77.39129638671875, 25.174699783325252], [77.39132690429705, 25.1796493530274], [77.39070892333979, 25.18819046020502], [77.40306091308605, 25.186540603637923], [77.40767669677763, 25.190059661865348], [77.41475677490234, 25.18943023681635], [77.41799163818354, 25.193029403686523], [77.41372680664068, 25.19952964782715], [77.41133880615251, 25.206590652465877], [77.40952301025396, 25.212430953979606], [77.4064025878908, 25.226291656494254], [77.4008178710937, 25.22770118713379], [77.39164733886747, 25.23114967346197], [77.38004302978516, 25.24542045593273], [77.3755722045899, 25.249021530151424], [77.37046813964872, 25.25095939636242], [77.36271667480486, 25.25007057189947], [77.36203765869146, 25.255931854248047], [77.36028289794928, 25.260852813720817], [77.35668182373053, 25.265790939331282], [77.349662780762, 25.271770477294922], [77.3600006103515, 25.280220031738224], [77.36302947998075, 25.283758163452262], [77.36672210693376, 25.285400390625], [77.3694686889649, 25.28852844238304], [77.37258911132807, 25.294290542602596], [77.37336730957031, 25.29936981201172], [77.37377166748064, 25.300180435180664], [77.37480163574224, 25.30585098266613], [77.37462615966803, 25.31057167053234], [77.3736419677735, 25.31549263000494], [77.37178802490263, 25.320220947265682], [77.368949890137, 25.324649810791072], [77.3658065795899, 25.328500747680778], [77.36376190185558, 25.333000183105526], [77.3531799316408, 25.332349777221907], [77.3493423461914, 25.32413291931158], [77.33641815185547, 25.325580596923828], [77.34391784667974, 25.33736038208002], [77.35511016845703, 25.3643798828125], [77.35604095459001, 25.367889404296932], [77.3538208007813, 25.369541168213004], [77.35169219970709, 25.372350692749023], [77.3484191894533, 25.37555122375511], [77.34474945068354, 25.37980270385765], [77.34467315673834, 25.38334083557129], [77.34426116943365, 25.38792991638195], [77.34610748291033, 25.39249992370617], [77.34974670410173, 25.39838027954096], [77.35395812988298, 25.403629302978572], [77.35764312744146, 25.409288406372127], [77.361343383789, 25.41296005249029], [77.3543472290039, 25.424022674560604], [77.3437118530274, 25.42243194580101], [77.33706665039074, 25.424751281738395], [77.32923126220709, 25.428571701049748], [77.31690979003906, 25.432840347290153], [77.30529785156267, 25.43641090393072], [77.2955627441408, 25.43169021606451], [77.28298187255876, 25.423589706421012], [77.27295684814459, 25.412002563476676], [77.25995635986334, 25.399459838867188], [77.24964141845709, 25.394910812378157], [77.24415588378912, 25.3896102905274], [77.234672546387, 25.3850612640382], [77.2256469726563, 25.379249572753906], [77.22026062011719, 25.37342834472662], [77.22113037109403, 25.36108016967779], [77.2170181274414, 25.349250793457145], [77.21739959716797, 25.337249755859318], [77.21803283691412, 25.331310272216797], [77.21502685546903, 25.324501037597656], [77.21039581298834, 25.324470520019474], [77.20942687988287, 25.328649520874023], [77.21319580078142, 25.33175086975109], [77.2107009887697, 25.33369064331066], [77.20526123046886, 25.33304977416998], [77.19815826416021, 25.33052062988287], [77.19860076904325, 25.324649810791072], [77.20034790039091, 25.318729400634766], [77.20514678955078, 25.311429977417106], [77.19738769531256, 25.310979843139705], [77.19055175781256, 25.311660766601676], [77.18210601806658, 25.313310623168945], [77.1734085083009, 25.315170288085938], [77.16776275634766, 25.315521240234318], [77.16159057617199, 25.313650131225643], [77.15355682373053, 25.31324958801281], [77.14900207519543, 25.315362930297795], [77.13630676269548, 25.32413291931158], [77.12890625000006, 25.325418472290096], [77.12142181396501, 25.331251144409293], [77.11576843261724, 25.335060119628963], [77.1081161499024, 25.335279464721793], [77.10176849365234, 25.33512115478527], [77.09262847900408, 25.337270736694336], [77.08306121826166, 25.339801788330192], [77.0754699707033, 25.33969116210949], [77.0714263916015, 25.335840225219727], [77.06785583496111, 25.329669952392692], [77.06346130371111, 25.32415008544922], [77.05825805664057, 25.321912765503043], [77.05300140380865, 25.320690155029354], [77.04817962646501, 25.321090698242188], [77.04479217529303, 25.322450637817383], [77.039360046387, 25.32505035400385], [77.03804779052729, 25.31936073303234], [77.03412628173834, 25.31187820434576], [77.02419281005865, 25.30109024047863], [77.01760101318388, 25.3015594482423], [77.01010131835943, 25.30154037475586], [77.00337219238298, 25.30183029174816], [76.99266815185547, 25.30183029174816], [76.95874023437517, 25.297180175781364], [76.95668029785162, 25.2914276123048], [76.95526885986322, 25.284599304199332], [76.9527206420899, 25.278551101684513], [76.94838714599638, 25.276521682739258], [76.94182586669928, 25.275360107421932], [76.93393707275408, 25.275901794433594], [76.92870330810558, 25.279151916503906], [76.93260955810564, 25.287469863891715], [76.92920684814459, 25.297298431396428], [76.9229583740235, 25.301378250122127], [76.9153518676759, 25.308980941772404], [76.90463256835943, 25.317859649658317], [76.89322662353527, 25.32240104675293], [76.88156890869146, 25.322860717773665], [76.87258911132818, 25.324279785156193], [76.86699676513689, 25.325162887573356], [76.85373687744152, 25.329711914062557], [76.84297943115251, 25.330541610717717], [76.83976745605474, 25.32928848266613], [76.833480834961, 25.326850891113338], [76.8261489868164, 25.326980590820312], [76.82174682617182, 25.327060699462834], [76.79527282714861, 25.321821212768555], [76.77282714843756, 25.31591033935547], [76.77009582519548, 25.312191009521484], [76.75984191894537, 25.32267951965332], [76.76225280761719, 25.32798957824707], [76.76584625244169, 25.33204078674322], [76.76669311523438, 25.33296966552757], [76.76673126220709, 25.336231231689453], [76.75872039794928, 25.33869171142601], [76.75372314453125, 25.33934020996105], [76.74040222167974, 25.34778976440441], [76.73204803466808, 25.347879409790096], [76.72229766845709, 25.345920562744254], [76.71454620361357, 25.34243965148937], [76.70321655273443, 25.347610473632812], [76.68107604980474, 25.34547996520996], [76.67278289794916, 25.35003280639654], [76.66483306884783, 25.357509613037166], [76.65750122070341, 25.36144065856928], [76.64360046386713, 25.376398086547795], [76.6362915039063, 25.38033103942871], [76.62549591064453, 25.375110626220646], [76.62262725830072, 25.37675094604515], [76.61915588378935, 25.378730773925838], [76.61686706542997, 25.381612777710075], [76.61487579345709, 25.38410949707037], [76.60957336425787, 25.388309478759766], [76.60585021972656, 25.38866996765148], [76.60254669189464, 25.388980865478572], [76.59905242919928, 25.40530014038086], [76.58896636962896, 25.43148994445812], [76.58297729492205, 25.435691833496094], [76.57425689697271, 25.43667030334467], [76.56427764892578, 25.442401885986442], [76.56066894531267, 25.44985008239769], [76.55959320068365, 25.473260879516715], [76.55632019042974, 25.479810714721737], [76.55066680908214, 25.484308242797965], [76.54669189453153, 25.48968124389654], [76.54210662841825, 25.49743080139183], [76.54016876220714, 25.505739212036133], [76.53787231445318, 25.510208129882926], [76.5345687866211, 25.513500213623274], [76.52854919433622, 25.517709732055778], [76.52259826660162, 25.52429008483898], [76.52030944824224, 25.529930114746094], [76.52246093750028, 25.54146957397461], [76.52220916748053, 25.550359725952376], [76.52027893066412, 25.55690002441429], [76.51634216308622, 25.565530776977766], [76.51239776611328, 25.57179260253912], [76.50978088378912, 25.579820632934627], [76.50985717773466, 25.5872097015382], [76.51579284667997, 25.607009887695312], [76.51473236083984, 25.633678436279354], [76.51077270507818, 25.638168334960994], [76.50538635253906, 25.638219833374023], [76.50076293945312, 25.643302917480696], [76.49942779541016, 25.64834022521984], [76.51080322265636, 25.67283821105957], [76.50779724121088, 25.67612075805664], [76.489067077637, 25.68340110778803], [76.48175811767584, 25.68939971923828], [76.47778320312506, 25.695060729980582], [76.4779129028322, 25.706039428710994], [76.48239135742216, 25.718130111694336], [76.50299835205107, 25.728609085083235], [76.51075744628912, 25.73001289367687], [76.52655029296892, 25.731042861938477], [76.53061676025396, 25.733970642089957], [76.53040313720709, 25.743740081787166], [76.52223968505871, 25.76634025573742], [76.5226593017581, 25.774341583251953], [76.52931213378935, 25.79797172546398], [76.53549194335955, 25.8091716766358], [76.54164886474615, 25.817401885986442], [76.54946136474615, 25.8250408172608], [76.5667800903322, 25.839670181274528], [76.58528137207048, 25.86771965026861], [76.59272766113298, 25.874168395996037], [76.59747314453142, 25.876480102539062], [76.61653137207031, 25.87125015258789], [76.62660217285185, 25.870870590210075], [76.63168334960943, 25.875240325927734], [76.63558959960932, 25.895929336547965], [76.63833618164068, 25.901519775390625], [76.6414184570313, 25.90625], [76.6461257934572, 25.90885162353527], [76.65656280517607, 25.910810470581055], [76.67436218261736, 25.911800384521598], [76.6840591430664, 25.910209655761832], [76.69645690917969, 25.907110214233512], [76.70548248291021, 25.903472900390682], [76.71452331542997, 25.900989532470703], [76.72220611572266, 25.90031051635765], [76.73332977294928, 25.902549743652457], [76.74546813964844, 25.90923118591303], [76.75563049316406, 25.916231155395508], [76.76241302490263, 25.922069549560604], [76.76278686523466, 25.92531013488781], [76.75676727294939, 25.9283504486084], [76.75344848632841, 25.932239532470817], [76.75283050537115, 25.935810089111385], [76.75356292724615, 25.939630508422965], [76.755912780762, 25.941690444946403], [76.76065063476568, 25.942529678344727], [76.77678680419939, 25.939380645751953], [76.7859115600586, 25.94046974182129], [76.79479980468761, 25.94422149658203], [76.80631256103516, 25.95297813415533], [76.81624603271501, 25.9671306610108], [76.8188858032226, 25.971250534057617], [76.81804656982428, 25.984279632568473], [76.81984710693354, 25.988679885864258], [76.8232803344726, 25.992721557617415], [76.82962799072283, 25.995929718017692], [76.83705139160173, 26.002040863037223], [76.84024047851591, 26.011289596557617], [76.8304061889649, 26.029590606689453], [76.83809661865246, 26.036390304565543], [76.84572601318371, 26.040279388427734], [76.8517684936524, 26.043510437011832], [76.85774230957043, 26.048561096191406], [76.86392974853533, 26.05167961120617], [76.87042236328142, 26.056449890136776], [76.87255859375006, 26.064149856567496], [76.87696838378912, 26.07205009460455], [76.88223266601562, 26.078609466552734], [76.88288116455084, 26.086429595947266], [76.88777923584001, 26.093322753906193], [76.89531707763683, 26.09802055358898], [76.90631866455084, 26.10110092163086], [76.91834259033209, 26.102649688720703], [76.92897033691423, 26.102680206299055], [76.93871307373064, 26.106079101562614], [76.94188690185575, 26.108110427856445], [76.95352172851591, 26.115310668945312], [76.96856689453136, 26.12404060363781], [76.98603820800781, 26.132352828979606], [76.99447631835943, 26.13778114318859], [76.99646759033197, 26.147720336914062], [76.9996871948245, 26.15262985229498], [77.0048065185548, 26.159240722656477], [77.00773620605469, 26.160579681396484], [77.01123046875006, 26.165300369262695], [77.02388000488293, 26.176170349121094], [77.03473663330084, 26.181930541992415], [77.04499053955084, 26.184949874877987], [77.05264282226568, 26.186170578002873], [77.05893707275396, 26.18535041809082], [77.06893920898432, 26.18540954589855], [77.08464050292986, 26.187170028686523], [77.0916824340822, 26.1908798217774], [77.0964431762697, 26.195440292358455], [77.09822082519537, 26.20225906372076], [77.1050872802735, 26.20911979675293], [77.10587310791021, 26.219360351562614], [77.10938262939447, 26.225072860717717], [77.11364746093756, 26.231359481811637], [77.12403106689482, 26.23795127868658], [77.12954711914074, 26.239650726318416], [77.14327239990246, 26.238241195678654], [77.15276336669928, 26.23795127868658], [77.15804290771501, 26.23852920532238], [77.16130065917986, 26.242229461669922], [77.16493988037126, 26.2445011138916], [77.1702270507812, 26.244510650634766], [77.17753601074219, 26.23909950256342], [77.18453216552729, 26.23682022094738], [77.19447326660173, 26.23597145080572], [77.203109741211, 26.237400054931754], [77.20838928222656, 26.244239807128906], [77.23784637451178, 26.26272010803234], [77.25144958496122, 26.26703071594244], [77.26703643798834, 26.27617073059082], [77.28994750976574, 26.295591354370174], [77.30816650390642, 26.315000534057674], [77.30847930908232, 26.32155990600586], [77.31179046630876, 26.333829879760742], [77.31804656982416, 26.34638023376459], [77.3240585327149, 26.348102569580078], [77.32704162597673, 26.34724044799816], [77.32937622070318, 26.348102569580078], [77.33467102050798, 26.357231140136776], [77.34665679931635, 26.360380172729492], [77.36025238037126, 26.36952018737793], [77.36624908447277, 26.37151908874523], [77.37889862060547, 26.36383819580078], [77.38288879394526, 26.362409591674748], [77.38585662841803, 26.362422943115234], [77.39451599121122, 26.366701126098576], [77.40184020996094, 26.368692398071346], [77.40782165527355, 26.368980407714844], [77.41546630859403, 26.36811828613287], [77.43242645263683, 26.364999771118164], [77.43676757812506, 26.36814117431652], [77.43942260742193, 26.37298965454113], [77.43972778320307, 26.378690719604492], [77.43373870849615, 26.38753128051752], [77.42640686035173, 26.395509719848576], [77.42542266845697, 26.402059555053825], [77.42771911621088, 26.40690994262718], [77.43405151367205, 26.40920066833496], [77.458999633789, 26.411199569702262], [77.47496795654308, 26.41463088989252], [77.4939270019533, 26.4135799407959], [77.50591278076166, 26.41291046142601], [77.5228805541995, 26.414911270141715], [77.5298690795899, 26.41804122924816], [77.53717803955107, 26.423458099365234], [77.54250335693388, 26.42945098876953], [77.54715728759783, 26.436281204223746], [77.55148315429716, 26.440559387207088], [77.55914306640625, 26.440839767456055], [77.56912994384771, 26.44310951232916], [77.57910156250011, 26.451089859008846], [77.5990829467774, 26.454221725463867], [77.6087417602539, 26.459341049194336], [77.61538696289091, 26.466461181640625], [77.6167373657226, 26.471870422363338], [77.62007141113287, 26.47700119018549], [77.62671661376953, 26.482990264892635], [77.63938140869152, 26.489240646362248], [77.64636993408209, 26.493799209594727], [77.65470123291016, 26.497220993042106], [77.66768646240251, 26.50831031799322], [77.67102813720709, 26.50972938537609], [77.6780090332033, 26.505451202392578], [77.68598937988281, 26.50259017944336], [77.6950302124024, 26.50086975097662], [77.71398162841825, 26.504249572753963], [77.72099304199224, 26.508520126342717], [77.72698211669916, 26.515361785888672], [77.73066711425781, 26.52988052368164], [77.73935699462919, 26.542690277099666], [77.74434661865234, 26.545249938964844], [77.75000000000011, 26.546670913696516], [77.75801849365246, 26.55064964294445], [77.76700592041044, 26.55347824096674], [77.78299713134777, 26.55258941650402], [77.79765319824224, 26.550279617309627], [77.8043060302735, 26.551401138305664], [77.81299591064447, 26.554809570312557], [77.81765747070318, 26.56021118164074], [77.82467651367205, 26.57274055480957], [77.8243865966798, 26.584430694580078], [77.8184204101563, 26.593851089477653], [77.82041168212919, 26.599838256836165], [77.82543182373064, 26.605241775512752], [77.83409881591803, 26.61178016662609], [77.84243774414062, 26.61517906188965], [77.85144042968756, 26.61601066589361], [77.87037658691435, 26.618619918823242], [77.87938690185547, 26.62029075622553], [77.88877868652361, 26.632810592651424], [77.89015197753912, 26.640518188476676], [77.8908767700197, 26.654502868652344], [77.8945770263673, 26.66221046447754], [77.9036026000976, 26.666179656982536], [77.9239120483399, 26.664991378784237], [77.93990325927734, 26.66270828247076], [77.94789123535173, 26.665040969848633], [77.95355987548857, 26.66942024230957], [77.9605331420899, 26.671529769897518], [77.96879577636747, 26.67663955688488], [77.97572326660173, 26.683301925659237], [77.98855590820318, 26.699991226196346], [77.99221801757818, 26.70264053344721], [78.01190185546903, 26.700147628784293], [78.01920318603516, 26.697620391845817], [78.03156280517607, 26.691339492797795], [78.04312133789068, 26.691062927246207], [78.04911041259794, 26.689800262451286], [78.05622100830095, 26.685899734497298], [78.06092834472685, 26.681848526001147], [78.0651168823245, 26.679641723632926], [78.06938934326189, 26.678510665893725], [78.07537078857428, 26.67819023132347], [78.07863616943371, 26.68032073974632], [78.08573913574247, 26.68305015563965], [78.08805847167969, 26.686660766601676], [78.08898925781244, 26.700721740722713], [78.08650970458979, 26.724451065063533], [78.08676147460955, 26.731769561767692], [78.08914947509794, 26.73810958862299], [78.09600067138683, 26.743761062622184], [78.11167907714872, 26.74965095520031], [78.11605834960966, 26.7546195983889], [78.11482238769537, 26.758811950683537], [78.1110458374024, 26.76214027404785], [78.10051727294928, 26.766370773315714], [78.09709167480474, 26.769420623779297], [78.0956802368164, 26.771799087524528], [78.0944213867188, 26.783430099487305], [78.09538269042974, 26.789430618286133], [78.09983062744169, 26.79700851440441], [78.10552215576178, 26.800752639770565], [78.11293029785162, 26.802560806274414], [78.11902618408209, 26.802560806274414], [78.13131713867216, 26.799169540405387], [78.14048004150419, 26.793640136718807], [78.14581298828153, 26.79173088073742], [78.15978240966814, 26.79112052917486], [78.17611694335966, 26.791492462158317], [78.17975616455107, 26.793569564819563], [78.18044281005865, 26.79704093933117], [78.17936706542997, 26.80116081237793], [78.16340637207048, 26.819931030273494], [78.16094970703142, 26.827039718627873], [78.16355133056669, 26.829851150512695], [78.16757202148432, 26.831951141357365], [78.17327880859403, 26.83257102966303], [78.17955780029325, 26.83102035522461], [78.1921005249024, 26.829811096191577], [78.20278930664068, 26.83231925964361], [78.20979309082031, 26.836090087890625], [78.21700286865251, 26.837671279907227], [78.22299194335943, 26.837209701538086], [78.23680114746122, 26.831699371337947], [78.24754333496111, 26.823879241943416], [78.25560760498053, 26.820289611816406], [78.26088714599626, 26.82094955444336], [78.26531219482428, 26.824670791625977], [78.26677703857422, 26.832822799682617], [78.26645660400396, 26.84099960327154], [78.26779174804693, 26.849660873413313], [78.27075195312528, 26.855590820312557], [78.27623748779308, 26.86048126220703], [78.28206634521501, 26.86408805847168], [78.29470062255865, 26.868289947509993], [78.30200958251982, 26.86911964416504], [78.31597900390625, 26.869361877441463], [78.32375335693388, 26.868640899658203], [78.34120178222673, 26.873950958251953], [78.35135650634771, 26.87437057495123], [78.36250305175776, 26.871330261230582], [78.36464691162126, 26.86884117126465]]]}}